service_date,day_type,bus,rail_boardings,total_rides,year,month,day_of_week,period,day_of_year,lag_1,lag_7,lag_30,rolling_7,rolling_30
2001-01-31,W,999392,610508,1609900,2001,1,2,Before 2020,31,607858.0,606835.0,126455.0,493024.71428571426,470060.86666666664
2001-02-01,W,1054608,615268,1669876,2001,2,3,Before 2020,32,610508.0,609877.0,501952.0,493549.4285714286,486195.9666666667
2001-02-02,W,966701,577767,1544468,2001,2,4,Before 2020,33,615268.0,597039.0,536432.0,494319.5714285714,489973.1666666667
2001-02-03,A,611703,263612,875315,2001,2,5,Before 2020,34,577767.0,268078.0,550011.0,491566.4285714286,491351.0
2001-02-04,U,404212,178398,582610,2001,2,6,Before 2020,35,263612.0,174434.0,557917.0,490928.4285714286,481804.36666666664
2001-02-05,W,1045944,600588,1646532,2001,2,0,Before 2020,36,178398.0,587052.0,255356.0,491494.71428571426,469153.73333333334
2001-02-06,W,1039393,612435,1651828,2001,2,1,Before 2020,37,600588.0,607858.0,169825.0,493428.4285714286,480661.4666666667
2001-02-07,W,1015059,609022,1624081,2001,2,2,Before 2020,38,612435.0,610508.0,590706.0,494082.28571428574,495415.13333333336
2001-02-08,W,1007760,610237,1617997,2001,2,3,Before 2020,39,609022.0,615268.0,599905.0,493870.0,496025.6666666667
2001-02-09,W,970826,593354,1564180,2001,2,4,Before 2020,40,610237.0,577767.0,602052.0,493151.28571428574,496370.06666666665
2001-02-10,A,605404,271313,876717,2001,2,5,Before 2020,41,593354.0,263612.0,607503.0,495378.0,496080.13333333336
2001-02-11,U,405433,178810,584243,2001,2,6,Before 2020,42,271313.0,178398.0,605252.0,496478.14285714284,484873.8
2001-02-12,W,872330,539393,1411723,2001,2,0,Before 2020,43,178810.0,600588.0,270056.0,496537.0,470659.06666666665
2001-02-13,W,1050834,622753,1673587,2001,2,1,Before 2020,44,539393.0,612435.0,174842.0,487794.85714285716,479636.9666666667
2001-02-14,W,1004304,610966,1615270,2001,2,2,Before 2020,45,622753.0,609022.0,412149.0,489268.85714285716,494567.3333333333
2001-02-15,W,1028938,613323,1642261,2001,2,3,Before 2020,46,610966.0,610237.0,622163.0,489546.5714285714,501194.56666666665
2001-02-16,W,1033040,601418,1634458,2001,2,4,Before 2020,47,613323.0,593354.0,620343.0,489987.4285714286,500899.9
2001-02-17,A,591717,269294,861011,2001,2,5,Before 2020,48,601418.0,271313.0,618832.0,491139.4285714286,500269.06666666665
2001-02-18,U,388788,176855,565643,2001,2,6,Before 2020,49,269294.0,178810.0,583851.0,490851.0,488617.8
2001-02-19,W,782447,457891,1240338,2001,2,0,Before 2020,50,176855.0,539393.0,263815.0,490571.71428571426,475051.26666666666
2001-02-20,W,1035400,610284,1645684,2001,2,1,Before 2020,51,457891.0,622753.0,172107.0,478928.5714285714,481520.4666666667
2001-02-21,W,986212,600133,1586345,2001,2,2,Before 2020,52,610284.0,610966.0,598777.0,477147.28571428574,496126.36666666664
2001-02-22,W,986399,606302,1592701,2001,2,3,Before 2020,53,600133.0,613323.0,610352.0,475599.71428571426,496171.56666666665
2001-02-23,W,1024235,602352,1626587,2001,2,4,Before 2020,54,606302.0,601418.0,606835.0,474596.71428571426,496036.56666666665
2001-02-24,A,505193,246795,751988,2001,2,5,Before 2020,55,602352.0,269294.0,609877.0,474730.14285714284,495887.13333333336
2001-02-25,U,351637,172132,523769,2001,2,6,Before 2020,56,246795.0,176855.0,597039.0,471516.0,483784.4
2001-02-26,W,1009329,609256,1618585,2001,2,0,Before 2020,57,172132.0,457891.0,268078.0,470841.28571428574,469620.8333333333
2001-02-27,W,1000630,609305,1609935,2001,2,1,Before 2020,58,609256.0,610284.0,174434.0,492464.85714285716,480993.43333333335
2001-02-28,W,990416,610013,1600429,2001,2,2,Before 2020,59,609305.0,600133.0,587052.0,492325.0,495489.13333333336
2001-03-01,W,1051889,618440,1670329,2001,3,3,Before 2020,60,610013.0,606302.0,607858.0,493736.4285714286,496254.5
2001-03-02,W,1062234,611578,1673812,2001,3,4,Before 2020,61,618440.0,602352.0,610508.0,495470.4285714286,496607.23333333334
2001-03-03,A,678870,286786,965656,2001,3,5,Before 2020,62,611578.0,246795.0,615268.0,496788.4285714286,496642.9
2001-03-04,U,385978,178292,564270,2001,3,6,Before 2020,63,286786.0,172132.0,577767.0,502501.4285714286,485693.5
2001-03-05,W,863086,549759,1412845,2001,3,0,Before 2020,64,178292.0,609256.0,263612.0,503381.4285714286,472377.6666666667
2001-03-06,W,1013530,603561,1617091,2001,3,1,Before 2020,65,549759.0,609305.0,178398.0,494881.85714285716,481915.9
2001-03-07,W,1028462,616666,1645128,2001,3,2,Before 2020,66,603561.0,610013.0,600588.0,494061.28571428574,496088.0
2001-03-08,W,1000946,611371,1612317,2001,3,3,Before 2020,67,616666.0,618440.0,612435.0,495011.71428571426,496623.93333333335
2001-03-09,W,1038368,606672,1645040,2001,3,4,Before 2020,68,611371.0,611578.0,609022.0,494001.85714285716,496588.4666666667
2001-03-10,A,633472,283251,916723,2001,3,5,Before 2020,69,606672.0,286786.0,610237.0,493301.0,496510.13333333336
2001-03-11,U,410081,188228,598309,2001,3,6,Before 2020,70,283251.0,178292.0,593354.0,492796.0,485610.6
2001-03-12,W,979411,588857,1568268,2001,3,0,Before 2020,71,188228.0,549759.0,271313.0,494215.4285714286,472106.4
2001-03-13,W,1017685,611347,1629032,2001,3,1,Before 2020,72,588857.0,603561.0,178810.0,499800.85714285716,482691.2
2001-03-14,W,1025283,619417,1644700,2001,3,2,Before 2020,73,611347.0,616666.0,539393.0,500913.14285714284,497109.1
2001-03-15,W,960667,596612,1557279,2001,3,3,Before 2020,74,619417.0,611371.0,622753.0,501306.14285714284,499776.56666666665
2001-03-16,W,923613,583359,1506972,2001,3,4,Before 2020,75,596612.0,606672.0,610966.0,499197.71428571426,498905.2
2001-03-17,A,602158,343893,946051,2001,3,5,Before 2020,76,583359.0,283251.0,613323.0,495867.28571428574,497984.9666666667
2001-03-18,U,412146,194257,606403,2001,3,6,Before 2020,77,343893.0,188228.0,601418.0,504530.4285714286,489003.9666666667
2001-03-19,W,1021700,602469,1624169,2001,3,0,Before 2020,78,194257.0,588857.0,269294.0,505391.71428571426,475431.93333333335
2001-03-20,W,1034388,618340,1652728,2001,3,1,Before 2020,79,602469.0,611347.0,176855.0,507336.28571428574,486537.76666666666
2001-03-21,W,1029332,616764,1646096,2001,3,2,Before 2020,80,618340.0,619417.0,457891.0,508335.28571428574,501253.93333333335
2001-03-22,W,1030741,617815,1648556,2001,3,3,Before 2020,81,616764.0,596612.0,610284.0,507956.28571428574,506549.7
2001-03-23,W,1030685,605605,1636290,2001,3,4,Before 2020,82,617815.0,583359.0,600133.0,510985.28571428574,506800.73333333334
2001-03-24,A,604139,277028,881167,2001,3,5,Before 2020,83,605605.0,343893.0,606302.0,514163.28571428574,506983.13333333336
2001-03-25,U,348817,170742,519559,2001,3,6,Before 2020,84,277028.0,194257.0,602352.0,504611.14285714284,496007.3333333333
2001-03-26,W,989316,583176,1572492,2001,3,0,Before 2020,85,170742.0,602469.0,246795.0,501251.85714285716,481620.3333333333
2001-03-27,W,1017904,600914,1618818,2001,3,1,Before 2020,86,583176.0,618340.0,172132.0,498495.71428571426,492833.0333333333
2001-03-28,W,1007699,601999,1609698,2001,3,2,Before 2020,87,600914.0,616764.0,609256.0,496006.28571428574,507125.76666666666
2001-03-29,W,1020098,605027,1625125,2001,3,3,Before 2020,88,601999.0,617815.0,609305.0,493897.0,506883.86666666664
2001-03-30,W,978244,590403,1568647,2001,3,4,Before 2020,89,605027.0,605605.0,610013.0,492070.14285714284,506741.26666666666
2001-03-31,A,626223,280950,907173,2001,3,5,Before 2020,90,590403.0,277028.0,618440.0,489898.4285714286,506087.6
2001-04-01,U,417716,192717,610433,2001,4,6,Before 2020,91,280950.0,170742.0,611578.0,490458.71428571426,494837.93333333335
2001-04-02,W,1023629,611098,1634727,2001,4,0,Before 2020,92,192717.0,583176.0,286786.0,493598.0,480875.9
2001-04-03,W,1057275,613993,1671268,2001,4,1,Before 2020,93,611098.0,600914.0,178292.0,497586.85714285716,491686.3
2001-04-04,W,1047634,625348,1672982,2001,4,2,Before 2020,94,613993.0,601999.0,549759.0,499455.28571428574,506209.6666666667
2001-04-05,W,973118,606535,1579653,2001,4,3,Before 2020,95,625348.0,605027.0,603561.0,502790.85714285716,508729.3
2001-04-06,W,1015046,611352,1626398,2001,4,4,Before 2020,96,606535.0,590403.0,616666.0,503006.28571428574,508828.43333333335
2001-04-07,A,642265,297971,940236,2001,4,5,Before 2020,97,611352.0,280950.0,611371.0,505999.0,508651.3
2001-04-08,U,437035,200720,637755,2001,4,6,Before 2020,98,297971.0,192717.0,606672.0,508430.5714285714,498204.63333333336
2001-04-09,W,998290,596418,1594708,2001,4,0,Before 2020,99,200720.0,611098.0,283251.0,509573.85714285716,484672.9
2001-04-10,W,1024817,613311,1638128,2001,4,1,Before 2020,100,596418.0,613993.0,188228.0,507476.71428571426,495111.8
2001-04-11,W,985906,606764,1592670,2001,4,2,Before 2020,101,613311.0,625348.0,588857.0,507379.28571428574,509281.23333333334
2001-04-12,W,991795,608691,1600486,2001,4,3,Before 2020,102,606764.0,606535.0,611347.0,504724.4285714286,509878.13333333336
2001-04-13,W,865706,527116,1392822,2001,4,4,Before 2020,103,608691.0,611352.0,619417.0,505032.4285714286,509789.6
2001-04-14,A,628526,279728,908254,2001,4,5,Before 2020,104,527116.0,297971.0,596612.0,492998.71428571426,506712.9
2001-04-15,U,364972,163191,528163,2001,4,6,Before 2020,105,279728.0,200720.0,583359.0,490392.5714285714,496150.1
2001-04-16,W,859713,564614,1424327,2001,4,0,Before 2020,106,163191.0,596418.0,343893.0,485031.28571428574,482144.5
2001-04-17,W,877834,583859,1461693,2001,4,1,Before 2020,107,564614.0,613311.0,194257.0,480487.85714285716,489501.86666666664
2001-04-18,W,907539,599600,1507139,2001,4,2,Before 2020,108,583859.0,606764.0,602469.0,476280.4285714286,502488.6
2001-04-19,W,917518,596505,1514023,2001,4,3,Before 2020,109,599600.0,608691.0,618340.0,475257.0,502392.9666666667
2001-04-20,W,922082,590659,1512741,2001,4,4,Before 2020,110,596505.0,527116.0,616764.0,473516.14285714284,501665.13333333336
2001-04-21,A,603039,293701,896740,2001,4,5,Before 2020,111,590659.0,279728.0,617815.0,482593.71428571426,500794.9666666667
2001-04-22,U,384255,185526,569781,2001,4,6,Before 2020,112,293701.0,163191.0,605605.0,484589.85714285716,489991.1666666667
2001-04-23,W,979788,590446,1570234,2001,4,0,Before 2020,113,185526.0,564614.0,277028.0,487780.5714285714,475988.5333333333
2001-04-24,W,1031150,618513,1649663,2001,4,1,Before 2020,114,590446.0,583859.0,170742.0,491470.85714285716,486435.8
2001-04-25,W,977794,609447,1587241,2001,4,2,Before 2020,115,618513.0,599600.0,583176.0,496421.4285714286,501361.5
2001-04-26,W,1028140,624617,1652757,2001,4,3,Before 2020,116,609447.0,596505.0,600914.0,497828.14285714284,502237.2
2001-04-27,W,1034472,610723,1645195,2001,4,4,Before 2020,117,624617.0,590659.0,601999.0,501844.14285714284,503027.3
2001-04-28,A,624970,289747,914717,2001,4,5,Before 2020,118,610723.0,293701.0,605027.0,504710.4285714286,503318.1
2001-04-29,U,423377,200002,623379,2001,4,6,Before 2020,119,289747.0,185526.0,590403.0,504145.5714285714,492808.76666666666
2001-04-30,W,1008390,600424,1608814,2001,4,0,Before 2020,120,200002.0,590446.0,280950.0,506213.5714285714,479795.4
2001-05-01,W,1067496,632996,1700492,2001,5,1,Before 2020,121,600424.0,618513.0,192717.0,507639.0,490444.5333333333
2001-05-02,W,1034088,627894,1661982,2001,5,2,Before 2020,122,632996.0,609447.0,611098.0,509708.0,505120.5
2001-05-03,W,1065048,634792,1699840,2001,5,3,Before 2020,123,627894.0,624617.0,613993.0,512343.28571428574,505680.36666666664
2001-05-04,W,1046692,621087,1667779,2001,5,4,Before 2020,124,634792.0,610723.0,625348.0,513796.85714285716,506373.6666666667
2001-05-05,A,637957,307025,944982,2001,5,5,Before 2020,125,621087.0,289747.0,606535.0,515277.4285714286,506231.63333333336
2001-05-06,U,417760,206450,624210,2001,5,6,Before 2020,126,307025.0,200002.0,611352.0,517745.71428571426,496247.9666666667
2001-05-07,W,1007381,598338,1605719,2001,5,0,Before 2020,127,206450.0,600424.0,297971.0,518666.85714285716,482751.23333333334
2001-05-08,W,1044379,621604,1665983,2001,5,1,Before 2020,128,598338.0,632996.0,200720.0,518368.85714285716,492763.4666666667
2001-05-09,W,1041324,619928,1661252,2001,5,2,Before 2020,129,621604.0,627894.0,596418.0,516741.4285714286,506792.93333333335
2001-05-10,W,1018705,614067,1632772,2001,5,3,Before 2020,130,619928.0,634792.0,613311.0,515603.4285714286,507576.6
2001-05-11,W,1004068,600295,1604363,2001,5,4,Before 2020,131,614067.0,621087.0,606764.0,512642.71428571426,507601.8
2001-05-12,A,649008,289167,938175,2001,5,5,Before 2020,132,600295.0,307025.0,608691.0,509672.4285714286,507386.1666666667
2001-05-13,U,422270,200996,623266,2001,5,6,Before 2020,133,289167.0,206450.0,527116.0,507121.28571428574,496735.36666666664
2001-05-14,W,963027,581644,1544671,2001,5,0,Before 2020,134,200996.0,598338.0,279728.0,506342.14285714284,485864.7
2001-05-15,W,1035512,633053,1668565,2001,5,1,Before 2020,135,581644.0,621604.0,163191.0,503957.28571428574,495928.56666666665
2001-05-16,W,995884,627978,1623862,2001,5,2,Before 2020,136,633053.0,619928.0,564614.0,505592.85714285716,511590.63333333336
2001-05-17,W,1006118,628882,1635000,2001,5,3,Before 2020,137,627978.0,614067.0,583859.0,506742.85714285716,513702.76666666666
2001-05-18,W,1027834,628829,1656663,2001,5,4,Before 2020,138,628882.0,600295.0,599600.0,508859.28571428574,515203.5333333333
2001-05-19,A,645603,315487,961090,2001,5,5,Before 2020,139,628829.0,289167.0,596505.0,512935.5714285714,516177.8333333333
2001-05-20,U,427040,217899,644939,2001,5,6,Before 2020,140,315487.0,200996.0,590659.0,516695.5714285714,506810.56666666665
2001-05-21,W,958236,590204,1548440,2001,5,0,Before 2020,141,217899.0,581644.0,293701.0,519110.28571428574,494385.23333333334
2001-05-22,W,1019568,637152,1656720,2001,5,1,Before 2020,142,590204.0,633053.0,185526.0,520333.14285714284,504268.6666666667
2001-05-23,W,978614,619656,1598270,2001,5,2,Before 2020,143,637152.0,627978.0,590446.0,520918.71428571426,519322.86666666664
2001-05-24,W,973423,615727,1589150,2001,5,3,Before 2020,144,619656.0,628882.0,618513.0,519729.85714285716,520296.5333333333
2001-05-25,W,988982,597892,1586874,2001,5,4,Before 2020,145,615727.0,628829.0,609447.0,517850.5714285714,520203.6666666667
2001-05-26,A,512958,269276,782234,2001,5,5,Before 2020,146,597892.0,315487.0,624617.0,513431.0,519818.5
2001-05-27,U,390535,208208,598743,2001,5,6,Before 2020,147,269276.0,217899.0,610723.0,506829.4285714286,507973.8
2001-05-28,U,392906,191639,584545,2001,5,0,Before 2020,148,208208.0,590204.0,289747.0,505445.0,494556.63333333336
2001-05-29,W,1003029,595375,1598404,2001,5,1,Before 2020,149,191639.0,637152.0,200002.0,448507.14285714284,491286.36666666664
2001-05-30,W,1002940,607442,1610382,2001,5,2,Before 2020,150,595375.0,619656.0,600424.0,442539.0,504465.4666666667
2001-05-31,W,965359,602748,1568107,2001,5,3,Before 2020,151,607442.0,615727.0,632996.0,440794.14285714284,504699.4
2001-06-01,W,1057056,611631,1668687,2001,6,4,Before 2020,152,602748.0,597892.0,627894.0,438940.0,503691.13333333336
2001-06-02,A,618944,282212,901156,2001,6,5,Before 2020,153,611631.0,269276.0,634792.0,440902.71428571426,503149.0333333333
2001-06-03,U,432408,204795,637203,2001,6,6,Before 2020,154,282212.0,208208.0,621087.0,442750.71428571426,491396.36666666664
2001-06-04,W,1029447,599699,1629146,2001,6,0,Before 2020,155,204795.0,191639.0,307025.0,442263.14285714284,477519.9666666667
2001-06-05,W,935443,606051,1541494,2001,6,1,Before 2020,156,599699.0,595375.0,206450.0,500557.4285714286,487275.76666666666
2001-06-06,W,1004243,627572,1631815,2001,6,2,Before 2020,157,606051.0,607442.0,598338.0,502082.5714285714,500595.8
2001-06-07,W,1004748,646177,1650925,2001,6,3,Before 2020,158,627572.0,602748.0,621604.0,504958.28571428574,501570.26666666666
2001-06-08,W,1012502,642049,1654551,2001,6,4,Before 2020,159,646177.0,611631.0,619928.0,511162.4285714286,502389.36666666664
2001-06-09,A,639444,358013,997457,2001,6,5,Before 2020,160,642049.0,282212.0,614067.0,515507.85714285716,503126.73333333334
2001-06-10,U,438393,242257,680650,2001,6,6,Before 2020,161,358013.0,204795.0,600295.0,526336.5714285715,494591.6
2001-06-11,W,910186,586260,1496446,2001,6,0,Before 2020,162,242257.0,599699.0,289167.0,531688.2857142857,482657.0
2001-06-12,W,946314,605737,1552051,2001,6,1,Before 2020,163,586260.0,606051.0,200996.0,529768.4285714285,492560.1
2001-06-13,W,911372,599114,1510486,2001,6,2,Before 2020,164,605737.0,627572.0,581644.0,529723.5714285715,506051.4666666667
2001-06-14,W,891710,602538,1494248,2001,6,3,Before 2020,165,599114.0,646177.0,633053.0,525658.1428571428,506633.8
2001-06-15,W,912712,612983,1525695,2001,6,4,Before 2020,166,602538.0,642049.0,627978.0,519424.0,505616.63333333336
2001-06-16,A,675335,340782,1016117,2001,6,5,Before 2020,167,612983.0,358013.0,628882.0,515271.71428571426,505116.8
2001-06-17,U,422714,237483,660197,2001,6,6,Before 2020,168,340782.0,242257.0,628829.0,512810.14285714284,495513.4666666667
2001-06-18,W,909937,590688,1500625,2001,6,0,Before 2020,169,237483.0,586260.0,315487.0,512128.14285714284,482468.6
2001-06-19,W,944122,613028,1557150,2001,6,1,Before 2020,170,590688.0,605737.0,217899.0,512760.71428571426,491641.9666666667
2001-06-20,W,939471,612707,1552178,2001,6,2,Before 2020,171,613028.0,599114.0,590204.0,513802.28571428574,504812.93333333335
2001-06-21,W,900375,596076,1496451,2001,6,3,Before 2020,172,612707.0,602538.0,637152.0,515744.14285714284,505563.0333333333
2001-06-22,W,957514,626565,1584079,2001,6,4,Before 2020,173,596076.0,612983.0,619656.0,514821.0,504193.8333333333
2001-06-23,A,631716,328467,960183,2001,6,5,Before 2020,174,626565.0,340782.0,615727.0,516761.28571428574,504424.13333333336
2001-06-24,U,443240,281620,724860,2001,6,6,Before 2020,175,328467.0,237483.0,597892.0,515002.0,494848.8
2001-06-25,W,947130,621006,1568136,2001,6,0,Before 2020,176,281620.0,590688.0,269276.0,521307.28571428574,484306.4
2001-06-26,W,944301,635326,1579627,2001,6,1,Before 2020,177,621006.0,613028.0,208208.0,525638.4285714285,496030.73333333334
2001-06-27,W,944274,634994,1579268,2001,6,2,Before 2020,178,635326.0,612707.0,191639.0,528823.8571428572,510268.0
2001-06-28,W,942731,611002,1553733,2001,6,3,Before 2020,179,634994.0,596076.0,595375.0,532007.7142857143,525046.5
2001-06-29,W,996694,666587,1663281,2001,6,4,Before 2020,180,611002.0,626565.0,607442.0,534140.0,525567.4
2001-06-30,A,649995,363078,1013073,2001,6,5,Before 2020,181,666587.0,328467.0,602748.0,539857.4285714285,527538.9
2001-07-01,U,435317,271052,706369,2001,7,6,Before 2020,182,363078.0,281620.0,611631.0,544801.8571428572,519549.9
2001-07-02,W,958879,627767,1586646,2001,7,0,Before 2020,183,271052.0,621006.0,282212.0,543292.1428571428,508197.26666666666
2001-07-03,W,990209,827670,1817879,2001,7,1,Before 2020,184,627767.0,635326.0,204795.0,544258.0,519715.76666666666
2001-07-04,U,461383,306172,767555,2001,7,2,Before 2020,185,827670.0,634994.0,599699.0,571735.7142857143,540478.2666666667
2001-07-05,W,918500,606574,1525074,2001,7,3,Before 2020,186,306172.0,611002.0,606051.0,524761.1428571428,530694.0333333333
2001-07-06,W,958011,643965,1601976,2001,7,4,Before 2020,187,606574.0,666587.0,627572.0,524128.5714285714,530711.4666666667
2001-07-07,A,599172,347374,946546,2001,7,5,Before 2020,188,643965.0,363078.0,646177.0,520896.85714285716,531257.9
2001-07-08,U,439513,256208,695721,2001,7,6,Before 2020,189,347374.0,271052.0,642049.0,518653.4285714286,521297.8
2001-07-09,W,935542,597633,1533175,2001,7,0,Before 2020,190,256208.0,627767.0,358013.0,516532.85714285716,508436.43333333335
2001-07-10,W,937066,610069,1547135,2001,7,1,Before 2020,191,597633.0,827670.0,242257.0,512228.0,516423.76666666666
2001-07-11,W,960775,614294,1575069,2001,7,2,Before 2020,192,610069.0,306172.0,586260.0,481142.14285714284,528684.1666666666
2001-07-12,W,949551,636236,1585787,2001,7,3,Before 2020,193,614294.0,606574.0,605737.0,525159.5714285715,529618.6333333333
2001-07-13,W,957097,641244,1598341,2001,7,4,Before 2020,194,636236.0,643965.0,599114.0,529397.0,530635.2666666667
2001-07-14,A,629660,333365,963025,2001,7,5,Before 2020,195,641244.0,347374.0,602538.0,529008.2857142857,532039.6
2001-07-15,U,420137,241827,661964,2001,7,6,Before 2020,196,333365.0,256208.0,612983.0,527007.0,523067.1666666667
2001-07-16,W,880246,623660,1503906,2001,7,0,Before 2020,197,241827.0,597633.0,340782.0,524952.5714285715,510695.3
2001-07-17,W,920250,625940,1546190,2001,7,1,Before 2020,198,623660.0,610069.0,237483.0,528670.7142857143,520124.56666666665
2001-07-18,W,935427,612765,1548192,2001,7,2,Before 2020,199,625940.0,614294.0,590688.0,530938.0,533073.1333333333
2001-07-19,W,949691,618451,1568142,2001,7,3,Before 2020,200,612765.0,636236.0,613028.0,530719.5714285715,533809.0333333333
2001-07-20,W,937942,610617,1548559,2001,7,4,Before 2020,201,618451.0,641244.0,612707.0,528178.8571428572,533989.8
2001-07-21,A,593545,305457,899002,2001,7,5,Before 2020,202,610617.0,333365.0,596076.0,523803.5714285714,533920.1333333333
2001-07-22,U,379766,200473,580239,2001,7,6,Before 2020,203,305457.0,241827.0,626565.0,519816.71428571426,524232.8333333333
2001-07-23,W,854318,574685,1429003,2001,7,0,Before 2020,204,200473.0,623660.0,328467.0,513909.0,510029.76666666666
2001-07-24,W,939133,630753,1569886,2001,7,1,Before 2020,205,574685.0,625940.0,281620.0,506912.5714285714,518237.0333333333
2001-07-25,W,874776,612547,1487323,2001,7,2,Before 2020,206,630753.0,612765.0,621006.0,507600.14285714284,529874.8
2001-07-26,W,954848,636674,1591522,2001,7,3,Before 2020,207,612547.0,618451.0,635326.0,507569.0,529592.8333333334
2001-07-27,W,933625,634484,1568109,2001,7,4,Before 2020,208,636674.0,610617.0,634994.0,510172.28571428574,529637.7666666667
2001-07-28,A,607195,357848,965043,2001,7,5,Before 2020,209,634484.0,305457.0,611002.0,513581.85714285716,529620.7666666667
2001-07-29,U,432534,236416,668950,2001,7,6,Before 2020,210,357848.0,200473.0,666587.0,521066.28571428574,521182.3
2001-07-30,W,908372,586076,1494448,2001,7,0,Before 2020,211,236416.0,574685.0,363078.0,526201.0,506843.26666666666
2001-07-31,W,884617,596502,1481119,2001,7,1,Before 2020,212,586076.0,630753.0,271052.0,527828.2857142857,514276.5333333333
2001-08-01,W,873553,612734,1486287,2001,8,2,Before 2020,213,596502.0,612547.0,627767.0,522935.28571428574,525124.8666666667
2001-08-02,W,790639,549367,1340006,2001,8,3,Before 2020,214,612734.0,636674.0,827670.0,522962.0,524623.7666666667
2001-08-03,W,984483,603405,1587888,2001,8,4,Before 2020,215,549367.0,634484.0,306172.0,510489.5714285714,515347.0
2001-08-04,A,648406,319386,967792,2001,8,5,Before 2020,216,603405.0,357848.0,606574.0,506049.71428571426,525254.7666666667
2001-08-05,U,453344,225172,678516,2001,8,6,Before 2020,217,319386.0,236416.0,643965.0,500555.14285714284,515681.8333333333
2001-08-06,W,907499,585919,1493418,2001,8,0,Before 2020,218,225172.0,586076.0,347374.0,498948.85714285716,501722.06666666665
2001-08-07,W,875431,610601,1486032,2001,8,1,Before 2020,219,585919.0,596502.0,256208.0,498926.4285714286,509673.56666666665
2001-08-08,W,854367,596163,1450530,2001,8,2,Before 2020,220,610601.0,612734.0,597633.0,500940.5714285714,521486.6666666667
2001-08-09,W,846305,602242,1448547,2001,8,3,Before 2020,221,596163.0,549367.0,610069.0,498573.28571428574,521437.6666666667
2001-08-10,W,946431,626136,1572567,2001,8,4,Before 2020,222,602242.0,603405.0,614294.0,506126.85714285716,521176.76666666666
2001-08-11,A,607614,323141,930755,2001,8,5,Before 2020,223,626136.0,319386.0,636236.0,509374.14285714284,521571.5
2001-08-12,U,420182,234020,654202,2001,8,6,Before 2020,224,323141.0,225172.0,641244.0,509910.5714285714,511135.0
2001-08-13,W,892382,571719,1464101,2001,8,0,Before 2020,225,234020.0,585919.0,333365.0,511174.5714285714,497560.86666666664
2001-08-14,W,866757,598019,1464776,2001,8,1,Before 2020,226,571719.0,610601.0,241827.0,509146.0,505506.0
2001-08-15,W,878793,584203,1462996,2001,8,2,Before 2020,227,598019.0,596163.0,623660.0,507348.5714285714,517379.06666666665
2001-08-16,W,800887,581402,1382289,2001,8,3,Before 2020,228,584203.0,602242.0,625940.0,505640.0,516063.8333333333
2001-08-17,W,929083,598538,1527621,2001,8,4,Before 2020,229,581402.0,626136.0,612765.0,502662.85714285716,514579.23333333334
2001-08-18,A,569201,296970,866171,2001,8,5,Before 2020,230,598538.0,323141.0,618451.0,498720.28571428574,514105.0
2001-08-19,U,439920,235842,675762,2001,8,6,Before 2020,231,296970.0,234020.0,610617.0,494981.5714285714,503388.9666666667
2001-08-20,W,876831,606101,1482932,2001,8,0,Before 2020,232,235842.0,571719.0,305457.0,495241.85714285716,490896.4666666667
2001-08-21,W,894995,608242,1503237,2001,8,1,Before 2020,233,606101.0,598019.0,200473.0,500153.5714285714,500917.93333333335
2001-08-22,W,864392,599157,1463549,2001,8,2,Before 2020,234,608242.0,584203.0,574685.0,501614.0,514510.23333333334
2001-08-23,W,906026,612615,1518641,2001,8,3,Before 2020,235,599157.0,581402.0,630753.0,503750.28571428574,515325.9666666667
2001-08-24,W,926014,619276,1545290,2001,8,4,Before 2020,236,612615.0,598538.0,612547.0,508209.28571428574,514721.36666666664
2001-08-25,A,518211,290626,808837,2001,8,5,Before 2020,237,619276.0,296970.0,636674.0,511171.85714285716,514945.6666666667
2001-08-26,U,439715,245014,684729,2001,8,6,Before 2020,238,290626.0,235842.0,634484.0,510265.5714285714,503410.73333333334
2001-08-27,W,900370,590849,1491219,2001,8,0,Before 2020,239,245014.0,606101.0,357848.0,511575.85714285716,490428.4
2001-08-28,W,933626,628532,1562158,2001,8,1,Before 2020,240,590849.0,608242.0,236416.0,509397.0,498195.1
2001-08-29,W,901782,625324,1527106,2001,8,2,Before 2020,241,628532.0,599157.0,586076.0,512295.5714285714,511265.63333333336
2001-08-30,W,913200,617044,1530244,2001,8,3,Before 2020,242,625324.0,612615.0,596502.0,516033.71428571426,512573.9
2001-08-31,W,986749,616977,1603726,2001,8,4,Before 2020,243,617044.0,619276.0,612734.0,516666.4285714286,513258.63333333336
2001-09-01,A,639977,319699,959676,2001,9,5,Before 2020,244,616977.0,290626.0,549367.0,516338.0,513400.06666666665
2001-09-02,U,470771,243520,714291,2001,9,6,Before 2020,245,319699.0,245014.0,603405.0,520491.28571428574,505744.4666666667
2001-09-03,U,448248,213584,661832,2001,9,0,Before 2020,246,243520.0,590849.0,319386.0,520277.85714285716,493748.3
2001-09-04,W,1120482,625640,1746122,2001,9,1,Before 2020,247,213584.0,628532.0,225172.0,466382.85714285716,490221.56666666665
2001-09-05,W,1047878,644950,1692828,2001,9,2,Before 2020,248,625640.0,625324.0,585919.0,465969.71428571426,503570.5
2001-09-06,W,1053246,644766,1698012,2001,9,3,Before 2020,249,644950.0,617044.0,610601.0,468773.4285714286,505538.2
2001-09-07,W,1070339,659824,1730163,2001,9,4,Before 2020,250,644766.0,616977.0,596163.0,472733.71428571426,506677.0333333333
2001-09-08,A,645427,341332,986759,2001,9,5,Before 2020,251,659824.0,319699.0,602242.0,478854.71428571426,508799.06666666665
2001-09-09,U,492026,215773,707799,2001,9,6,Before 2020,252,341332.0,243520.0,626136.0,481945.14285714284,500102.06666666665
2001-09-10,W,1075781,661092,1736873,2001,9,0,Before 2020,253,215773.0,213584.0,323141.0,477981.28571428574,486423.3
2001-09-11,W,957593,525953,1483546,2001,9,1,Before 2020,254,661092.0,625640.0,234020.0,541911.0,497688.3333333333
2001-09-12,W,931165,588507,1519672,2001,9,2,Before 2020,255,525953.0,644950.0,571719.0,527670.0,507419.43333333335
2001-09-13,W,1010171,607718,1617889,2001,9,3,Before 2020,256,588507.0,644766.0,598019.0,519606.71428571426,507979.0333333333
2001-09-14,W,1034666,613645,1648311,2001,9,4,Before 2020,257,607718.0,659824.0,584203.0,514314.14285714284,508302.3333333333
2001-09-15,A,615097,277875,892972,2001,9,5,Before 2020,258,613645.0,341332.0,581402.0,507717.14285714284,509283.73333333334
2001-09-16,U,417392,191270,608662,2001,9,6,Before 2020,259,277875.0,215773.0,598538.0,498651.85714285716,499166.1666666667
2001-09-17,W,919985,609381,1529366,2001,9,0,Before 2020,260,191270.0,661092.0,296970.0,495151.4285714286,485590.56666666665
2001-09-18,W,1039365,626518,1665883,2001,9,1,Before 2020,261,609381.0,525953.0,235842.0,487764.14285714284,496004.26666666666
2001-09-19,W,939442,625612,1565054,2001,9,2,Before 2020,262,626518.0,588507.0,606101.0,502130.5714285714,509026.8
2001-09-20,W,973094,646112,1619206,2001,9,3,Before 2020,263,625612.0,607718.0,608242.0,507431.28571428574,509677.1666666667
2001-09-21,W,967583,626032,1593615,2001,9,4,Before 2020,264,646112.0,613645.0,599157.0,512916.14285714284,510939.5
2001-09-22,A,641096,307331,948427,2001,9,5,Before 2020,265,626032.0,277875.0,612615.0,514685.71428571426,511835.3333333333
2001-09-23,U,361048,190813,551861,2001,9,6,Before 2020,266,307331.0,191270.0,619276.0,518893.71428571426,501659.2
2001-09-24,W,940207,622061,1562268,2001,9,0,Before 2020,267,190813.0,609381.0,290626.0,518828.4285714286,487377.1
2001-09-25,W,968563,638815,1607378,2001,9,1,Before 2020,268,622061.0,626518.0,245014.0,520639.85714285716,498424.93333333335
2001-09-26,W,1028542,639258,1667800,2001,9,2,Before 2020,269,638815.0,625612.0,590849.0,522396.5714285714,511551.63333333336
2001-09-27,W,1024125,642860,1666985,2001,9,3,Before 2020,270,639258.0,646112.0,628532.0,524346.0,513165.26666666666
2001-09-28,W,1024142,645884,1670026,2001,9,4,Before 2020,271,642860.0,626032.0,625324.0,523881.4285714286,513642.86666666664
2001-09-29,A,639464,330008,969472,2001,9,5,Before 2020,272,645884.0,307331.0,617044.0,526717.4285714285,514328.2
2001-09-30,U,412037,219852,631889,2001,9,6,Before 2020,273,330008.0,190813.0,616977.0,529957.0,504760.3333333333
2001-10-01,W,1069361,639795,1709156,2001,10,0,Before 2020,274,219852.0,622061.0,319699.0,534105.4285714285,491522.8333333333
2001-10-02,W,1078342,658020,1736362,2001,10,1,Before 2020,275,639795.0,638815.0,243520.0,536638.8571428572,502192.7
2001-10-03,W,1018388,657170,1675558,2001,10,2,Before 2020,276,658020.0,639258.0,213584.0,539382.4285714285,516009.36666666664
2001-10-04,W,902598,649681,1552279,2001,10,3,Before 2020,277,657170.0,642860.0,625640.0,541941.2857142857,530795.5666666667
2001-10-05,W,1034680,651273,1685953,2001,10,4,Before 2020,278,649681.0,645884.0,644950.0,542915.7142857143,531596.9333333333
2001-10-06,A,628587,326860,955447,2001,10,5,Before 2020,279,651273.0,330008.0,644766.0,543685.5714285715,531807.7
2001-10-07,U,404926,287483,692409,2001,10,6,Before 2020,280,326860.0,219852.0,659824.0,543235.8571428572,521210.8333333333
2001-10-08,W,802729,531294,1334023,2001,10,0,Before 2020,281,287483.0,639795.0,341332.0,552897.4285714285,508799.4666666667
2001-10-09,W,1055377,645072,1700449,2001,10,1,Before 2020,282,531294.0,658020.0,215773.0,537397.2857142857,515131.5333333333
2001-10-10,W,898767,637568,1536335,2001,10,2,Before 2020,283,645072.0,657170.0,661092.0,535547.5714285715,529441.5
2001-10-11,W,1025128,647937,1673065,2001,10,3,Before 2020,284,637568.0,649681.0,525953.0,532747.2857142857,528657.3666666667
2001-10-12,W,1000153,625089,1625242,2001,10,4,Before 2020,285,647937.0,651273.0,588507.0,532498.1428571428,532723.5
2001-10-13,A,515481,273528,789009,2001,10,5,Before 2020,286,625089.0,326860.0,607718.0,528757.5714285715,533942.9
2001-10-14,U,409065,209437,618502,2001,10,6,Before 2020,287,273528.0,287483.0,613645.0,521138.71428571426,522803.23333333334
2001-10-15,W,1037513,627937,1665450,2001,10,0,Before 2020,288,209437.0,531294.0,277875.0,509989.28571428574,509329.63333333336
2001-10-16,W,1022047,634396,1656443,2001,10,1,Before 2020,289,627937.0,645072.0,191270.0,523795.4285714286,520998.36666666664
2001-10-17,W,1036702,641266,1677968,2001,10,2,Before 2020,290,634396.0,637568.0,609381.0,522270.28571428574,535769.2333333333
2001-10-18,W,1017434,646140,1663574,2001,10,3,Before 2020,291,641266.0,647937.0,626518.0,522798.5714285714,536832.0666666667
2001-10-19,W,956423,642121,1598544,2001,10,4,Before 2020,292,646140.0,625089.0,625612.0,522541.85714285716,537486.1333333333
2001-10-20,A,632093,319399,951492,2001,10,5,Before 2020,293,642121.0,273528.0,646112.0,524975.0,538036.4333333333
2001-10-21,U,433014,213638,646652,2001,10,6,Before 2020,294,319399.0,209437.0,626032.0,531528.0,527146.0
2001-10-22,W,1012782,621894,1634676,2001,10,0,Before 2020,295,213638.0,627937.0,307331.0,532128.1428571428,513399.5333333333
2001-10-23,W,1000304,638393,1638697,2001,10,1,Before 2020,296,621894.0,634396.0,190813.0,531264.8571428572,523884.9666666667
2001-10-24,W,867027,625218,1492245,2001,10,2,Before 2020,297,638393.0,641266.0,622061.0,531835.8571428572,538804.3
2001-10-25,W,947047,618401,1565448,2001,10,3,Before 2020,298,625218.0,646140.0,638815.0,529543.2857142857,538909.5333333333
2001-10-26,W,981933,613047,1594980,2001,10,4,Before 2020,299,618401.0,642121.0,639258.0,525580.5714285715,538229.0666666667
2001-10-27,A,582223,291912,874135,2001,10,5,Before 2020,300,613047.0,319399.0,642860.0,521427.14285714284,537355.3666666667
2001-10-28,U,405374,208481,613855,2001,10,6,Before 2020,301,291912.0,213638.0,645884.0,517500.4285714286,525657.1
2001-10-29,W,1019942,623086,1643028,2001,10,0,Before 2020,302,208481.0,621894.0,330008.0,516763.71428571426,511077.0
2001-10-30,W,994503,629005,1623508,2001,10,1,Before 2020,303,623086.0,638393.0,219852.0,516934.0,520846.26666666666
2001-10-31,W,978585,628587,1607172,2001,10,2,Before 2020,304,629005.0,625218.0,639795.0,515592.85714285716,534484.7
2001-11-01,W,1029256,641642,1670898,2001,11,3,Before 2020,305,628587.0,618401.0,658020.0,516074.14285714284,534111.1
2001-11-02,W,1042714,645966,1688680,2001,11,4,Before 2020,306,641642.0,613047.0,657170.0,519394.28571428574,533565.1666666666
2001-11-03,A,648350,315004,963354,2001,11,5,Before 2020,307,645966.0,291912.0,649681.0,524097.0,533191.7
2001-11-04,U,443453,222988,666441,2001,11,6,Before 2020,308,315004.0,208481.0,651273.0,527395.8571428572,522035.8
2001-11-05,W,1057697,629864,1687561,2001,11,0,Before 2020,309,222988.0,623086.0,326860.0,529468.2857142857,507759.63333333336
2001-11-06,W,1044478,638448,1682926,2001,11,1,Before 2020,310,629864.0,629005.0,287483.0,530436.5714285715,517859.76666666666
2001-11-07,W,1033982,640396,1674378,2001,11,2,Before 2020,311,638448.0,628587.0,531294.0,531785.5714285715,529558.6
2001-11-08,W,1004574,636400,1640974,2001,11,3,Before 2020,312,640396.0,641642.0,645072.0,533472.5714285715,533195.3333333334
2001-11-09,W,931849,620257,1552106,2001,11,4,Before 2020,313,636400.0,645966.0,637568.0,532723.7142857143,532906.2666666667
2001-11-10,A,618184,322793,940977,2001,11,5,Before 2020,314,620257.0,315004.0,647937.0,529051.0,532329.2333333333
2001-11-11,U,416118,218931,635049,2001,11,6,Before 2020,315,322793.0,222988.0,625089.0,530163.7142857143,521491.1
2001-11-12,W,812747,527242,1339989,2001,11,0,Before 2020,316,218931.0,629864.0,273528.0,529584.1428571428,507952.5
2001-11-13,W,1026715,641101,1667816,2001,11,1,Before 2020,317,527242.0,638448.0,209437.0,514923.85714285716,516409.63333333336
2001-11-14,W,994462,624162,1618624,2001,11,2,Before 2020,318,641101.0,640396.0,627937.0,515302.85714285716,530798.4333333333
2001-11-15,W,983434,615519,1598953,2001,11,3,Before 2020,319,624162.0,636400.0,634396.0,512983.71428571426,530672.6
2001-11-16,W,1046467,623566,1670033,2001,11,4,Before 2020,320,615519.0,620257.0,641266.0,510000.71428571426,530043.3666666667
2001-11-17,A,653210,354828,1008038,2001,11,5,Before 2020,321,623566.0,322793.0,646140.0,510473.4285714286,529453.3666666667
2001-11-18,U,414683,201199,615882,2001,11,6,Before 2020,322,354828.0,218931.0,642121.0,515049.85714285716,519742.9666666667
2001-11-19,W,999890,600948,1600838,2001,11,0,Before 2020,323,201199.0,527242.0,319399.0,512516.71428571426,505045.56666666665
2001-11-20,W,1005581,612391,1617972,2001,11,1,Before 2020,324,600948.0,641101.0,213638.0,523046.14285714284,514430.5333333333
2001-11-21,W,988420,589664,1578084,2001,11,2,Before 2020,325,612391.0,624162.0,621894.0,518944.71428571426,527722.3
2001-11-22,U,322788,151915,474703,2001,11,3,Before 2020,326,589664.0,615519.0,638393.0,514016.4285714286,526647.9666666667
2001-11-23,W,641780,356646,998426,2001,11,4,Before 2020,327,151915.0,623566.0,625218.0,447787.28571428574,510432.0333333333
2001-11-24,A,504548,253414,757962,2001,11,5,Before 2020,328,356646.0,354828.0,618401.0,409655.85714285716,501479.63333333336
2001-11-25,U,373755,186416,560171,2001,11,6,Before 2020,329,253414.0,201199.0,613047.0,395168.14285714284,489313.4
2001-11-26,W,993754,600439,1594193,2001,11,0,Before 2020,330,186416.0,600948.0,291912.0,393056.28571428574,475092.36666666664
2001-11-27,W,985583,613858,1599441,2001,11,1,Before 2020,331,600439.0,612391.0,208481.0,392983.5714285714,485376.6
2001-11-28,W,981842,614405,1596247,2001,11,2,Before 2020,332,613858.0,589664.0,623086.0,393193.14285714284,498889.1666666667
2001-11-29,W,972155,613392,1585547,2001,11,3,Before 2020,333,614405.0,151915.0,629005.0,396727.5714285714,498599.8
2001-11-30,W,1039082,625037,1664119,2001,11,4,Before 2020,334,613392.0,356646.0,628587.0,462652.85714285716,498079.36666666664
2001-12-01,A,640965,307646,948611,2001,12,5,Before 2020,335,625037.0,253414.0,641642.0,500994.4285714286,497961.0333333333
2001-12-02,U,418878,210748,629626,2001,12,6,Before 2020,336,307646.0,186416.0,645966.0,508741.85714285716,486827.8333333333
2001-12-03,W,1051222,599106,1650328,2001,12,0,Before 2020,337,210748.0,600439.0,315004.0,512217.85714285716,472320.56666666665
2001-12-04,W,1049416,613294,1662710,2001,12,1,Before 2020,338,599106.0,613858.0,222988.0,512027.4285714286,481790.63333333336
2001-12-05,W,1039940,622264,1662204,2001,12,2,Before 2020,339,613294.0,614405.0,629864.0,511946.85714285716,494800.8333333333
2001-12-06,W,1020021,623428,1643449,2001,12,3,Before 2020,340,622264.0,613392.0,638448.0,513069.5714285714,494547.5
2001-12-07,W,1023743,618300,1642043,2001,12,4,Before 2020,341,623428.0,625037.0,640396.0,514503.28571428574,494046.8333333333
2001-12-08,A,620074,315639,935713,2001,12,5,Before 2020,342,618300.0,307646.0,636400.0,513540.85714285716,493310.3
2001-12-09,U,406917,207697,614614,2001,12,6,Before 2020,343,315639.0,210748.0,620257.0,514682.71428571426,482618.26666666666
2001-12-10,W,1005376,597416,1602792,2001,12,0,Before 2020,344,207697.0,599106.0,322793.0,514246.85714285716,468866.26666666666
2001-12-11,W,1010462,614387,1624849,2001,12,1,Before 2020,345,597416.0,613294.0,218931.0,514005.4285714286,478020.36666666664
2001-12-12,W,981259,609660,1590919,2001,12,2,Before 2020,346,614387.0,622264.0,527242.0,514161.5714285714,491202.23333333334
2001-12-13,W,990166,610845,1601011,2001,12,3,Before 2020,347,609660.0,623428.0,641101.0,512361.0,493949.5
2001-12-14,W,982986,600798,1583784,2001,12,4,Before 2020,348,610845.0,618300.0,624162.0,510563.4285714286,492940.9666666667
2001-12-15,A,623138,319051,942189,2001,12,5,Before 2020,349,600798.0,315639.0,615519.0,508063.14285714284,492162.1666666667
2001-12-16,U,407448,213347,620795,2001,12,6,Before 2020,350,319051.0,207697.0,623566.0,508550.5714285714,482279.9
2001-12-17,W,995060,593314,1588374,2001,12,0,Before 2020,351,213347.0,597416.0,354828.0,509357.71428571426,468605.93333333335
2001-12-18,W,1014592,608735,1623327,2001,12,1,Before 2020,352,593314.0,614387.0,201199.0,508771.71428571426,476555.4666666667
2001-12-19,W,958790,591815,1550605,2001,12,2,Before 2020,353,608735.0,609660.0,600948.0,507964.28571428574,490140.0
2001-12-20,W,987827,586572,1574399,2001,12,3,Before 2020,354,591815.0,610845.0,612391.0,505415.0,489835.56666666665
2001-12-21,W,994499,569456,1563955,2001,12,4,Before 2020,355,586572.0,600798.0,589664.0,501947.4285714286,488974.93333333335
2001-12-22,A,586969,268254,855223,2001,12,5,Before 2020,356,569456.0,319051.0,151915.0,497470.0,488301.3333333333
2001-12-23,U,393359,184628,577987,2001,12,6,Before 2020,357,268254.0,213347.0,356646.0,490213.28571428574,492179.3
2001-12-24,W,525908,257022,782930,2001,12,0,Before 2020,358,184628.0,593314.0,253414.0,486110.5714285714,486445.36666666664
2001-12-25,U,218872,93525,312397,2001,12,1,Before 2020,359,257022.0,608735.0,186416.0,438068.85714285716,486565.63333333336
2001-12-26,W,619967,380064,1000031,2001,12,2,Before 2020,360,93525.0,591815.0,600439.0,364467.4285714286,483469.26666666666
2001-12-27,W,690465,436814,1127279,2001,12,3,Before 2020,361,380064.0,586572.0,613858.0,334217.28571428574,476123.43333333335
2001-12-28,W,739404,456879,1196283,2001,12,4,Before 2020,362,436814.0,569456.0,614405.0,312823.28571428574,470221.9666666667
2001-12-29,A,473194,224772,697966,2001,12,5,Before 2020,363,456879.0,268254.0,613392.0,296740.85714285716,464971.1
2001-12-30,U,306871,160102,466973,2001,12,6,Before 2020,364,224772.0,184628.0,625037.0,290529.14285714284,452017.1
2001-12-31,W,650794,321388,972182,2001,12,0,Before 2020,365,160102.0,257022.0,307646.0,287025.4285714286,436519.26666666666
2002-01-01,U,294360,122471,416831,2002,1,1,Before 2020,1,321388.0,93525.0,210748.0,296220.5714285714,436977.3333333333
2002-01-02,W,766853,491630,1258483,2002,1,2,Before 2020,2,122471.0,380064.0,599106.0,300355.71428571426,434034.76666666666
2002-01-03,W,838088,523292,1361380,2002,1,3,Before 2020,3,491630.0,436814.0,613294.0,316293.71428571426,430452.23333333334
2002-01-04,W,858709,528849,1387558,2002,1,4,Before 2020,4,523292.0,456879.0,622264.0,328647.71428571426,427452.1666666667
2002-01-05,A,542470,245820,788290,2002,1,5,Before 2020,5,528849.0,224772.0,623428.0,338929.14285714284,424338.3333333333
2002-01-06,U,370508,177606,548114,2002,1,6,Before 2020,6,245820.0,160102.0,618300.0,341936.0,411751.4
2002-01-07,W,953807,568929,1522736,2002,1,0,Before 2020,7,177606.0,321388.0,315639.0,344436.5714285714,397061.6
2002-01-08,W,973200,585667,1558867,2002,1,1,Before 2020,8,568929.0,122471.0,207697.0,379799.5714285714,405504.6
2002-01-09,W,985622,591671,1577293,2002,1,2,Before 2020,9,585667.0,491630.0,597416.0,445970.4285714286,418103.6
2002-01-10,W,974188,591742,1565930,2002,1,3,Before 2020,10,591671.0,523292.0,614387.0,460262.0,417912.1
2002-01-11,W,1006535,591718,1598253,2002,1,4,Before 2020,11,591742.0,528849.0,609660.0,470040.5714285714,417157.26666666666
2002-01-12,A,565955,266826,832781,2002,1,5,Before 2020,12,591718.0,245820.0,610845.0,479021.85714285716,416559.2
2002-01-13,U,371378,176272,547650,2002,1,6,Before 2020,13,266826.0,177606.0,600798.0,482022.71428571426,405091.9
2002-01-14,W,985931,593642,1579573,2002,1,0,Before 2020,14,176272.0,568929.0,319051.0,481832.14285714284,390941.0333333333
2002-01-15,W,983090,601489,1584579,2002,1,1,Before 2020,15,593642.0,585667.0,213347.0,485362.5714285714,400094.06666666665
2002-01-16,W,955758,608009,1563767,2002,1,2,Before 2020,16,601489.0,591671.0,593314.0,487622.85714285716,413032.13333333336
2002-01-17,W,968715,598282,1566997,2002,1,3,Before 2020,17,608009.0,591742.0,608735.0,489956.85714285716,413521.9666666667
2002-01-18,W,967930,581331,1549261,2002,1,4,Before 2020,18,598282.0,591718.0,591815.0,490891.14285714284,413173.5333333333
2002-01-19,A,556405,273407,829812,2002,1,5,Before 2020,19,581331.0,266826.0,586572.0,489407.28571428574,412824.06666666665
2002-01-20,U,374069,180903,554972,2002,1,6,Before 2020,20,273407.0,176272.0,569456.0,490347.4285714286,402385.23333333334
2002-01-21,W,648994,392312,1041306,2002,1,0,Before 2020,21,180903.0,593642.0,268254.0,491009.0,389433.4666666667
2002-01-22,W,1012565,603877,1616442,2002,1,1,Before 2020,22,392312.0,601489.0,184628.0,462247.5714285714,393568.73333333334
2002-01-23,W,990484,600427,1590911,2002,1,2,Before 2020,23,603877.0,608009.0,257022.0,462588.71428571426,407543.7
2002-01-24,W,1007218,605974,1613192,2002,1,3,Before 2020,24,600427.0,598282.0,93525.0,461505.5714285714,418990.5333333333
2002-01-25,W,1028432,601352,1629784,2002,1,4,Before 2020,25,605974.0,581331.0,380064.0,462604.4285714286,436072.1666666667
2002-01-26,A,611356,283489,894845,2002,1,5,Before 2020,26,601352.0,273407.0,436814.0,465464.5714285714,443448.43333333335
2002-01-27,U,408878,189116,597994,2002,1,6,Before 2020,27,283489.0,180903.0,456879.0,466904.85714285716,438337.6
2002-01-28,W,1009923,595606,1605529,2002,1,0,Before 2020,28,189116.0,392312.0,224772.0,468078.14285714284,429412.1666666667
2002-01-29,W,979719,597598,1577317,2002,1,1,Before 2020,29,595606.0,603877.0,160102.0,497120.14285714284,441773.3
2002-01-30,W,936013,602737,1538750,2002,1,2,Before 2020,30,597598.0,600427.0,321388.0,496223.14285714284,456356.5
2002-01-31,W,879895,602988,1482883,2002,1,3,Before 2020,31,602737.0,605974.0,122471.0,496553.14285714284,465734.8
2002-02-01,W,954707,585087,1539794,2002,2,4,Before 2020,32,602988.0,601352.0,491630.0,496126.5714285714,481752.0333333333
2002-02-02,A,614544,273954,888498,2002,2,5,Before 2020,33,585087.0,283489.0,523292.0,493803.0,484867.26666666666
2002-02-03,U,401958,180019,581977,2002,2,6,Before 2020,34,273954.0,189116.0,528849.0,492440.85714285716,476556.0
2002-02-04,W,988315,576117,1564432,2002,2,0,Before 2020,35,180019.0,595606.0,245820.0,491141.28571428574,464928.3333333333
2002-02-05,W,997471,596800,1594271,2002,2,1,Before 2020,36,576117.0,597598.0,177606.0,488357.14285714284,475938.23333333334
2002-02-06,W,1011650,597747,1609397,2002,2,2,Before 2020,37,596800.0,602737.0,568929.0,488243.14285714284,489911.36666666664
2002-02-07,W,1011915,600731,1612646,2002,2,3,Before 2020,38,597747.0,602988.0,585667.0,487530.28571428574,490871.9666666667
2002-02-08,W,1027036,594502,1621538,2002,2,4,Before 2020,39,600731.0,585087.0,591671.0,487207.85714285716,491374.1
2002-02-09,A,650477,296011,946488,2002,2,5,Before 2020,40,594502.0,273954.0,591742.0,488552.85714285716,491468.4666666667
2002-02-10,U,379613,180097,559710,2002,2,6,Before 2020,41,296011.0,180019.0,591718.0,491703.85714285716,481610.76666666666
2002-02-11,W,985014,592118,1577132,2002,2,0,Before 2020,42,180097.0,576117.0,266826.0,491715.0,467890.06666666665
2002-02-12,W,811567,541814,1353381,2002,2,1,Before 2020,43,592118.0,596800.0,176272.0,494000.85714285716,478733.13333333336
2002-02-13,W,1019675,612626,1632301,2002,2,2,Before 2020,44,541814.0,597747.0,593642.0,486145.71428571426,490917.86666666664
2002-02-14,W,1014122,609706,1623828,2002,2,3,Before 2020,45,612626.0,600731.0,601489.0,488271.28571428574,491550.6666666667
2002-02-15,W,1007654,589737,1597391,2002,2,4,Before 2020,46,609706.0,594502.0,608009.0,489553.4285714286,491824.56666666665
2002-02-16,A,617307,292835,910142,2002,2,5,Before 2020,47,589737.0,296011.0,598282.0,488872.71428571426,491215.5
2002-02-17,U,423922,209261,633183,2002,2,6,Before 2020,48,292835.0,180097.0,581331.0,488419.0,481033.93333333335
2002-02-18,W,759013,458524,1217537,2002,2,0,Before 2020,49,209261.0,592118.0,273407.0,492585.28571428574,468631.6
2002-02-19,W,985390,597374,1582764,2002,2,1,Before 2020,50,458524.0,541814.0,180903.0,473500.4285714286,474802.1666666667
2002-02-20,W,986615,601360,1587975,2002,2,2,Before 2020,51,597374.0,612626.0,392312.0,481437.5714285714,488684.5333333333
2002-02-21,W,977261,603816,1581077,2002,2,3,Before 2020,52,601360.0,609706.0,603877.0,479828.14285714284,495652.8
2002-02-22,W,1016162,592329,1608491,2002,2,4,Before 2020,53,603816.0,589737.0,600427.0,478986.71428571426,495650.76666666666
2002-02-23,A,629609,292764,922373,2002,2,5,Before 2020,54,592329.0,292835.0,605974.0,479357.0,495380.8333333333
2002-02-24,U,421160,199343,620503,2002,2,6,Before 2020,55,292764.0,209261.0,601352.0,479346.85714285716,484940.5
2002-02-25,W,979843,581612,1561455,2002,2,0,Before 2020,56,199343.0,458524.0,283489.0,477930.0,471540.2
2002-02-26,W,933204,587918,1521122,2002,2,1,Before 2020,57,581612.0,597374.0,189116.0,495514.0,481477.63333333336
2002-02-27,W,939542,587701,1527243,2002,2,2,Before 2020,58,587918.0,601360.0,595606.0,494163.14285714284,494771.0333333333
2002-02-28,W,941136,592045,1533181,2002,2,3,Before 2020,59,587701.0,603816.0,597598.0,492211.85714285716,494507.5333333333
2002-03-01,W,973482,593596,1567078,2002,3,4,Before 2020,60,592045.0,592329.0,602737.0,490530.28571428574,494322.43333333335
2002-03-02,A,512767,264847,777614,2002,3,5,Before 2020,61,593596.0,292764.0,602988.0,490711.28571428574,494017.73333333334
2002-03-03,U,331715,174890,506605,2002,3,6,Before 2020,62,264847.0,199343.0,585087.0,486723.14285714284,482746.36666666664
2002-03-04,W,726815,493625,1220440,2002,3,0,Before 2020,63,174890.0,581612.0,273954.0,483229.85714285716,469073.13333333336
2002-03-05,W,978944,588656,1567600,2002,3,1,Before 2020,64,493625.0,587918.0,180019.0,470660.28571428574,476395.5
2002-03-06,W,1008215,593126,1601341,2002,3,2,Before 2020,65,588656.0,587701.0,576117.0,470765.71428571426,490016.73333333334
2002-03-07,W,1008102,594952,1603054,2002,3,3,Before 2020,66,593126.0,592045.0,596800.0,471540.71428571426,490583.7
2002-03-08,W,993813,587766,1581579,2002,3,4,Before 2020,67,594952.0,593596.0,597747.0,471956.0,490522.1
2002-03-09,A,493346,254471,747817,2002,3,5,Before 2020,68,587766.0,264847.0,600731.0,471123.14285714284,490189.4
2002-03-10,U,361758,180401,542159,2002,3,6,Before 2020,69,254471.0,174890.0,594502.0,469640.85714285716,478647.4
2002-03-11,W,1008613,591093,1599706,2002,3,0,Before 2020,70,180401.0,493625.0,296011.0,470428.14285714284,464844.0333333333
2002-03-12,W,1021380,612457,1633837,2002,3,1,Before 2020,71,591093.0,588656.0,180097.0,484352.14285714284,474680.1
2002-03-13,W,1022145,615718,1637863,2002,3,2,Before 2020,72,612457.0,593126.0,592118.0,487752.28571428574,489092.1
2002-03-14,W,1010579,607626,1618205,2002,3,3,Before 2020,73,615718.0,594952.0,541814.0,490979.71428571426,489878.76666666666
2002-03-15,W,1005654,591415,1597069,2002,3,4,Before 2020,74,607626.0,587766.0,612626.0,492790.28571428574,492072.5
2002-03-16,A,615103,342098,957201,2002,3,5,Before 2020,75,591415.0,254471.0,609706.0,493311.5714285714,491365.4666666667
2002-03-17,U,390344,189640,579984,2002,3,6,Before 2020,76,342098.0,180401.0,589737.0,505829.71428571426,482445.2
2002-03-18,W,992913,579486,1572399,2002,3,0,Before 2020,77,189640.0,591093.0,292835.0,507149.5714285714,469108.63333333336
2002-03-19,W,990801,590290,1581091,2002,3,1,Before 2020,78,579486.0,612457.0,209261.0,505491.4285714286,478663.6666666667
2002-03-20,W,993245,591401,1584646,2002,3,2,Before 2020,79,590290.0,615718.0,458524.0,502324.71428571426,491364.63333333336
2002-03-21,W,930667,574802,1505469,2002,3,3,Before 2020,80,591401.0,607626.0,597374.0,498850.85714285716,495793.86666666664
2002-03-22,W,961386,564876,1526262,2002,3,4,Before 2020,81,574802.0,591415.0,601360.0,494161.71428571426,495041.4666666667
2002-03-23,A,617210,290118,907328,2002,3,5,Before 2020,82,564876.0,342098.0,603816.0,490370.4285714286,493825.3333333333
2002-03-24,U,370997,190845,561842,2002,3,6,Before 2020,83,290118.0,189640.0,592329.0,482944.71428571426,483368.73333333334
2002-03-25,W,895573,544841,1440414,2002,3,0,Before 2020,84,190845.0,579486.0,292764.0,483116.85714285716,469985.93333333335
2002-03-26,W,938869,571086,1509955,2002,3,1,Before 2020,85,544841.0,590290.0,199343.0,478167.5714285714,478388.5
2002-03-27,W,989393,580724,1570117,2002,3,2,Before 2020,86,571086.0,591401.0,581612.0,475424.14285714284,490779.93333333335
2002-03-28,W,965734,571056,1536790,2002,3,3,Before 2020,87,580724.0,574802.0,587918.0,473898.85714285716,490750.3333333333
2002-03-29,W,755230,472276,1227506,2002,3,4,Before 2020,88,571056.0,564876.0,587701.0,473363.71428571426,490188.26666666666
2002-03-30,A,616271,268843,885114,2002,3,5,Before 2020,89,472276.0,290118.0,592045.0,460135.14285714284,486340.76666666666
2002-03-31,U,377026,158135,535161,2002,3,6,Before 2020,90,268843.0,190845.0,593596.0,457095.85714285716,475567.36666666664
2002-04-01,W,971162,566861,1538023,2002,4,0,Before 2020,91,158135.0,544841.0,264847.0,452423.0,461052.0
2002-04-02,W,970537,585155,1555692,2002,4,1,Before 2020,92,566861.0,571086.0,174890.0,455568.71428571426,471119.13333333336
2002-04-03,W,1007100,597081,1604181,2002,4,2,Before 2020,93,585155.0,580724.0,493625.0,457578.5714285714,484794.63333333336
2002-04-04,W,995075,600930,1596005,2002,4,3,Before 2020,94,597081.0,571056.0,588656.0,459915.28571428574,488243.1666666667
2002-04-05,W,1014222,613919,1628141,2002,4,4,Before 2020,95,600930.0,472276.0,593126.0,464183.0,488652.3
2002-04-06,A,639707,318104,957811,2002,4,5,Before 2020,96,613919.0,268843.0,594952.0,484417.71428571426,489345.4
2002-04-07,U,355354,180625,535979,2002,4,6,Before 2020,97,318104.0,158135.0,587766.0,491455.0,480117.13333333336
2002-04-08,W,937560,578417,1515977,2002,4,0,Before 2020,98,180625.0,566861.0,254471.0,494667.85714285716,466545.76666666666
2002-04-09,W,1013106,607047,1620153,2002,4,1,Before 2020,99,578417.0,585155.0,180401.0,496318.71428571426,477343.9666666667
2002-04-10,W,1020986,618972,1639958,2002,4,2,Before 2020,100,607047.0,597081.0,591093.0,499446.14285714284,491565.5
2002-04-11,W,1036014,629240,1665254,2002,4,3,Before 2020,101,618972.0,600930.0,612457.0,502573.4285714286,492494.8
2002-04-12,W,917031,591700,1508731,2002,4,4,Before 2020,102,629240.0,613919.0,615718.0,506617.71428571426,493054.23333333334
2002-04-13,A,631465,308737,940202,2002,4,5,Before 2020,103,591700.0,318104.0,607626.0,503443.5714285714,492253.63333333336
2002-04-14,U,438900,210876,649776,2002,4,6,Before 2020,104,308737.0,180625.0,591415.0,502105.4285714286,482290.6666666667
2002-04-15,W,926258,586214,1512472,2002,4,0,Before 2020,105,210876.0,578417.0,342098.0,506427.0,469606.0333333333
2002-04-16,W,899896,599906,1499802,2002,4,1,Before 2020,106,586214.0,607047.0,189640.0,507540.85714285716,477743.23333333334
2002-04-17,W,892185,593532,1485717,2002,4,2,Before 2020,107,599906.0,618972.0,579486.0,506520.71428571426,491418.76666666666
2002-04-18,W,896865,594280,1491145,2002,4,3,Before 2020,108,593532.0,629240.0,590290.0,502886.4285714286,491886.9666666667
2002-04-19,W,905545,591974,1497519,2002,4,4,Before 2020,109,594280.0,591700.0,591401.0,497892.14285714284,492019.9666666667
2002-04-20,A,574009,300177,874186,2002,4,5,Before 2020,110,591974.0,308737.0,574802.0,497931.28571428574,492039.06666666665
2002-04-21,U,356144,190405,546549,2002,4,6,Before 2020,111,300177.0,210876.0,564876.0,496708.4285714286,482884.9
2002-04-22,W,974101,583247,1557348,2002,4,0,Before 2020,112,190405.0,586214.0,290118.0,493784.0,470402.5333333333
2002-04-23,W,1021788,620463,1642251,2002,4,1,Before 2020,113,583247.0,599906.0,190845.0,493360.14285714284,480173.5
2002-04-24,W,918721,602085,1520806,2002,4,2,Before 2020,114,620463.0,593532.0,544841.0,496296.85714285716,494494.1
2002-04-25,W,1000933,626040,1626973,2002,4,3,Before 2020,115,602085.0,594280.0,571086.0,497518.71428571426,496402.23333333334
2002-04-26,W,1026348,615024,1641372,2002,4,4,Before 2020,116,626040.0,591974.0,580724.0,502055.85714285716,498234.0333333333
2002-04-27,A,513069,272746,785815,2002,4,5,Before 2020,117,615024.0,300177.0,571056.0,505348.71428571426,499377.36666666664
2002-04-28,U,365481,201038,566519,2002,4,6,Before 2020,118,272746.0,190405.0,472276.0,501430.0,489433.7
2002-04-29,W,1001321,584792,1586113,2002,4,0,Before 2020,119,201038.0,583247.0,268843.0,502949.0,480392.43333333335
2002-04-30,W,1000608,604417,1605025,2002,4,1,Before 2020,120,584792.0,620463.0,158135.0,503169.71428571426,490924.06666666665
2002-05-01,W,1031532,605198,1636730,2002,5,2,Before 2020,121,604417.0,602085.0,566861.0,500877.4285714286,505800.13333333336
2002-05-02,W,976392,598086,1574478,2002,5,3,Before 2020,122,605198.0,626040.0,585155.0,501322.14285714284,507078.0333333333
2002-05-03,W,1075694,606513,1682207,2002,5,4,Before 2020,123,598086.0,615024.0,597081.0,497328.71428571426,507509.06666666665
2002-05-04,A,660227,312131,972358,2002,5,5,Before 2020,124,606513.0,272746.0,600930.0,496112.85714285716,507823.4666666667
2002-05-05,U,443915,207913,651828,2002,5,6,Before 2020,125,312131.0,201038.0,613919.0,501739.28571428574,498196.8333333333
2002-05-06,W,994227,598141,1592368,2002,5,0,Before 2020,126,207913.0,584792.0,318104.0,502721.4285714286,484663.3
2002-05-07,W,1010608,616111,1626719,2002,5,1,Before 2020,127,598141.0,604417.0,180625.0,504628.4285714286,493997.86666666664
2002-05-08,W,968509,600435,1568944,2002,5,2,Before 2020,128,616111.0,605198.0,578417.0,506299.0,508514.06666666665
2002-05-09,W,1009271,614202,1623473,2002,5,3,Before 2020,129,600435.0,598086.0,607047.0,505618.5714285714,509248.0
2002-05-10,W,1047188,609528,1656716,2002,5,4,Before 2020,130,614202.0,606513.0,618972.0,507920.85714285716,509486.5
2002-05-11,A,492841,252501,745342,2002,5,5,Before 2020,131,609528.0,312131.0,629240.0,508351.5714285714,509171.7
2002-05-12,U,358446,185931,544377,2002,5,6,Before 2020,132,252501.0,207913.0,591700.0,499833.0,496613.73333333334
2002-05-13,W,975822,570031,1545853,2002,5,0,Before 2020,133,185931.0,598141.0,308737.0,496692.71428571426,483088.1
2002-05-14,W,1009365,598752,1608117,2002,5,1,Before 2020,134,570031.0,616111.0,210876.0,492677.0,491797.9
2002-05-15,W,1015551,600667,1616218,2002,5,2,Before 2020,135,598752.0,600435.0,586214.0,490197.14285714284,504727.1
2002-05-16,W,906240,579727,1485967,2002,5,3,Before 2020,136,600667.0,614202.0,599906.0,490230.28571428574,505208.86666666664
2002-05-17,W,991682,583205,1574887,2002,5,4,Before 2020,137,579727.0,609528.0,593532.0,485305.28571428574,504536.23333333334
2002-05-18,A,638862,298727,937589,2002,5,5,Before 2020,138,583205.0,252501.0,594280.0,481544.85714285716,504192.0
2002-05-19,U,419434,204421,623855,2002,5,6,Before 2020,139,298727.0,185931.0,591974.0,488148.5714285714,494340.23333333334
2002-05-20,W,994112,582646,1576758,2002,5,0,Before 2020,140,204421.0,570031.0,300177.0,490790.0,481421.8
2002-05-21,W,1008846,613667,1622513,2002,5,1,Before 2020,141,582646.0,598752.0,190405.0,492592.14285714284,490837.43333333335
2002-05-22,W,999920,618307,1618227,2002,5,2,Before 2020,142,613667.0,600667.0,583247.0,494722.85714285716,504946.1666666667
2002-05-23,W,969174,606199,1575373,2002,5,3,Before 2020,143,618307.0,579727.0,620463.0,497242.85714285716,506114.8333333333
2002-05-24,W,995434,576461,1571895,2002,5,4,Before 2020,144,606199.0,583205.0,602085.0,501024.5714285714,505639.36666666664
2002-05-25,A,558891,270672,829563,2002,5,5,Before 2020,145,576461.0,298727.0,626040.0,500061.14285714284,504785.23333333334
2002-05-26,U,436570,216172,652742,2002,5,6,Before 2020,146,270672.0,204421.0,615024.0,496053.28571428574,492939.63333333336
2002-05-27,U,395210,200876,596086,2002,5,0,Before 2020,147,216172.0,582646.0,272746.0,497732.0,479644.56666666665
2002-05-28,W,959547,588932,1548479,2002,5,1,Before 2020,148,200876.0,613667.0,201038.0,443193.4285714286,477248.9
2002-05-29,W,980049,601576,1581625,2002,5,2,Before 2020,149,588932.0,618307.0,584792.0,439659.85714285716,490178.7
2002-05-30,W,990460,606972,1597432,2002,5,3,Before 2020,150,601576.0,606199.0,604417.0,437269.71428571426,490738.1666666667
2002-05-31,W,1040502,635809,1676311,2002,5,4,Before 2020,151,606972.0,576461.0,605198.0,437380.14285714284,490823.3333333333
2002-06-01,A,667264,371223,1038487,2002,6,5,Before 2020,152,635809.0,270672.0,598086.0,445858.4285714286,491843.7
2002-06-02,U,423135,238648,661783,2002,6,6,Before 2020,153,371223.0,216172.0,606513.0,460222.85714285716,484281.6
2002-06-03,W,1001778,583147,1584925,2002,6,0,Before 2020,154,238648.0,200876.0,312131.0,463433.71428571426,472019.43333333335
2002-06-04,W,915667,575065,1490732,2002,6,1,Before 2020,155,583147.0,588932.0,207913.0,518043.85714285716,481053.3
2002-06-05,W,1005307,602096,1607403,2002,6,2,Before 2020,156,575065.0,601576.0,598141.0,516062.85714285716,493291.7
2002-06-06,W,1044279,611344,1655623,2002,6,3,Before 2020,157,602096.0,606972.0,616111.0,516137.14285714284,493423.5333333333
2002-06-07,W,1036716,606193,1642909,2002,6,4,Before 2020,158,611344.0,635809.0,600435.0,516761.71428571426,493264.63333333336
2002-06-08,A,649574,323142,972716,2002,6,5,Before 2020,159,606193.0,371223.0,614202.0,512530.85714285716,493456.56666666665
2002-06-09,U,446760,228298,675058,2002,6,6,Before 2020,160,323142.0,238648.0,609528.0,505662.14285714284,483754.56666666665
2002-06-10,W,944065,583512,1527577,2002,6,0,Before 2020,161,228298.0,583147.0,252501.0,504183.5714285714,471046.9
2002-06-11,W,969387,604162,1573549,2002,6,1,Before 2020,162,583512.0,575065.0,185931.0,504235.71428571426,482080.6
2002-06-12,W,986714,606658,1593372,2002,6,2,Before 2020,163,604162.0,602096.0,570031.0,508392.4285714286,496021.63333333336
2002-06-13,W,967153,596032,1563185,2002,6,3,Before 2020,164,606658.0,611344.0,598752.0,509044.14285714284,497242.5333333333
2002-06-14,W,980140,605447,1585587,2002,6,4,Before 2020,165,596032.0,606193.0,600667.0,506856.71428571426,497151.86666666664
2002-06-15,A,644968,318379,963347,2002,6,5,Before 2020,166,605447.0,323142.0,579727.0,506750.14285714284,497311.2
2002-06-16,U,456833,225229,682062,2002,6,6,Before 2020,167,318379.0,228298.0,583205.0,506069.71428571426,488599.6
2002-06-17,W,980090,576747,1556837,2002,6,0,Before 2020,168,225229.0,583512.0,298727.0,505631.28571428574,476667.06666666665
2002-06-18,W,996706,619540,1616246,2002,6,1,Before 2020,169,576747.0,604162.0,204421.0,504664.85714285716,485934.4
2002-06-19,W,992928,618449,1611377,2002,6,2,Before 2020,170,619540.0,606658.0,582646.0,506861.71428571426,499771.7
2002-06-20,W,975703,628191,1603894,2002,6,3,Before 2020,171,618449.0,596032.0,613667.0,508546.14285714284,500965.13333333336
2002-06-21,W,979910,616117,1596027,2002,6,4,Before 2020,172,628191.0,605447.0,618307.0,513140.28571428574,501449.26666666666
2002-06-22,A,634013,341170,975183,2002,6,5,Before 2020,173,616117.0,318379.0,606199.0,514664.5714285714,501376.26666666666
2002-06-23,U,444454,232456,676910,2002,6,6,Before 2020,174,341170.0,225229.0,576461.0,517920.4285714286,492541.9666666667
2002-06-24,W,884749,597643,1482392,2002,6,0,Before 2020,175,232456.0,576747.0,270672.0,518952.85714285716,481075.13333333336
2002-06-25,W,926613,600847,1527460,2002,6,1,Before 2020,176,597643.0,619540.0,216172.0,521938.0,491974.1666666667
2002-06-26,W,879533,601333,1480866,2002,6,2,Before 2020,177,600847.0,618449.0,200876.0,519267.5714285714,504796.6666666667
2002-06-27,W,914452,613276,1527728,2002,6,3,Before 2020,178,601333.0,628191.0,588932.0,516822.4285714286,518145.23333333334
2002-06-28,W,934562,650340,1584902,2002,6,4,Before 2020,179,613276.0,616117.0,601576.0,514691.71428571426,518956.7
2002-06-29,A,636792,369705,1006497,2002,6,5,Before 2020,180,650340.0,341170.0,606972.0,519580.71428571426,520582.1666666667
2002-06-30,U,441101,309418,750519,2002,6,6,Before 2020,181,369705.0,232456.0,635809.0,523657.14285714284,512673.26666666666
2002-07-01,W,948966,601509,1550475,2002,7,0,Before 2020,182,309418.0,597643.0,371223.0,534651.7142857143,501793.56666666665
2002-07-02,W,955991,621541,1577532,2002,7,1,Before 2020,183,601509.0,600847.0,238648.0,535204.0,509469.76666666666
2002-07-03,W,1004276,785621,1789897,2002,7,2,Before 2020,184,621541.0,601333.0,583147.0,538160.2857142857,522232.86666666664
2002-07-04,U,441126,279204,720330,2002,7,3,Before 2020,185,785621.0,613276.0,575065.0,564487.1428571428,528982.0
2002-07-05,W,807831,500685,1308516,2002,7,4,Before 2020,186,279204.0,650340.0,602096.0,516762.5714285714,519119.9666666667
2002-07-06,A,597877,324834,922711,2002,7,5,Before 2020,187,500685.0,369705.0,611344.0,495383.28571428574,515739.6
2002-07-07,U,445916,256321,702237,2002,7,6,Before 2020,188,324834.0,309418.0,606193.0,488973.14285714284,506189.26666666666
2002-07-08,W,929870,575055,1504925,2002,7,0,Before 2020,189,256321.0,601509.0,323142.0,481387.85714285716,494526.86666666664
2002-07-09,W,919623,579348,1498971,2002,7,1,Before 2020,190,575055.0,621541.0,228298.0,477608.71428571426,502923.9666666667
2002-07-10,W,941513,591208,1532721,2002,7,2,Before 2020,191,579348.0,785621.0,583512.0,471581.14285714284,514625.63333333336
2002-07-11,W,969657,594276,1563933,2002,7,3,Before 2020,192,591208.0,279204.0,604162.0,443807.85714285716,514882.1666666667
2002-07-12,W,963191,618865,1582056,2002,7,4,Before 2020,193,594276.0,500685.0,606658.0,488818.14285714284,514552.63333333336
2002-07-13,A,624850,324416,949266,2002,7,5,Before 2020,194,618865.0,324834.0,596032.0,505701.0,514959.5333333333
2002-07-14,U,433166,239865,673031,2002,7,6,Before 2020,195,324416.0,256321.0,605447.0,505641.28571428574,505905.6666666667
2002-07-15,W,949705,608087,1557792,2002,7,0,Before 2020,196,239865.0,575055.0,318379.0,503290.4285714286,493719.6
2002-07-16,W,946077,621832,1567909,2002,7,1,Before 2020,197,608087.0,579348.0,225229.0,508009.28571428574,503376.5333333333
2002-07-17,W,931752,595378,1527130,2002,7,2,Before 2020,198,621832.0,591208.0,576747.0,514078.4285714286,516596.63333333336
2002-07-18,W,942643,596288,1538931,2002,7,3,Before 2020,199,595378.0,594276.0,619540.0,514674.14285714284,517217.6666666667
2002-07-19,W,960153,612971,1573124,2002,7,4,Before 2020,200,596288.0,618865.0,618449.0,514961.5714285714,516442.6
2002-07-20,A,635657,339113,974770,2002,7,5,Before 2020,201,612971.0,324416.0,628191.0,514119.5714285714,516260.0
2002-07-21,U,412477,229156,641633,2002,7,6,Before 2020,202,339113.0,239865.0,616117.0,516219.14285714284,506624.06666666665
2002-07-22,W,900537,595784,1496321,2002,7,0,Before 2020,203,229156.0,608087.0,341170.0,514689.28571428574,493725.36666666664
2002-07-23,W,955084,623156,1578240,2002,7,1,Before 2020,204,595784.0,621832.0,232456.0,512931.71428571426,502212.5
2002-07-24,W,945502,617518,1563020,2002,7,2,Before 2020,205,623156.0,595378.0,597643.0,513120.85714285716,515235.8333333333
2002-07-25,W,931679,608190,1539869,2002,7,3,Before 2020,206,617518.0,596288.0,600847.0,516283.71428571426,515898.3333333333
2002-07-26,W,942389,590601,1532990,2002,7,4,Before 2020,207,608190.0,612971.0,601333.0,517984.0,516143.1
2002-07-27,A,595484,327980,923464,2002,7,5,Before 2020,208,590601.0,339113.0,613276.0,514788.28571428574,515785.36666666664
2002-07-28,U,414913,215040,629953,2002,7,6,Before 2020,209,327980.0,229156.0,650340.0,513197.85714285716,506275.5
2002-07-29,W,893147,565324,1458471,2002,7,0,Before 2020,210,215040.0,595784.0,369705.0,511181.28571428574,491765.5
2002-07-30,W,934322,614162,1548484,2002,7,1,Before 2020,211,565324.0,623156.0,309418.0,506829.85714285716,498286.13333333336
2002-07-31,W,912632,603775,1516407,2002,7,2,Before 2020,212,614162.0,617518.0,601509.0,505545.0,508444.26666666666
2002-08-01,W,969159,607964,1577123,2002,8,3,Before 2020,213,603775.0,608190.0,621541.0,503581.71428571426,508519.8
2002-08-02,W,1004199,612785,1616984,2002,8,4,Before 2020,214,607964.0,590601.0,785621.0,503549.4285714286,508067.23333333334
2002-08-03,A,674990,325279,1000269,2002,8,5,Before 2020,215,612785.0,327980.0,279204.0,506718.5714285714,502306.0333333333
2002-08-04,U,451144,234620,685764,2002,8,6,Before 2020,216,325279.0,215040.0,500685.0,506332.71428571426,503841.86666666664
2002-08-05,W,941406,569627,1511033,2002,8,0,Before 2020,217,234620.0,565324.0,324834.0,509129.85714285716,494973.0333333333
2002-08-06,W,955681,592722,1548403,2002,8,1,Before 2020,218,569627.0,614162.0,256321.0,509744.5714285714,503132.8
2002-08-07,W,940727,585313,1526040,2002,8,2,Before 2020,219,592722.0,603775.0,575055.0,506681.71428571426,514346.1666666667
2002-08-08,W,945096,589840,1534936,2002,8,3,Before 2020,220,585313.0,607964.0,579348.0,504044.28571428574,514688.1
2002-08-09,W,968109,592938,1561047,2002,8,4,Before 2020,221,589840.0,612785.0,591208.0,501455.14285714284,515037.8333333333
2002-08-10,A,667701,340015,1007716,2002,8,5,Before 2020,222,592938.0,325279.0,594276.0,498619.85714285716,515095.5
2002-08-11,U,437332,230526,667858,2002,8,6,Before 2020,223,340015.0,234620.0,618865.0,500725.0,506620.13333333336
2002-08-12,W,908503,579800,1488303,2002,8,0,Before 2020,224,230526.0,569627.0,324416.0,500140.14285714284,493675.5
2002-08-13,W,871791,578996,1450787,2002,8,1,Before 2020,225,579800.0,592722.0,239865.0,501593.4285714286,502188.3
2002-08-14,W,893558,586107,1479665,2002,8,2,Before 2020,226,578996.0,585313.0,608087.0,499632.5714285714,513492.6666666667
2002-08-15,W,920323,599375,1519698,2002,8,3,Before 2020,227,586107.0,589840.0,621832.0,499746.0,512760.0
2002-08-16,W,903666,592393,1496059,2002,8,4,Before 2020,228,599375.0,592938.0,595378.0,501108.14285714284,512011.43333333335
2002-08-17,A,644076,340569,984645,2002,8,5,Before 2020,229,592393.0,340015.0,596288.0,501030.28571428574,511911.93333333335
2002-08-18,U,490868,285298,776166,2002,8,6,Before 2020,230,340569.0,230526.0,612971.0,501109.4285714286,503387.9666666667
2002-08-19,W,847798,545503,1393301,2002,8,0,Before 2020,231,285298.0,579800.0,339113.0,508934.0,492465.5333333333
2002-08-20,W,918696,586734,1505430,2002,8,1,Before 2020,232,545503.0,578996.0,229156.0,504034.4285714286,499345.2
2002-08-21,W,904673,572717,1477390,2002,8,2,Before 2020,233,586734.0,586107.0,595784.0,505139.85714285716,511264.4666666667
2002-08-22,W,829797,533893,1363690,2002,8,3,Before 2020,234,572717.0,599375.0,623156.0,503227.0,510495.56666666665
2002-08-23,W,903292,570031,1473323,2002,8,4,Before 2020,235,533893.0,592393.0,617518.0,493872.4285714286,507520.13333333336
2002-08-24,A,625725,308392,934117,2002,8,5,Before 2020,236,570031.0,340569.0,608190.0,490677.85714285716,505937.23333333334
2002-08-25,U,441076,227484,668560,2002,8,6,Before 2020,237,308392.0,285298.0,590601.0,486081.14285714284,495943.9666666667
2002-08-26,W,920546,572967,1493513,2002,8,0,Before 2020,238,227484.0,545503.0,327980.0,477822.0,483840.06666666665
2002-08-27,W,923644,596884,1520528,2002,8,1,Before 2020,239,572967.0,586734.0,215040.0,481745.4285714286,492006.3
2002-08-28,W,922170,590348,1512518,2002,8,2,Before 2020,240,596884.0,572717.0,565324.0,483195.4285714286,504734.43333333335
2002-08-29,W,808555,532322,1340877,2002,8,3,Before 2020,241,590348.0,533893.0,614162.0,485714.14285714284,505568.56666666665
2002-08-30,W,987793,608056,1595849,2002,8,4,Before 2020,242,532322.0,570031.0,603775.0,485489.71428571426,502840.56666666665
2002-08-31,A,666152,345777,1011929,2002,8,5,Before 2020,243,608056.0,308392.0,607964.0,490921.85714285716,502983.26666666666
2002-09-01,U,477226,257229,734455,2002,9,6,Before 2020,244,345777.0,227484.0,612785.0,496262.5714285714,494243.7
2002-09-02,U,381482,201136,582618,2002,9,0,Before 2020,245,257229.0,572967.0,325279.0,500511.85714285716,482391.8333333333
2002-09-03,W,1106907,625970,1732877,2002,9,1,Before 2020,246,201136.0,596884.0,234620.0,447393.14285714284,478253.73333333334
2002-09-04,W,1087925,634665,1722590,2002,9,2,Before 2020,247,625970.0,590348.0,569627.0,451548.28571428574,491298.73333333334
2002-09-05,W,1083538,634950,1718488,2002,9,3,Before 2020,248,634665.0,532322.0,592722.0,457879.28571428574,493466.6666666667
2002-09-06,W,1082951,634809,1717760,2002,9,4,Before 2020,249,634950.0,608056.0,585313.0,472540.4285714286,494874.26666666666
2002-09-07,A,643335,318886,962221,2002,9,5,Before 2020,250,634809.0,345777.0,589840.0,476362.28571428574,496524.13333333336
2002-09-08,U,439942,218716,658658,2002,9,6,Before 2020,251,318886.0,257229.0,592938.0,472520.71428571426,487492.3333333333
2002-09-09,W,1071206,630453,1701659,2002,9,0,Before 2020,252,218716.0,201136.0,340015.0,467018.85714285716,475018.26666666666
2002-09-10,W,1050992,640278,1691270,2002,9,1,Before 2020,253,630453.0,625970.0,230526.0,528349.8571428572,484699.5333333333
2002-09-11,W,1045640,631554,1677194,2002,9,2,Before 2020,254,640278.0,634665.0,579800.0,530393.8571428572,498357.93333333335
2002-09-12,W,1059762,645114,1704876,2002,9,3,Before 2020,255,631554.0,634950.0,578996.0,529949.4285714285,500083.06666666665
2002-09-13,W,1064345,655102,1719447,2002,9,4,Before 2020,256,645114.0,634809.0,586107.0,531401.4285714285,502287.0
2002-09-14,A,642689,327322,970011,2002,9,5,Before 2020,257,655102.0,318886.0,599375.0,534300.4285714285,504586.8333333333
2002-09-15,U,421429,221310,642739,2002,9,6,Before 2020,258,327322.0,218716.0,592393.0,535505.5714285715,495518.4
2002-09-16,W,1049667,617848,1667515,2002,9,0,Before 2020,259,221310.0,630453.0,340569.0,535876.1428571428,483148.9666666667
2002-09-17,W,1064546,644444,1708990,2002,9,1,Before 2020,260,617848.0,640278.0,285298.0,534075.4285714285,492391.6
2002-09-18,W,1039162,643763,1682925,2002,9,2,Before 2020,261,644444.0,631554.0,545503.0,534670.5714285715,504363.13333333336
2002-09-19,W,1038608,640884,1679492,2002,9,3,Before 2020,262,643763.0,645114.0,586734.0,536414.7142857143,507638.4666666667
2002-09-20,W,1019280,626196,1645476,2002,9,4,Before 2020,263,640884.0,655102.0,572717.0,535810.4285714285,509443.4666666667
2002-09-21,A,674983,330553,1005536,2002,9,5,Before 2020,264,626196.0,327322.0,533893.0,531681.0,511226.1
2002-09-22,U,416973,215142,632115,2002,9,6,Before 2020,265,330553.0,221310.0,570031.0,532142.5714285715,504448.1
2002-09-23,W,1055515,637798,1693313,2002,9,0,Before 2020,266,215142.0,617848.0,308392.0,531261.4285714285,492618.4666666667
2002-09-24,W,1055580,664958,1720538,2002,9,1,Before 2020,267,637798.0,644444.0,227484.0,534111.4285714285,503598.6666666667
2002-09-25,W,1064437,666345,1730782,2002,9,2,Before 2020,268,664958.0,643763.0,572967.0,537042.0,518181.13333333336
2002-09-26,W,1057421,662347,1719768,2002,9,3,Before 2020,269,666345.0,640884.0,596884.0,540268.0,521293.73333333334
2002-09-27,W,1058970,651373,1710343,2002,9,4,Before 2020,270,662347.0,626196.0,590348.0,543334.1428571428,523475.8333333333
2002-09-28,A,632188,338847,971035,2002,9,5,Before 2020,271,651373.0,330553.0,532322.0,546930.8571428572,525510.0
2002-09-29,U,421618,232441,654059,2002,9,6,Before 2020,272,338847.0,215142.0,608056.0,548115.7142857143,519060.8333333333
2002-09-30,W,1048696,634065,1682761,2002,9,0,Before 2020,273,232441.0,637798.0,345777.0,550587.0,506540.3333333333
2002-10-01,W,1098830,653561,1752391,2002,10,1,Before 2020,274,634065.0,664958.0,257229.0,550053.7142857143,516149.93333333335
2002-10-02,W,1059836,648879,1708715,2002,10,2,Before 2020,275,653561.0,666345.0,201136.0,548425.5714285715,529361.0
2002-10-03,W,1100107,655905,1756012,2002,10,3,Before 2020,276,648879.0,662347.0,625970.0,545930.4285714285,544285.7666666667
2002-10-04,W,1024955,626723,1651678,2002,10,4,Before 2020,277,655905.0,651373.0,634665.0,545010.1428571428,545283.6
2002-10-05,A,672805,338207,1011012,2002,10,5,Before 2020,278,626723.0,338847.0,634950.0,541488.7142857143,545018.8666666667
2002-10-06,U,423210,223075,646285,2002,10,6,Before 2020,279,338207.0,232441.0,634809.0,541397.2857142857,535127.4333333333
2002-10-07,W,1086922,641838,1728760,2002,10,0,Before 2020,280,223075.0,634065.0,318886.0,540059.2857142857,521402.9666666667
2002-10-08,W,1074824,650758,1725582,2002,10,1,Before 2020,281,641838.0,653561.0,218716.0,541169.7142857143,532168.0333333333
2002-10-09,W,1064324,648974,1713298,2002,10,2,Before 2020,282,650758.0,648879.0,630453.0,540769.2857142857,546569.4333333333
2002-10-10,W,1072954,655002,1727956,2002,10,3,Before 2020,283,648974.0,655905.0,640278.0,540782.8571428572,547186.8
2002-10-11,W,1074197,658585,1732782,2002,10,4,Before 2020,284,655002.0,626723.0,631554.0,540653.8571428572,547677.6
2002-10-12,A,612527,332781,945308,2002,10,5,Before 2020,285,658585.0,338207.0,645114.0,545205.5714285715,548578.6333333333
2002-10-13,U,407917,323103,731020,2002,10,6,Before 2020,286,332781.0,223075.0,655102.0,544430.4285714285,538167.5333333333
2002-10-14,W,806818,542057,1348875,2002,10,0,Before 2020,287,323103.0,641838.0,327322.0,558720.1428571428,527100.9
2002-10-15,W,1068455,653527,1721982,2002,10,1,Before 2020,288,542057.0,650758.0,221310.0,544465.7142857143,534258.7333333333
2002-10-16,W,1036205,645880,1682085,2002,10,2,Before 2020,289,653527.0,648974.0,617848.0,544861.2857142857,548665.9666666667
2002-10-17,W,1030300,645590,1675890,2002,10,3,Before 2020,290,645880.0,655002.0,644444.0,544419.2857142857,549600.3666666667
2002-10-18,W,1059316,643043,1702359,2002,10,4,Before 2020,291,645590.0,658585.0,643763.0,543074.7142857143,549638.5666666667
2002-10-19,A,654965,333538,988503,2002,10,5,Before 2020,292,643043.0,332781.0,640884.0,540854.4285714285,549614.5666666667
2002-10-20,U,424767,222167,646934,2002,10,6,Before 2020,293,333538.0,323103.0,626196.0,540962.5714285715,539369.7
2002-10-21,W,1057968,632256,1690224,2002,10,0,Before 2020,294,222167.0,542057.0,330553.0,526543.1428571428,525902.0666666667
2002-10-22,W,1047657,645112,1692769,2002,10,1,Before 2020,295,632256.0,653527.0,215142.0,539428.7142857143,535958.8333333334
2002-10-23,W,1013066,635553,1648619,2002,10,2,Before 2020,296,645112.0,645880.0,637798.0,538226.5714285715,550291.1666666666
2002-10-24,W,1014798,642039,1656837,2002,10,3,Before 2020,297,635553.0,645590.0,664958.0,536751.2857142857,550216.3333333334
2002-10-25,W,1022926,632981,1655907,2002,10,4,Before 2020,298,642039.0,643043.0,666345.0,536244.0,549452.3666666667
2002-10-26,A,626185,331030,957215,2002,10,5,Before 2020,299,632981.0,333538.0,662347.0,534806.5714285715,548340.2333333333
2002-10-27,U,413385,217556,630941,2002,10,6,Before 2020,300,331030.0,222167.0,651373.0,534448.2857142857,537296.3333333334
2002-10-28,W,1041265,628314,1669579,2002,10,0,Before 2020,301,217556.0,632256.0,338847.0,533789.5714285715,522835.76666666666
2002-10-29,W,1025525,636398,1661923,2002,10,1,Before 2020,302,628314.0,645112.0,232441.0,533226.4285714285,532484.6666666666
2002-10-30,W,1036745,639993,1676738,2002,10,2,Before 2020,303,636398.0,635553.0,634065.0,531981.5714285715,545949.9
2002-10-31,W,1000155,635297,1635452,2002,10,3,Before 2020,304,639993.0,642039.0,653561.0,532615.8571428572,546147.5
2002-11-01,W,1069031,628183,1697214,2002,11,4,Before 2020,305,635297.0,632981.0,648879.0,531652.7142857143,545538.7
2002-11-02,A,647400,313106,960506,2002,11,5,Before 2020,306,628183.0,331030.0,655905.0,530967.2857142857,544848.8333333334
2002-11-03,U,418620,211506,630126,2002,11,6,Before 2020,307,313106.0,217556.0,626723.0,528406.7142857143,533422.2
2002-11-04,W,1072235,633872,1706107,2002,11,0,Before 2020,308,211506.0,628314.0,338207.0,527542.4285714285,519581.63333333336
2002-11-05,W,994530,613203,1607733,2002,11,1,Before 2020,309,633872.0,636398.0,223075.0,528336.4285714285,529437.1333333333
2002-11-06,W,1045767,644971,1690738,2002,11,2,Before 2020,310,613203.0,639993.0,641838.0,525022.8571428572,542441.4
2002-11-07,W,1065889,664817,1730706,2002,11,3,Before 2020,311,644971.0,635297.0,650758.0,525734.0,542545.8333333334
2002-11-08,W,995294,646927,1642221,2002,11,4,Before 2020,312,664817.0,628183.0,648974.0,529951.1428571428,543014.4666666667
2002-11-09,A,630142,329264,959406,2002,11,5,Before 2020,313,646927.0,313106.0,655002.0,532628.8571428572,542946.2333333333
2002-11-10,U,419858,220134,639992,2002,11,6,Before 2020,314,329264.0,211506.0,658585.0,534937.1428571428,532088.3
2002-11-11,W,780558,519021,1299579,2002,11,0,Before 2020,315,220134.0,633872.0,332781.0,536169.7142857143,517473.26666666666
2002-11-12,W,1029700,637242,1666942,2002,11,1,Before 2020,316,519021.0,613203.0,323103.0,519762.4285714286,523681.26666666666
2002-11-13,W,1035982,635224,1671206,2002,11,2,Before 2020,317,637242.0,644971.0,542057.0,523196.5714285714,534152.5666666667
2002-11-14,W,956533,625010,1581543,2002,11,3,Before 2020,318,635224.0,664817.0,653527.0,521804.14285714284,537258.1333333333
2002-11-15,W,1042694,630267,1672961,2002,11,4,Before 2020,319,625010.0,646927.0,645880.0,516117.4285714286,536307.5666666667
2002-11-16,A,600110,314114,914224,2002,11,5,Before 2020,320,630267.0,329264.0,645590.0,513737.4285714286,535787.1333333333
2002-11-17,U,393692,204651,598343,2002,11,6,Before 2020,321,314114.0,220134.0,643043.0,511573.14285714284,524737.9333333333
2002-11-18,W,1018831,619368,1638199,2002,11,0,Before 2020,322,204651.0,519021.0,333538.0,509361.28571428574,510124.86666666664
2002-11-19,W,1058349,638719,1697068,2002,11,1,Before 2020,323,619368.0,637242.0,222167.0,523696.5714285714,519652.5333333333
2002-11-20,W,1033748,630680,1664428,2002,11,2,Before 2020,324,638719.0,635224.0,632256.0,523907.5714285714,533537.6
2002-11-21,W,983825,621257,1605082,2002,11,3,Before 2020,325,630680.0,625010.0,645112.0,523258.4285714286,533485.0666666667
2002-11-22,W,1030889,618981,1649870,2002,11,4,Before 2020,326,621257.0,630267.0,635553.0,522722.28571428574,532689.9
2002-11-23,A,631388,353053,984441,2002,11,5,Before 2020,327,618981.0,314114.0,642039.0,521110.0,532137.5
2002-11-24,U,393321,202257,595578,2002,11,6,Before 2020,328,353053.0,204651.0,632981.0,526672.7142857143,522504.63333333336
2002-11-25,W,992101,602628,1594729,2002,11,0,Before 2020,329,202257.0,619368.0,331030.0,526330.7142857143,508147.1666666667
2002-11-26,W,959679,611673,1571352,2002,11,1,Before 2020,330,602628.0,638719.0,217556.0,523939.28571428574,517200.43333333335
2002-11-27,W,946620,584367,1530987,2002,11,2,Before 2020,331,611673.0,630680.0,628314.0,520075.5714285714,530337.6666666666
2002-11-28,U,297477,145995,443472,2002,11,3,Before 2020,332,584367.0,621257.0,636398.0,513459.4285714286,528872.7666666667
2002-11-29,W,676405,367260,1043665,2002,11,4,Before 2020,333,145995.0,618981.0,639993.0,445564.85714285716,512526.0
2002-11-30,A,525319,255100,780419,2002,11,5,Before 2020,334,367260.0,353053.0,635297.0,409604.71428571426,503434.9
2002-12-01,U,362192,187150,549342,2002,12,6,Before 2020,335,255100.0,202257.0,628183.0,395611.4285714286,490761.6666666667
2002-12-02,W,966808,598780,1565588,2002,12,0,Before 2020,336,187150.0,602628.0,313106.0,393453.28571428574,476060.56666666665
2002-12-03,W,1007666,622071,1629737,2002,12,1,Before 2020,337,598780.0,611673.0,211506.0,392903.5714285714,485583.0333333333
2002-12-04,W,1003459,610601,1614060,2002,12,2,Before 2020,338,622071.0,584367.0,633872.0,394389.0,499268.5333333333
2002-12-05,W,1005218,607822,1613040,2002,12,3,Before 2020,339,610601.0,145995.0,613203.0,398136.71428571426,498492.8333333333
2002-12-06,W,1018401,602004,1620405,2002,12,4,Before 2020,340,607822.0,367260.0,644971.0,464112.0,498313.4666666667
2002-12-07,A,627855,318034,945889,2002,12,5,Before 2020,341,602004.0,255100.0,664817.0,497646.85714285716,496881.23333333334
2002-12-08,U,396717,202070,598787,2002,12,6,Before 2020,342,318034.0,187150.0,646927.0,506637.4285714286,485321.8
2002-12-09,W,994622,575116,1569738,2002,12,0,Before 2020,343,202070.0,598780.0,329264.0,508768.85714285716,470493.23333333334
2002-12-10,W,1030456,601656,1632112,2002,12,1,Before 2020,344,575116.0,622071.0,220134.0,505388.28571428574,478688.3
2002-12-11,W,1021640,603601,1625241,2002,12,2,Before 2020,345,601656.0,610601.0,519021.0,502471.85714285716,491405.7
2002-12-12,W,1015667,602683,1618350,2002,12,3,Before 2020,346,603601.0,607822.0,637242.0,501471.85714285716,494225.0333333333
2002-12-13,W,1020480,600852,1621332,2002,12,4,Before 2020,347,602683.0,602004.0,635224.0,500737.71428571426,493073.06666666665
2002-12-14,A,653848,325639,979487,2002,12,5,Before 2020,348,600852.0,318034.0,625010.0,500573.14285714284,491927.3333333333
2002-12-15,U,435253,216394,651647,2002,12,6,Before 2020,349,325639.0,202070.0,630267.0,501659.5714285714,481948.3
2002-12-16,W,1003932,577286,1581218,2002,12,0,Before 2020,350,216394.0,575116.0,314114.0,503705.85714285716,468152.5333333333
2002-12-17,W,985528,583328,1568856,2002,12,1,Before 2020,351,577286.0,601656.0,204651.0,504015.85714285716,476924.93333333335
2002-12-18,W,939870,571921,1511791,2002,12,2,Before 2020,352,583328.0,603601.0,619368.0,501397.5714285714,489547.5
2002-12-19,W,1020038,590493,1610531,2002,12,3,Before 2020,353,571921.0,602683.0,638719.0,496871.85714285716,487965.93333333335
2002-12-20,W,984913,565925,1550838,2002,12,4,Before 2020,354,590493.0,600852.0,630680.0,495130.4285714286,486358.4
2002-12-21,A,614025,284719,898744,2002,12,5,Before 2020,355,565925.0,325639.0,621257.0,490140.85714285716,484199.9
2002-12-22,U,404210,194323,598533,2002,12,6,Before 2020,356,284719.0,216394.0,618981.0,484295.14285714284,472981.9666666667
2002-12-23,W,827316,467245,1294561,2002,12,0,Before 2020,357,194323.0,577286.0,353053.0,481142.14285714284,458826.7
2002-12-24,W,621673,319916,941589,2002,12,1,Before 2020,358,467245.0,583328.0,202257.0,465422.0,462633.1
2002-12-25,U,237547,96846,334393,2002,12,2,Before 2020,359,319916.0,571921.0,602628.0,427791.71428571426,466555.06666666665
2002-12-26,W,661076,372317,1033393,2002,12,3,Before 2020,360,96846.0,590493.0,611673.0,359923.85714285716,449695.6666666667
2002-12-27,W,744896,424575,1169471,2002,12,4,Before 2020,361,372317.0,565925.0,584367.0,328755.85714285716,441717.13333333336
2002-12-28,A,528087,236606,764693,2002,12,5,Before 2020,362,424575.0,284719.0,145995.0,308563.0,436390.73333333334
2002-12-29,U,380197,181081,561278,2002,12,6,Before 2020,363,236606.0,194323.0,367260.0,301689.71428571426,439411.1
2002-12-30,W,773707,469806,1243513,2002,12,0,Before 2020,364,181081.0,467245.0,255100.0,299798.0,433205.13333333336
2002-12-31,W,792623,456865,1249488,2002,12,1,Before 2020,365,469806.0,319916.0,187150.0,300163.85714285716,440362.0
2003-01-01,U,325478,169985,495463,2003,1,2,Before 2020,1,456865.0,96846.0,598780.0,319728.0,449352.5
2003-01-02,W,757781,484840,1242621,2003,1,3,Before 2020,2,169985.0,372317.0,622071.0,330176.4285714286,435059.3333333333
2003-01-03,W,861580,515985,1377565,2003,1,4,Before 2020,3,484840.0,424575.0,610601.0,346251.14285714284,430484.9666666667
2003-01-04,A,570941,255217,826158,2003,1,5,Before 2020,4,515985.0,236606.0,607822.0,359309.71428571426,427331.1
2003-01-05,U,377813,177159,554972,2003,1,6,Before 2020,5,255217.0,181081.0,602004.0,361968.4285714286,415577.6
2003-01-06,W,982617,574868,1557485,2003,1,0,Before 2020,6,177159.0,469806.0,318034.0,361408.14285714284,401416.1
2003-01-07,W,982542,580676,1563218,2003,1,1,Before 2020,7,574868.0,456865.0,202070.0,376417.0,409977.23333333334
2003-01-08,W,1011812,592758,1604570,2003,1,2,Before 2020,8,580676.0,169985.0,575116.0,394104.28571428574,422597.43333333335
2003-01-09,W,979678,586435,1566113,2003,1,3,Before 2020,9,592758.0,484840.0,601656.0,454500.4285714286,423185.5
2003-01-10,W,963808,567691,1531499,2003,1,4,Before 2020,10,586435.0,515985.0,603601.0,469014.0,422678.13333333336
2003-01-11,A,506478,250051,756529,2003,1,5,Before 2020,11,567691.0,255217.0,602683.0,476400.5714285714,421481.13333333336
2003-01-12,U,346918,171467,518385,2003,1,6,Before 2020,12,250051.0,177159.0,600852.0,475662.5714285714,409726.73333333334
2003-01-13,W,973653,585781,1559434,2003,1,0,Before 2020,13,171467.0,574868.0,325639.0,474849.4285714286,395413.9
2003-01-14,W,940805,594400,1535205,2003,1,1,Before 2020,14,585781.0,580676.0,216394.0,476408.4285714286,404085.3
2003-01-15,W,928578,583104,1511682,2003,1,2,Before 2020,15,594400.0,592758.0,577286.0,478369.0,416685.5
2003-01-16,W,945280,591915,1537195,2003,1,3,Before 2020,16,583104.0,586435.0,583328.0,476989.85714285716,416879.43333333335
2003-01-17,W,973358,584772,1558130,2003,1,4,Before 2020,17,591915.0,567691.0,571921.0,477772.71428571426,417165.6666666667
2003-01-18,A,512435,261058,773493,2003,1,5,Before 2020,18,584772.0,250051.0,590493.0,480212.85714285716,417594.0333333333
2003-01-19,U,327279,172937,500216,2003,1,6,Before 2020,19,261058.0,171467.0,565925.0,481785.28571428574,406612.86666666664
2003-01-20,W,604089,375958,980047,2003,1,0,Before 2020,20,172937.0,585781.0,284719.0,481995.28571428574,393513.26666666666
2003-01-21,W,954156,590827,1544983,2003,1,1,Before 2020,21,375958.0,594400.0,194323.0,452020.5714285714,396554.56666666665
2003-01-22,W,912033,572491,1484524,2003,1,2,Before 2020,22,590827.0,583104.0,467245.0,451510.14285714284,409771.36666666664
2003-01-23,W,822317,541015,1363332,2003,1,3,Before 2020,23,572491.0,591915.0,319916.0,449994.0,413279.56666666665
2003-01-24,W,893501,546353,1439854,2003,1,4,Before 2020,24,541015.0,584772.0,96846.0,442722.5714285714,420649.5333333333
2003-01-25,A,547944,259287,807231,2003,1,5,Before 2020,25,546353.0,261058.0,372317.0,437234.14285714284,435633.1
2003-01-26,U,335046,168783,503829,2003,1,6,Before 2020,26,259287.0,172937.0,424575.0,436981.14285714284,431865.43333333335
2003-01-27,W,922033,564295,1486328,2003,1,0,Before 2020,27,168783.0,375958.0,236606.0,436387.71428571426,423339.0333333333
2003-01-28,W,952120,598146,1550266,2003,1,1,Before 2020,28,564295.0,590827.0,181081.0,463293.0,434262.0
2003-01-29,W,970605,594588,1565193,2003,1,2,Before 2020,29,598146.0,572491.0,469806.0,464338.5714285714,448164.1666666667
2003-01-30,W,993731,601060,1594791,2003,1,3,Before 2020,30,594588.0,541015.0,456865.0,467495.28571428574,452323.56666666665
2003-01-31,W,929004,577555,1506559,2003,1,4,Before 2020,31,601060.0,546353.0,169985.0,476073.14285714284,457130.06666666665
2003-02-01,A,639705,291226,930931,2003,2,5,Before 2020,32,577555.0,259287.0,484840.0,480530.5714285714,470715.73333333334
2003-02-02,U,415598,192294,607892,2003,2,6,Before 2020,33,291226.0,168783.0,515985.0,485093.28571428574,464261.93333333335
2003-02-03,W,1039918,596186,1636104,2003,2,0,Before 2020,34,192294.0,564295.0,255217.0,488452.0,453472.23333333334
2003-02-04,W,980582,597044,1577626,2003,2,1,Before 2020,35,596186.0,598146.0,177159.0,493007.85714285716,464837.86666666664
2003-02-05,W,961776,585552,1547328,2003,2,2,Before 2020,36,597044.0,594588.0,574868.0,492850.4285714286,478834.0333333333
2003-02-06,W,981973,596888,1578861,2003,2,3,Before 2020,37,585552.0,601060.0,580676.0,491559.5714285714,479190.1666666667
2003-02-07,W,953979,573249,1527228,2003,2,4,Before 2020,38,596888.0,577555.0,592758.0,490963.5714285714,479730.56666666665
2003-02-08,A,563430,270521,833951,2003,2,5,Before 2020,39,573249.0,291226.0,586435.0,490348.4285714286,479080.26666666666
2003-02-09,U,367964,180861,548825,2003,2,6,Before 2020,40,270521.0,192294.0,567691.0,487390.5714285714,468549.8
2003-02-10,W,948507,584120,1532627,2003,2,0,Before 2020,41,180861.0,596186.0,250051.0,485757.28571428574,455655.4666666667
2003-02-11,W,928346,592292,1520638,2003,2,1,Before 2020,42,584120.0,597044.0,171467.0,484033.5714285714,466791.1
2003-02-12,W,749254,523192,1272446,2003,2,2,Before 2020,43,592292.0,585552.0,585781.0,483354.71428571426,480818.6
2003-02-13,W,978871,597819,1576690,2003,2,3,Before 2020,44,523192.0,596888.0,594400.0,474446.14285714284,478732.3
2003-02-14,W,985806,594045,1579851,2003,2,4,Before 2020,45,597819.0,573249.0,583104.0,474579.14285714284,478846.26666666666
2003-02-15,A,543945,271823,815768,2003,2,5,Before 2020,46,594045.0,270521.0,591915.0,477550.0,479210.9666666667
2003-02-16,U,365939,188276,554215,2003,2,6,Before 2020,47,271823.0,180861.0,584772.0,477736.0,468541.23333333334
2003-02-17,W,709845,447938,1157783,2003,2,0,Before 2020,48,188276.0,584120.0,261058.0,478795.28571428574,455324.7
2003-02-18,W,974450,604717,1579167,2003,2,1,Before 2020,49,447938.0,592292.0,172937.0,459340.71428571426,461554.0333333333
2003-02-19,W,982943,605097,1588040,2003,2,2,Before 2020,50,604717.0,523192.0,375958.0,461115.71428571426,475946.7
2003-02-20,W,988095,611766,1599861,2003,2,3,Before 2020,51,605097.0,597819.0,590827.0,472816.4285714286,483584.6666666667
2003-02-21,W,1005940,601156,1607096,2003,2,4,Before 2020,52,611766.0,594045.0,572491.0,474808.85714285716,484282.63333333336
2003-02-22,A,529921,276538,806459,2003,2,5,Before 2020,53,601156.0,271823.0,541015.0,475824.71428571426,485238.13333333336
2003-02-23,U,377363,185905,563268,2003,2,6,Before 2020,54,276538.0,188276.0,546353.0,476498.28571428574,476422.23333333334
2003-02-24,W,908324,574013,1482337,2003,2,0,Before 2020,55,185905.0,447938.0,259287.0,476159.5714285714,464407.3
2003-02-25,W,897857,572520,1470377,2003,2,1,Before 2020,56,574013.0,604717.0,168783.0,494170.28571428574,474898.1666666667
2003-02-26,W,939161,588630,1527791,2003,2,2,Before 2020,57,572520.0,605097.0,564295.0,489570.71428571426,488356.06666666665
2003-02-27,W,951569,599144,1550713,2003,2,3,Before 2020,58,588630.0,611766.0,598146.0,487218.28571428574,489167.23333333334
2003-02-28,W,1011530,597504,1609034,2003,2,4,Before 2020,59,599144.0,601156.0,594588.0,485415.14285714284,489200.5
2003-03-01,A,610177,291264,901441,2003,3,5,Before 2020,60,597504.0,276538.0,601060.0,484893.4285714286,489297.7
2003-03-02,U,347417,182200,529617,2003,3,6,Before 2020,61,291264.0,185905.0,577555.0,486997.14285714284,478971.1666666667
2003-03-03,W,822165,535306,1357471,2003,3,0,Before 2020,62,182200.0,574013.0,291226.0,486467.85714285716,465792.6666666667
2003-03-04,W,964967,606043,1571010,2003,3,1,Before 2020,63,535306.0,572520.0,192294.0,480938.28571428574,473928.6666666667
2003-03-05,W,868551,583929,1452480,2003,3,2,Before 2020,64,606043.0,588630.0,596186.0,485727.28571428574,487720.3
2003-03-06,W,874641,573715,1448356,2003,3,3,Before 2020,65,583929.0,599144.0,597044.0,485055.71428571426,487311.73333333334
2003-03-07,W,980484,584273,1564757,2003,3,4,Before 2020,66,573715.0,597504.0,585552.0,481423.0,486534.1
2003-03-08,A,550093,274523,824616,2003,3,5,Before 2020,67,584273.0,291264.0,596888.0,479532.85714285716,486491.4666666667
2003-03-09,U,335884,177874,513758,2003,3,6,Before 2020,68,274523.0,182200.0,573249.0,477141.28571428574,475745.9666666667
2003-03-10,W,916661,573635,1490296,2003,3,0,Before 2020,69,177874.0,535306.0,270521.0,476523.28571428574,462566.8
2003-03-11,W,971894,601034,1572928,2003,3,1,Before 2020,70,573635.0,606043.0,180861.0,481998.85714285716,472670.6
2003-03-12,W,981590,604333,1585923,2003,3,2,Before 2020,71,601034.0,583929.0,584120.0,481283.28571428574,486676.36666666664
2003-03-13,W,978881,609896,1588777,2003,3,3,Before 2020,72,604333.0,573715.0,592292.0,484198.14285714284,487350.13333333336
2003-03-14,W,1009566,615377,1624943,2003,3,4,Before 2020,73,609896.0,584273.0,523192.0,489366.85714285716,487936.93333333335
2003-03-15,A,637081,381570,1018651,2003,3,5,Before 2020,74,615377.0,274523.0,597819.0,493810.28571428574,491009.76666666666
2003-03-16,U,429227,235438,664665,2003,3,6,Before 2020,75,381570.0,177874.0,594045.0,509102.71428571426,483801.4666666667
2003-03-17,W,976703,597982,1574685,2003,3,0,Before 2020,76,235438.0,573635.0,271823.0,517326.14285714284,471847.9
2003-03-18,W,963349,596226,1559575,2003,3,1,Before 2020,77,597982.0,601034.0,188276.0,520804.28571428574,482719.86666666664
2003-03-19,W,938499,586881,1525380,2003,3,2,Before 2020,78,596226.0,604333.0,447938.0,520117.4285714286,496318.2
2003-03-20,W,936654,594341,1530995,2003,3,3,Before 2020,79,586881.0,609896.0,604717.0,517624.28571428574,500949.63333333336
2003-03-21,W,967479,588655,1556134,2003,3,4,Before 2020,80,594341.0,615377.0,605097.0,515402.14285714284,500603.76666666666
2003-03-22,A,577660,292329,869989,2003,3,5,Before 2020,81,588655.0,381570.0,611766.0,511584.71428571426,500055.7
2003-03-23,U,410745,215626,626371,2003,3,6,Before 2020,82,292329.0,235438.0,601156.0,498836.0,489407.8
2003-03-24,W,962889,584149,1547038,2003,3,0,Before 2020,83,215626.0,597982.0,276538.0,496005.71428571426,476556.8
2003-03-25,W,973017,594589,1567606,2003,3,1,Before 2020,84,584149.0,596226.0,185905.0,494029.5714285714,486810.5
2003-03-26,W,968581,594924,1563505,2003,3,2,Before 2020,85,594589.0,586881.0,574013.0,493795.71428571426,500433.3
2003-03-27,W,969195,593676,1562871,2003,3,3,Before 2020,86,594924.0,594341.0,572520.0,494944.71428571426,501130.3333333333
2003-03-28,W,815984,552242,1368226,2003,3,4,Before 2020,87,593676.0,588655.0,588630.0,494849.71428571426,501835.5333333333
2003-03-29,A,555638,280361,835999,2003,3,5,Before 2020,88,552242.0,292329.0,599144.0,489647.85714285716,500622.6
2003-03-30,U,372071,191109,563180,2003,3,6,Before 2020,89,280361.0,215626.0,597504.0,487938.14285714284,489996.5
2003-03-31,W,973924,577834,1551758,2003,3,0,Before 2020,90,191109.0,584149.0,291264.0,484435.71428571426,476450.0
2003-04-01,W,1028531,603564,1632095,2003,4,1,Before 2020,91,577834.0,594589.0,182200.0,483533.5714285714,486002.3333333333
2003-04-02,W,1020829,602855,1623684,2003,4,2,Before 2020,92,603564.0,594924.0,535306.0,484815.71428571426,500047.8
2003-04-03,W,995062,592074,1587136,2003,4,3,Before 2020,93,602855.0,593676.0,606043.0,485948.71428571426,502299.43333333335
2003-04-04,W,912458,572837,1485295,2003,4,4,Before 2020,94,592074.0,552242.0,583929.0,485719.85714285716,501833.8
2003-04-05,A,593273,293496,886769,2003,4,5,Before 2020,95,572837.0,280361.0,573715.0,488662.0,501464.06666666665
2003-04-06,U,370275,188467,558742,2003,4,6,Before 2020,96,293496.0,191109.0,584273.0,490538.4285714286,492123.43333333335
2003-04-07,W,873605,565391,1438996,2003,4,0,Before 2020,97,188467.0,577834.0,274523.0,490161.0,478929.9
2003-04-08,W,947482,599769,1547251,2003,4,1,Before 2020,98,565391.0,603564.0,177874.0,488383.4285714286,488625.5
2003-04-09,W,986992,611985,1598977,2003,4,2,Before 2020,99,599769.0,602855.0,573635.0,487841.28571428574,502688.6666666667
2003-04-10,W,1007977,624279,1632256,2003,4,3,Before 2020,100,611985.0,592074.0,601034.0,489145.5714285714,503967.0
2003-04-11,W,912918,600667,1513585,2003,4,4,Before 2020,101,624279.0,572837.0,604333.0,493746.28571428574,504741.8333333333
2003-04-12,A,602670,321354,924024,2003,4,5,Before 2020,102,600667.0,293496.0,609896.0,497722.0,504619.63333333336
2003-04-13,U,407540,219553,627093,2003,4,6,Before 2020,103,321354.0,188467.0,615377.0,501701.71428571426,495001.56666666665
2003-04-14,W,904517,593473,1497990,2003,4,0,Before 2020,104,219553.0,565391.0,381570.0,506142.5714285714,481807.43333333335
2003-04-15,W,894368,606461,1500829,2003,4,1,Before 2020,105,593473.0,599769.0,235438.0,510154.28571428574,488870.86666666664
2003-04-16,W,836328,578259,1414587,2003,4,2,Before 2020,106,606461.0,611985.0,597982.0,511110.28571428574,501238.3
2003-04-17,W,815274,563613,1378887,2003,4,3,Before 2020,107,578259.0,624279.0,596226.0,506292.28571428574,500580.86666666664
2003-04-18,W,769997,482196,1252193,2003,4,4,Before 2020,108,563613.0,600667.0,586881.0,497625.71428571426,499493.76666666666
2003-04-19,A,562148,263464,825612,2003,4,5,Before 2020,109,482196.0,321354.0,594341.0,480701.28571428574,496004.26666666666
2003-04-20,U,368478,172399,540877,2003,4,6,Before 2020,110,263464.0,219553.0,588655.0,472431.28571428574,484975.0333333333
2003-04-21,W,925231,572442,1497673,2003,4,0,Before 2020,111,172399.0,593473.0,292329.0,465695.0,471099.8333333333
2003-04-22,W,964240,617403,1581643,2003,4,1,Before 2020,112,572442.0,606461.0,215626.0,462690.5714285714,480436.93333333335
2003-04-23,W,923474,613127,1536601,2003,4,2,Before 2020,113,617403.0,578259.0,584149.0,464253.71428571426,493829.5
2003-04-24,W,961316,620140,1581456,2003,4,3,Before 2020,114,613127.0,563613.0,594589.0,469234.85714285716,494795.43333333335
2003-04-25,W,979369,595103,1574472,2003,4,4,Before 2020,115,620140.0,482196.0,594924.0,477310.14285714284,495647.13333333336
2003-04-26,A,588057,300728,888785,2003,4,5,Before 2020,116,595103.0,263464.0,593676.0,493439.71428571426,495653.1
2003-04-27,U,403462,210716,614178,2003,4,6,Before 2020,117,300728.0,172399.0,552242.0,498763.14285714284,485888.1666666667
2003-04-28,W,962103,582145,1544248,2003,4,0,Before 2020,118,210716.0,572442.0,280361.0,504237.0,474503.9666666667
2003-04-29,W,958977,595629,1554606,2003,4,1,Before 2020,119,582145.0,617403.0,191109.0,505623.14285714284,484563.43333333335
2003-04-30,W,828642,567596,1396238,2003,4,2,Before 2020,120,595629.0,613127.0,577834.0,502512.5714285714,498047.43333333335
2003-05-01,W,971218,597161,1568379,2003,5,3,Before 2020,121,567596.0,620140.0,603564.0,496008.14285714284,497706.1666666667
2003-05-02,W,1039212,616460,1655672,2003,5,4,Before 2020,122,597161.0,595103.0,602855.0,492725.4285714286,497492.73333333334
2003-05-03,A,645503,335590,981093,2003,5,5,Before 2020,123,616460.0,300728.0,592074.0,495776.4285714286,497946.23333333334
2003-05-04,U,395799,214366,610165,2003,5,6,Before 2020,124,335590.0,210716.0,572837.0,500756.71428571426,489396.76666666666
2003-05-05,W,1006467,608082,1614549,2003,5,0,Before 2020,125,214366.0,582145.0,293496.0,501278.14285714284,477447.73333333334
2003-05-06,W,1007795,626276,1634071,2003,5,1,Before 2020,126,608082.0,595629.0,188467.0,504983.4285714286,487933.93333333335
2003-05-07,W,977279,610370,1587649,2003,5,2,Before 2020,127,626276.0,567596.0,565391.0,509361.5714285714,502527.56666666665
2003-05-08,W,984692,605164,1589856,2003,5,3,Before 2020,128,610370.0,597161.0,599769.0,515472.14285714284,504026.86666666664
2003-05-09,W,992211,616706,1608917,2003,5,4,Before 2020,129,605164.0,616460.0,611985.0,516615.4285714286,504206.7
2003-05-10,A,577508,301857,879365,2003,5,5,Before 2020,130,616706.0,335590.0,624279.0,516650.5714285714,504364.06666666665
2003-05-11,U,322449,193398,515847,2003,5,6,Before 2020,131,301857.0,214366.0,600667.0,511831.5714285714,493616.6666666667
2003-05-12,W,956974,580553,1537527,2003,5,0,Before 2020,132,193398.0,608082.0,321354.0,508836.14285714284,480041.0333333333
2003-05-13,W,981698,602563,1584261,2003,5,1,Before 2020,133,580553.0,626276.0,219553.0,504903.4285714286,488681.0
2003-05-14,W,911890,583198,1495088,2003,5,2,Before 2020,134,602563.0,610370.0,593473.0,501515.85714285716,501448.0
2003-05-15,W,971525,598384,1569909,2003,5,3,Before 2020,135,583198.0,605164.0,606461.0,497634.14285714284,501105.5
2003-05-16,W,999630,589910,1589540,2003,5,4,Before 2020,136,598384.0,616706.0,578259.0,496665.5714285714,500836.26666666666
2003-05-17,A,614484,304723,919207,2003,5,5,Before 2020,137,589910.0,301857.0,563613.0,492837.5714285714,501224.63333333336
2003-05-18,U,403043,207860,610903,2003,5,6,Before 2020,138,304723.0,193398.0,482196.0,493247.0,492594.9666666667
2003-05-19,W,961806,579665,1541471,2003,5,0,Before 2020,139,207860.0,580553.0,263464.0,495313.0,483450.43333333335
2003-05-20,W,966295,594508,1560803,2003,5,1,Before 2020,140,579665.0,602563.0,172399.0,495186.14285714284,493990.4666666667
2003-05-21,W,992696,592768,1585464,2003,5,2,Before 2020,141,594508.0,583198.0,572442.0,494035.4285714286,508060.76666666666
2003-05-22,W,967683,590893,1558576,2003,5,3,Before 2020,142,592768.0,598384.0,617403.0,495402.5714285714,508738.3
2003-05-23,W,969112,575372,1544484,2003,5,4,Before 2020,143,590893.0,589910.0,613127.0,494332.4285714286,507854.63333333336
2003-05-24,A,591523,301068,892591,2003,5,5,Before 2020,144,575372.0,304723.0,620140.0,492255.5714285714,506596.13333333336
2003-05-25,U,408454,223466,631920,2003,5,6,Before 2020,145,301068.0,207860.0,595103.0,491733.4285714286,495960.4
2003-05-26,U,380796,224023,604819,2003,5,0,Before 2020,146,223466.0,579665.0,300728.0,493962.85714285716,483572.5
2003-05-27,W,961009,597804,1558813,2003,5,1,Before 2020,147,224023.0,594508.0,210716.0,443156.85714285716,481015.6666666667
2003-05-28,W,910537,586704,1497241,2003,5,2,Before 2020,148,597804.0,592768.0,582145.0,443627.71428571426,493918.6
2003-05-29,W,961715,595331,1557046,2003,5,3,Before 2020,149,586704.0,590893.0,595629.0,442761.4285714286,494070.56666666665
2003-05-30,W,988281,613622,1601903,2003,5,4,Before 2020,150,595331.0,575372.0,567596.0,443395.4285714286,494060.63333333336
2003-05-31,A,575015,318134,893149,2003,5,5,Before 2020,151,613622.0,301068.0,597161.0,448859.71428571426,495594.8333333333
2003-06-01,U,422827,245291,668118,2003,6,6,Before 2020,152,318134.0,223466.0,616460.0,451297.71428571426,486293.93333333335
2003-06-02,W,978201,583126,1561327,2003,6,0,Before 2020,153,245291.0,224023.0,335590.0,454415.5714285714,473921.63333333336
2003-06-03,W,992041,610279,1602320,2003,6,1,Before 2020,154,583126.0,597804.0,214366.0,505716.0,482172.8333333333
2003-06-04,W,997077,615414,1612491,2003,6,2,Before 2020,155,610279.0,586704.0,608082.0,507498.14285714284,495369.93333333335
2003-06-05,W,991907,622481,1614388,2003,6,3,Before 2020,156,615414.0,595331.0,626276.0,511599.5714285714,495614.3333333333
2003-06-06,W,962917,615632,1578549,2003,6,4,Before 2020,157,622481.0,613622.0,610370.0,515478.14285714284,495487.8333333333
2003-06-07,A,634650,354198,988848,2003,6,5,Before 2020,158,615632.0,318134.0,605164.0,515765.28571428574,495663.23333333334
2003-06-08,U,380953,229228,610181,2003,6,6,Before 2020,159,354198.0,245291.0,616706.0,520917.28571428574,487297.7
2003-06-09,W,987516,590887,1578403,2003,6,0,Before 2020,160,229228.0,583126.0,301857.0,518622.5714285714,474381.76666666666
2003-06-10,W,940459,596552,1537011,2003,6,1,Before 2020,161,590887.0,610279.0,193398.0,519731.28571428574,484016.1
2003-06-11,W,961149,607043,1568192,2003,6,2,Before 2020,162,596552.0,615414.0,580553.0,517770.28571428574,497454.56666666665
2003-06-12,W,969572,604883,1574455,2003,6,3,Before 2020,163,607043.0,622481.0,602563.0,516574.4285714286,498337.56666666665
2003-06-13,W,976147,592987,1569134,2003,6,4,Before 2020,164,604883.0,615632.0,583198.0,514060.4285714286,498414.9
2003-06-14,A,626911,320029,946940,2003,6,5,Before 2020,165,592987.0,354198.0,598384.0,510825.4285714286,498741.2
2003-06-15,U,421515,221822,643337,2003,6,6,Before 2020,166,320029.0,229228.0,589910.0,505944.14285714284,489462.7
2003-06-16,W,955066,581387,1536453,2003,6,0,Before 2020,167,221822.0,590887.0,304723.0,504886.14285714284,477193.1
2003-06-17,W,965718,601420,1567138,2003,6,1,Before 2020,168,581387.0,596552.0,207860.0,503529.0,486415.23333333334
2003-06-18,W,897454,587986,1485440,2003,6,2,Before 2020,169,601420.0,607043.0,579665.0,504224.4285714286,499533.9
2003-06-19,W,946693,596124,1542817,2003,6,3,Before 2020,170,587986.0,604883.0,594508.0,501502.0,499811.26666666666
2003-06-20,W,938177,611219,1549396,2003,6,4,Before 2020,171,596124.0,592987.0,592768.0,500250.71428571426,499865.13333333336
2003-06-21,A,610796,345895,956691,2003,6,5,Before 2020,172,611219.0,320029.0,590893.0,502855.28571428574,500480.1666666667
2003-06-22,U,423283,242077,665360,2003,6,6,Before 2020,173,345895.0,221822.0,575372.0,506550.4285714286,492313.56666666665
2003-06-23,W,855955,568379,1424334,2003,6,0,Before 2020,174,242077.0,581387.0,301068.0,509444.0,481203.73333333334
2003-06-24,W,928442,620552,1548994,2003,6,1,Before 2020,175,568379.0,601420.0,223466.0,507585.71428571426,490114.1
2003-06-25,W,841205,603880,1445085,2003,6,2,Before 2020,176,620552.0,587986.0,224023.0,510318.85714285716,503350.3
2003-06-26,W,833307,600660,1433967,2003,6,3,Before 2020,177,603880.0,596124.0,597804.0,512589.4285714286,516012.2
2003-06-27,W,890776,661150,1551926,2003,6,4,Before 2020,178,600660.0,611219.0,586704.0,513237.4285714286,516107.4
2003-06-28,A,561500,350162,911662,2003,6,5,Before 2020,179,661150.0,345895.0,595331.0,520370.4285714286,518588.93333333335
2003-06-29,U,421380,329753,751133,2003,6,6,Before 2020,180,350162.0,242077.0,613622.0,520980.0,510416.63333333336
2003-06-30,W,884729,611874,1496603,2003,6,0,Before 2020,181,329753.0,568379.0,318134.0,533505.1428571428,500954.3333333333
2003-07-01,W,957351,634210,1591561,2003,7,1,Before 2020,182,611874.0,620552.0,245291.0,539718.7142857143,510745.6666666667
2003-07-02,W,936777,640212,1576989,2003,7,2,Before 2020,183,634210.0,603880.0,583126.0,541669.8571428572,523709.63333333336
2003-07-03,W,983110,790702,1773812,2003,7,3,Before 2020,184,640212.0,600660.0,610279.0,546860.1428571428,525612.5
2003-07-04,U,471591,347887,819478,2003,7,4,Before 2020,185,790702.0,661150.0,615414.0,574009.0,531626.6
2003-07-05,A,549605,363309,912914,2003,7,5,Before 2020,186,347887.0,350162.0,622481.0,529257.1428571428,522709.0333333333
2003-07-06,U,389816,269228,659044,2003,7,6,Before 2020,187,363309.0,329753.0,615632.0,531135.2857142857,514069.9666666667
2003-07-07,W,852771,569437,1422208,2003,7,0,Before 2020,188,269228.0,611874.0,354198.0,522488.85714285716,502523.1666666667
2003-07-08,W,846175,579733,1425908,2003,7,1,Before 2020,189,569437.0,634210.0,229228.0,516426.4285714286,509697.8
2003-07-09,W,871942,598967,1470909,2003,7,2,Before 2020,190,579733.0,640212.0,590887.0,508644.0,521381.3
2003-07-10,W,893195,614469,1507664,2003,7,3,Before 2020,191,598967.0,790702.0,596552.0,502751.85714285716,521650.63333333336
2003-07-11,W,907669,615433,1523102,2003,7,4,Before 2020,192,614469.0,347887.0,607043.0,477575.71428571426,522247.86666666664
2003-07-12,A,607118,339152,946270,2003,7,5,Before 2020,193,615433.0,363309.0,604883.0,515796.5714285714,522527.5333333333
2003-07-13,U,421579,257051,678630,2003,7,6,Before 2020,194,339152.0,269228.0,592987.0,512345.5714285714,513669.8333333333
2003-07-14,W,905206,611190,1516396,2003,7,0,Before 2020,195,257051.0,569437.0,320029.0,510606.0,502471.9666666667
2003-07-15,W,874304,618204,1492508,2003,7,1,Before 2020,196,611190.0,579733.0,221822.0,516570.71428571426,512177.3333333333
2003-07-16,W,915630,597927,1513557,2003,7,2,Before 2020,197,618204.0,598967.0,581387.0,522066.5714285714,525390.0666666667
2003-07-17,W,861722,579675,1441397,2003,7,3,Before 2020,198,597927.0,614469.0,601420.0,521918.0,525941.4
2003-07-18,W,902204,590356,1492560,2003,7,4,Before 2020,199,579675.0,615433.0,587986.0,516947.4285714286,525216.5666666667
2003-07-19,A,619480,324535,944015,2003,7,5,Before 2020,200,590356.0,339152.0,596124.0,513365.0,525295.5666666667
2003-07-20,U,403847,224010,627857,2003,7,6,Before 2020,201,324535.0,257051.0,611219.0,511276.85714285716,516242.6
2003-07-21,W,883219,578363,1461582,2003,7,0,Before 2020,202,224010.0,611190.0,345895.0,506556.71428571426,503335.63333333336
2003-07-22,W,889426,590880,1480306,2003,7,1,Before 2020,203,578363.0,618204.0,242077.0,501867.14285714284,511084.56666666665
2003-07-23,W,906650,622160,1528810,2003,7,2,Before 2020,204,590880.0,597927.0,568379.0,497963.71428571426,522711.3333333333
2003-07-24,W,896387,622281,1518668,2003,7,3,Before 2020,205,622160.0,579675.0,620552.0,501425.5714285714,524504.0333333333
2003-07-25,W,903368,591792,1495160,2003,7,4,Before 2020,206,622281.0,590356.0,603880.0,507512.14285714284,524561.6666666666
2003-07-26,A,584819,312502,897321,2003,7,5,Before 2020,207,591792.0,324535.0,600660.0,507717.28571428574,524158.73333333334
2003-07-27,U,367151,222589,589740,2003,7,6,Before 2020,208,312502.0,224010.0,661150.0,505998.28571428574,514553.4666666667
2003-07-28,W,849172,562933,1412105,2003,7,0,Before 2020,209,222589.0,578363.0,350162.0,505795.28571428574,499934.76666666666
2003-07-29,W,903830,615414,1519244,2003,7,1,Before 2020,210,562933.0,590880.0,329753.0,503591.0,507027.13333333336
2003-07-30,W,880392,616406,1496798,2003,7,2,Before 2020,211,615414.0,622160.0,611874.0,507095.85714285716,516549.1666666667
2003-07-31,W,889575,617395,1506970,2003,7,3,Before 2020,212,616406.0,622281.0,634210.0,506273.85714285716,516700.23333333334
2003-08-01,W,912597,605206,1517803,2003,8,4,Before 2020,213,617395.0,591792.0,640212.0,505575.85714285716,516139.73333333334
2003-08-02,A,678701,399990,1078691,2003,8,5,Before 2020,214,605206.0,312502.0,790702.0,507492.14285714284,514972.86666666664
2003-08-03,U,387659,244986,632645,2003,8,6,Before 2020,215,399990.0,222589.0,347887.0,519990.4285714286,501949.13333333336
2003-08-04,W,920408,585024,1505432,2003,8,0,Before 2020,216,244986.0,562933.0,363309.0,523190.0,498519.1
2003-08-05,W,918113,600556,1518669,2003,8,1,Before 2020,217,585024.0,615414.0,269228.0,526345.8571428572,505909.6
2003-08-06,W,883115,581895,1465010,2003,8,2,Before 2020,218,600556.0,616406.0,569437.0,524223.28571428574,516953.86666666664
2003-08-07,W,923161,584026,1507187,2003,8,3,Before 2020,219,581895.0,617395.0,579733.0,519293.14285714284,517369.13333333336
2003-08-08,W,903597,583831,1487428,2003,8,4,Before 2020,220,584026.0,605206.0,598967.0,514526.14285714284,517512.23333333334
2003-08-09,A,638279,371415,1009694,2003,8,5,Before 2020,221,583831.0,399990.0,614469.0,511472.5714285714,517007.7
2003-08-10,U,418764,244876,663640,2003,8,6,Before 2020,222,371415.0,244986.0,615433.0,507390.4285714286,508905.9
2003-08-11,W,806587,566910,1373497,2003,8,0,Before 2020,223,244876.0,585024.0,339152.0,507374.71428571426,496554.0
2003-08-12,W,864526,595230,1459756,2003,8,1,Before 2020,224,566910.0,600556.0,257051.0,504787.0,504145.93333333335
2003-08-13,W,875224,614427,1489651,2003,8,2,Before 2020,225,595230.0,581895.0,611190.0,504026.14285714284,515418.56666666665
2003-08-14,W,857542,592601,1450143,2003,8,3,Before 2020,226,614427.0,584026.0,618204.0,508673.5714285714,515526.4666666667
2003-08-15,W,873580,602111,1475691,2003,8,4,Before 2020,227,592601.0,583831.0,597927.0,509898.5714285714,514673.0333333333
2003-08-16,A,627785,363117,990902,2003,8,5,Before 2020,228,602111.0,371415.0,579675.0,512510.0,514812.5
2003-08-17,U,462931,290507,753438,2003,8,6,Before 2020,229,363117.0,244876.0,590356.0,511324.5714285714,507593.9
2003-08-18,W,821919,559214,1381133,2003,8,0,Before 2020,230,290507.0,566910.0,324535.0,517843.28571428574,497598.93333333335
2003-08-19,W,853603,577418,1431021,2003,8,1,Before 2020,231,559214.0,595230.0,224010.0,516743.85714285716,505421.56666666665
2003-08-20,W,838351,567116,1405467,2003,8,2,Before 2020,232,577418.0,614427.0,578363.0,514199.28571428574,517201.8333333333
2003-08-21,W,820578,562565,1383143,2003,8,3,Before 2020,233,567116.0,592601.0,590880.0,507440.5714285714,516826.93333333335
2003-08-22,W,867524,576202,1443726,2003,8,4,Before 2020,234,562565.0,602111.0,622160.0,503149.71428571426,515883.1
2003-08-23,A,585510,313035,898545,2003,8,5,Before 2020,235,576202.0,363117.0,622281.0,499448.4285714286,514351.1666666667
2003-08-24,U,408305,227185,635490,2003,8,6,Before 2020,236,313035.0,290507.0,591792.0,492293.85714285716,504042.9666666667
2003-08-25,W,850528,561134,1411662,2003,8,0,Before 2020,237,227185.0,559214.0,312502.0,483247.85714285716,491889.4
2003-08-26,W,836703,573211,1409914,2003,8,1,Before 2020,238,561134.0,577418.0,222589.0,483522.14285714284,500177.13333333336
2003-08-27,W,862298,578962,1441260,2003,8,2,Before 2020,239,573211.0,567116.0,562933.0,482921.14285714284,511864.5333333333
2003-08-28,W,857707,578781,1436488,2003,8,3,Before 2020,240,578962.0,562565.0,615414.0,484613.4285714286,512398.8333333333
2003-08-29,W,902436,604839,1507275,2003,8,4,Before 2020,241,578781.0,576202.0,616406.0,486930.0,511177.73333333334
2003-08-30,A,622090,339474,961564,2003,8,5,Before 2020,242,604839.0,313035.0,617395.0,491021.0,510792.1666666667
2003-08-31,U,396860,242605,639465,2003,8,6,Before 2020,243,339474.0,227185.0,605206.0,494798.0,501528.13333333336
2003-09-01,U,326772,199296,526068,2003,9,0,Before 2020,244,242605.0,561134.0,399990.0,497000.85714285716,489441.43333333335
2003-09-02,W,1025978,648864,1674842,2003,9,1,Before 2020,245,199296.0,573211.0,244986.0,445309.71428571426,482751.63333333336
2003-09-03,W,1059974,650319,1710293,2003,9,2,Before 2020,246,648864.0,578962.0,585024.0,456117.28571428574,496214.23333333334
2003-09-04,W,1040002,652383,1692385,2003,9,3,Before 2020,247,650319.0,578781.0,600556.0,466311.14285714284,498390.73333333334
2003-09-05,W,1044868,634834,1679702,2003,9,4,Before 2020,248,652383.0,604839.0,581895.0,476825.71428571426,500118.3
2003-09-06,A,625347,334013,959360,2003,9,5,Before 2020,249,634834.0,339474.0,584026.0,481110.71428571426,501882.93333333335
2003-09-07,U,421385,222973,644358,2003,9,6,Before 2020,250,334013.0,242605.0,583831.0,480330.5714285714,493549.1666666667
2003-09-08,W,1028540,623072,1651612,2003,9,0,Before 2020,251,222973.0,199296.0,371415.0,477526.0,481520.56666666665
2003-09-09,W,1030074,632686,1662760,2003,9,1,Before 2020,252,623072.0,648864.0,244876.0,538065.4285714285,489909.13333333336
2003-09-10,W,1019275,645858,1665133,2003,9,2,Before 2020,253,632686.0,650319.0,566910.0,535754.2857142857,502836.13333333336
2003-09-11,W,1018196,639732,1657928,2003,9,3,Before 2020,254,645858.0,652383.0,595230.0,535117.0,505467.73333333334
2003-09-12,W,1002297,650171,1652468,2003,9,4,Before 2020,255,639732.0,634834.0,614427.0,533309.7142857143,506951.13333333336
2003-09-13,A,601330,350594,951924,2003,9,5,Before 2020,256,650171.0,334013.0,592601.0,535500.7142857143,508142.6
2003-09-14,U,386248,235410,621658,2003,9,6,Before 2020,257,350594.0,222973.0,602111.0,537869.4285714285,500075.7
2003-09-15,W,1015639,653569,1669208,2003,9,0,Before 2020,258,235410.0,623072.0,363117.0,539646.1428571428,487852.3333333333
2003-09-16,W,1033950,663607,1697557,2003,9,1,Before 2020,259,653569.0,632686.0,290507.0,544002.8571428572,497534.06666666665
2003-09-17,W,1023215,663761,1686976,2003,9,2,Before 2020,260,663607.0,645858.0,559214.0,548420.1428571428,509970.73333333334
2003-09-18,W,1023301,647465,1670766,2003,9,3,Before 2020,261,663761.0,639732.0,577418.0,550977.7142857143,513455.63333333336
2003-09-19,W,1019769,642616,1662385,2003,9,4,Before 2020,262,647465.0,650171.0,567116.0,552082.4285714285,515790.5333333333
2003-09-20,A,618523,338787,957310,2003,9,5,Before 2020,263,642616.0,350594.0,562565.0,551003.1428571428,518307.2
2003-09-21,U,421320,231095,652415,2003,9,6,Before 2020,264,338787.0,235410.0,576202.0,549316.4285714285,510847.93333333335
2003-09-22,W,992288,638244,1630532,2003,9,0,Before 2020,265,231095.0,653569.0,313035.0,548700.0,499344.36666666664
2003-09-23,W,1023379,655433,1678812,2003,9,1,Before 2020,266,638244.0,663607.0,227185.0,546510.7142857143,510184.6666666667
2003-09-24,W,973736,643836,1617572,2003,9,2,Before 2020,267,655433.0,663761.0,561134.0,545343.0,524459.6
2003-09-25,W,1006367,648354,1654721,2003,9,3,Before 2020,268,643836.0,647465.0,573211.0,542496.5714285715,527216.3333333334
2003-09-26,W,939175,643987,1583162,2003,9,4,Before 2020,269,648354.0,642616.0,578962.0,542623.5714285715,529721.1
2003-09-27,A,591935,358390,950325,2003,9,5,Before 2020,270,643987.0,338787.0,578781.0,542819.4285714285,531888.6
2003-09-28,U,377248,236781,614029,2003,9,6,Before 2020,271,358390.0,231095.0,604839.0,545619.8571428572,524542.2333333333
2003-09-29,W,1001427,637350,1638777,2003,9,0,Before 2020,272,236781.0,638244.0,339474.0,546432.1428571428,512273.63333333336
2003-09-30,W,1000725,637394,1638119,2003,9,1,Before 2020,273,637350.0,655433.0,242605.0,546304.4285714285,522202.8333333333
2003-10-01,W,1051684,644239,1695923,2003,10,2,Before 2020,274,637394.0,643836.0,199296.0,543727.4285714285,535362.4666666667
2003-10-02,W,1016259,641608,1657867,2003,10,3,Before 2020,275,644239.0,648354.0,648864.0,543785.0,550193.9
2003-10-03,W,999345,667963,1667308,2003,10,4,Before 2020,276,641608.0,643987.0,650319.0,542821.2857142857,549952.0333333333
2003-10-04,A,651128,383554,1034682,2003,10,5,Before 2020,277,667963.0,358390.0,652383.0,546246.4285714285,550540.1666666666
2003-10-05,U,428277,236860,665137,2003,10,6,Before 2020,278,383554.0,236781.0,634834.0,549841.2857142857,541579.2
2003-10-06,W,1018276,618461,1636737,2003,10,0,Before 2020,279,236860.0,637350.0,334013.0,549852.5714285715,528313.4
2003-10-07,W,1051869,699907,1751776,2003,10,1,Before 2020,280,618461.0,637394.0,222973.0,547154.1428571428,537795.0
2003-10-08,W,1026066,693316,1719382,2003,10,2,Before 2020,281,699907.0,644239.0,623072.0,556084.5714285715,553692.8
2003-10-09,W,1011003,650911,1661914,2003,10,3,Before 2020,282,693316.0,641608.0,632686.0,563095.5714285715,556034.2666666667
2003-10-10,W,1031598,661985,1693583,2003,10,4,Before 2020,283,650911.0,667963.0,645858.0,564424.5714285715,556641.7666666667
2003-10-11,A,628499,366667,995166,2003,10,5,Before 2020,284,661985.0,383554.0,639732.0,563570.5714285715,557179.3333333334
2003-10-12,U,411927,351185,763112,2003,10,6,Before 2020,285,366667.0,236860.0,650171.0,561158.1428571428,548077.1666666666
2003-10-13,W,780132,547856,1327988,2003,10,0,Before 2020,286,351185.0,618461.0,350594.0,577490.2857142857,538110.9666666667
2003-10-14,W,928265,691539,1619804,2003,10,1,Before 2020,287,547856.0,699907.0,235410.0,567403.8571428572,544686.3666666667
2003-10-15,W,1026737,711785,1738522,2003,10,2,Before 2020,288,691539.0,693316.0,653569.0,566208.4285714285,559890.6666666666
2003-10-16,W,1013203,650877,1664080,2003,10,3,Before 2020,289,711785.0,650911.0,663607.0,568846.8571428572,561831.2
2003-10-17,W,1023752,651230,1674982,2003,10,4,Before 2020,290,650877.0,661985.0,663761.0,568842.0,561406.8666666667
2003-10-18,A,633461,362376,995837,2003,10,5,Before 2020,291,651230.0,366667.0,647465.0,567305.5714285715,560989.1666666666
2003-10-19,U,422713,241241,663954,2003,10,6,Before 2020,292,362376.0,351185.0,642616.0,566692.5714285715,551486.2
2003-10-20,W,1077011,632330,1709341,2003,10,0,Before 2020,293,241241.0,547856.0,338787.0,550986.2857142857,538107.0333333333
2003-10-21,W,958546,644683,1603229,2003,10,1,Before 2020,294,632330.0,691539.0,231095.0,563054.0,547891.8
2003-10-22,W,1003925,640420,1644345,2003,10,2,Before 2020,295,644683.0,711785.0,638244.0,556360.2857142857,561678.0666666667
2003-10-23,W,1008328,644198,1652526,2003,10,3,Before 2020,296,640420.0,650877.0,655433.0,546165.2857142857,561750.6
2003-10-24,W,1008879,639483,1648362,2003,10,4,Before 2020,297,644198.0,651230.0,643836.0,545211.1428571428,561376.1
2003-10-25,A,615584,332732,948316,2003,10,5,Before 2020,298,639483.0,362376.0,648354.0,543533.0,561231.0
2003-10-26,U,395925,231808,627733,2003,10,6,Before 2020,299,332732.0,241241.0,643987.0,539298.1428571428,550710.2666666667
2003-10-27,W,990268,620687,1610955,2003,10,0,Before 2020,300,231808.0,632330.0,358390.0,537950.5714285715,536970.9666666667
2003-10-28,W,978501,631318,1609819,2003,10,1,Before 2020,301,620687.0,644683.0,236781.0,536287.2857142857,545714.2
2003-10-29,W,986799,637933,1624732,2003,10,2,Before 2020,302,631318.0,640420.0,637350.0,534378.0,558865.4333333333
2003-10-30,W,1006074,652674,1658748,2003,10,3,Before 2020,303,637933.0,644198.0,637394.0,534022.7142857143,558884.8666666667
2003-10-31,W,996142,628603,1624745,2003,10,4,Before 2020,304,652674.0,639483.0,644239.0,535233.5714285715,559394.2
2003-11-01,A,606945,309648,916593,2003,11,5,Before 2020,305,628603.0,332732.0,641608.0,533679.2857142857,558873.0
2003-11-02,U,397515,215452,612967,2003,11,6,Before 2020,306,309648.0,231808.0,667963.0,530381.5714285715,547807.6666666666
2003-11-03,W,1007989,614598,1622587,2003,11,0,Before 2020,307,215452.0,620687.0,383554.0,528045.0,532723.9666666667
2003-11-04,W,1003988,630296,1634284,2003,11,1,Before 2020,308,614598.0,631318.0,236860.0,527175.1428571428,540425.4333333333
2003-11-05,W,1015157,639104,1654261,2003,11,2,Before 2020,309,630296.0,637933.0,618461.0,527029.1428571428,553539.9666666667
2003-11-06,W,1015139,644961,1660100,2003,11,3,Before 2020,310,639104.0,652674.0,699907.0,527196.4285714285,554228.0666666667
2003-11-07,W,906629,620991,1527620,2003,11,4,Before 2020,311,644961.0,628603.0,693316.0,526094.5714285715,552396.5333333333
2003-11-08,A,566334,320811,887145,2003,11,5,Before 2020,312,620991.0,309648.0,650911.0,525007.1428571428,549985.7
2003-11-09,U,383993,221796,605789,2003,11,6,Before 2020,313,320811.0,215452.0,661985.0,526601.8571428572,538982.3666666667
2003-11-10,W,981163,606222,1587385,2003,11,0,Before 2020,314,221796.0,614598.0,366667.0,527508.1428571428,524309.4
2003-11-11,W,789039,542871,1331910,2003,11,1,Before 2020,315,606222.0,630296.0,351185.0,526311.5714285715,532294.5666666667
2003-11-12,W,977852,627509,1605361,2003,11,2,Before 2020,316,542871.0,639104.0,547856.0,513822.28571428574,538684.1
2003-11-13,W,901163,616525,1517688,2003,11,3,Before 2020,317,627509.0,644961.0,691539.0,512165.85714285716,541339.2
2003-11-14,W,964479,632553,1597032,2003,11,4,Before 2020,318,616525.0,620991.0,711785.0,508103.5714285714,538838.7333333333
2003-11-15,A,567411,334186,901597,2003,11,5,Before 2020,319,632553.0,320811.0,650877.0,509755.28571428574,536197.6666666666
2003-11-16,U,382584,222633,605217,2003,11,6,Before 2020,320,334186.0,221796.0,651230.0,511666.0,525641.3
2003-11-17,W,996959,618428,1615387,2003,11,0,Before 2020,321,222633.0,606222.0,362376.0,511785.5714285714,511354.73333333334
2003-11-18,W,881272,608253,1489525,2003,11,1,Before 2020,322,618428.0,542871.0,241241.0,513529.28571428574,519889.8
2003-11-19,W,1011052,632045,1643097,2003,11,2,Before 2020,323,608253.0,627509.0,632330.0,522869.5714285714,532123.5333333333
2003-11-20,W,1006072,638332,1644404,2003,11,3,Before 2020,324,632045.0,616525.0,644683.0,523517.5714285714,532114.0333333333
2003-11-21,W,1004115,626155,1630270,2003,11,4,Before 2020,325,638332.0,632553.0,640420.0,526632.8571428572,531902.3333333334
2003-11-22,A,608476,361622,970098,2003,11,5,Before 2020,326,626155.0,334186.0,644198.0,525718.8571428572,531426.8333333334
2003-11-23,U,352918,202523,555441,2003,11,6,Before 2020,327,361622.0,222633.0,639483.0,529638.2857142857,522007.63333333336
2003-11-24,W,897941,583860,1481801,2003,11,0,Before 2020,328,202523.0,618428.0,332732.0,526765.4285714285,507442.3
2003-11-25,W,945699,602970,1548669,2003,11,1,Before 2020,329,583860.0,608253.0,231808.0,521827.14285714284,515813.23333333334
2003-11-26,W,930556,579257,1509813,2003,11,2,Before 2020,330,602970.0,632045.0,620687.0,521072.4285714286,528185.3
2003-11-27,U,292469,153251,445720,2003,11,3,Before 2020,331,579257.0,638332.0,631318.0,513531.28571428574,526804.3
2003-11-28,W,557794,344266,902060,2003,11,4,Before 2020,332,153251.0,626155.0,637933.0,444234.0,510868.73333333334
2003-11-29,A,484077,265968,750045,2003,11,5,Before 2020,333,344266.0,361622.0,652674.0,403964.14285714284,501079.8333333333
2003-11-30,U,378933,217629,596562,2003,11,6,Before 2020,334,265968.0,202523.0,628603.0,390299.28571428574,488189.63333333336
2003-12-01,W,998632,601364,1599996,2003,12,0,Before 2020,335,217629.0,583860.0,309648.0,392457.28571428574,474490.5
2003-12-02,W,984587,605675,1590262,2003,12,1,Before 2020,336,601364.0,602970.0,215452.0,394957.85714285716,484214.36666666664
2003-12-03,W,1002993,613563,1616556,2003,12,2,Before 2020,337,605675.0,579257.0,614598.0,395344.28571428574,497221.8
2003-12-04,W,962556,610322,1572878,2003,12,3,Before 2020,338,613563.0,153251.0,630296.0,400245.14285714284,497187.3
2003-12-05,W,968576,606672,1575248,2003,12,4,Before 2020,339,610322.0,344266.0,639104.0,465541.0,496521.5
2003-12-06,A,587823,326475,914298,2003,12,5,Before 2020,340,606672.0,265968.0,644961.0,503027.5714285714,495440.43333333335
2003-12-07,U,393784,214938,608722,2003,12,6,Before 2020,341,326475.0,217629.0,620991.0,511671.4285714286,484824.23333333334
2003-12-08,W,975766,586022,1561788,2003,12,0,Before 2020,342,214938.0,601364.0,320811.0,511287.0,471289.13333333336
2003-12-09,W,959147,594395,1553542,2003,12,1,Before 2020,343,586022.0,605675.0,221796.0,509095.28571428574,480129.5
2003-12-10,W,945145,597600,1542745,2003,12,2,Before 2020,344,594395.0,613563.0,606222.0,507483.85714285716,492549.4666666667
2003-12-11,W,936467,591327,1527794,2003,12,3,Before 2020,345,597600.0,610322.0,542871.0,505203.4285714286,492262.06666666665
2003-12-12,W,912540,575833,1488373,2003,12,4,Before 2020,346,591327.0,606672.0,627509.0,502489.85714285716,493877.26666666666
2003-12-13,A,544810,305519,850329,2003,12,5,Before 2020,347,575833.0,326475.0,616525.0,498084.28571428574,492154.73333333334
2003-12-14,U,369050,209939,578989,2003,12,6,Before 2020,348,305519.0,214938.0,632553.0,495090.5714285714,481787.86666666664
2003-12-15,W,936119,568654,1504773,2003,12,0,Before 2020,349,209939.0,586022.0,334186.0,494376.4285714286,467700.73333333334
2003-12-16,W,926650,576496,1503146,2003,12,1,Before 2020,350,568654.0,594395.0,222633.0,491895.28571428574,475516.3333333333
2003-12-17,W,925481,573820,1499301,2003,12,2,Before 2020,351,576496.0,597600.0,618428.0,489338.28571428574,487311.76666666666
2003-12-18,W,917919,567624,1485543,2003,12,3,Before 2020,352,573820.0,591327.0,608253.0,485941.14285714284,485824.8333333333
2003-12-19,W,926113,555922,1482035,2003,12,4,Before 2020,353,567624.0,575833.0,632045.0,482555.0,484470.5333333333
2003-12-20,A,564850,289142,853992,2003,12,5,Before 2020,354,555922.0,305519.0,638332.0,479710.5714285714,481933.1
2003-12-21,U,415703,218944,634647,2003,12,6,Before 2020,355,289142.0,209939.0,626155.0,477371.0,470293.43333333335
2003-12-22,W,797301,508014,1305315,2003,12,0,Before 2020,356,218944.0,568654.0,361622.0,478657.4285714286,456719.73333333334
2003-12-23,W,770607,486462,1257069,2003,12,1,Before 2020,357,508014.0,576496.0,202523.0,469994.5714285714,461599.4666666667
2003-12-24,W,610061,333655,943716,2003,12,2,Before 2020,358,486462.0,573820.0,583860.0,457132.5714285714,471064.1
2003-12-25,U,247349,101016,348365,2003,12,3,Before 2020,359,333655.0,567624.0,602970.0,422823.28571428574,462723.93333333335
2003-12-26,W,605667,321094,926761,2003,12,4,Before 2020,360,101016.0,555922.0,579257.0,356165.0,445992.13333333336
2003-12-27,A,507042,232980,740022,2003,12,5,Before 2020,361,321094.0,289142.0,153251.0,322618.14285714284,437386.7
2003-12-28,U,358852,178624,537476,2003,12,6,Before 2020,362,232980.0,218944.0,344266.0,314595.0,440044.3333333333
2003-12-29,W,732494,461979,1194473,2003,12,0,Before 2020,363,178624.0,508014.0,265968.0,308835.0,434522.93333333335
2003-12-30,W,725126,474545,1199671,2003,12,1,Before 2020,364,461979.0,486462.0,217629.0,302258.5714285714,441056.63333333336
2003-12-31,W,678329,430971,1109300,2003,12,2,Before 2020,365,474545.0,333655.0,601364.0,300556.14285714284,449620.5
2004-01-01,U,300347,174003,474350,2004,1,3,Before 2020,1,430971.0,101016.0,605675.0,314458.4285714286,443940.73333333334
2004-01-02,W,754051,421851,1175902,2004,1,4,Before 2020,2,174003.0,321094.0,613563.0,324885.14285714284,429551.6666666667
2004-01-03,A,560436,250130,810566,2004,1,5,Before 2020,3,421851.0,232980.0,610322.0,339279.0,423161.26666666666
2004-01-04,U,303611,162880,466491,2004,1,6,Before 2020,4,250130.0,178624.0,606672.0,341729.0,411154.86666666664
2004-01-05,W,894467,548650,1443117,2004,1,0,Before 2020,5,162880.0,461979.0,326475.0,339479.85714285716,396361.8
2004-01-06,W,788158,516396,1304554,2004,1,1,Before 2020,6,548650.0,474545.0,214938.0,351861.4285714286,403767.63333333336
2004-01-07,W,851011,536299,1387310,2004,1,2,Before 2020,7,516396.0,430971.0,586022.0,357840.14285714284,413816.23333333334
2004-01-08,W,903950,556891,1460841,2004,1,3,Before 2020,8,536299.0,174003.0,594395.0,372887.0,412158.8
2004-01-09,W,929117,560519,1489636,2004,1,4,Before 2020,9,556891.0,421851.0,597600.0,427585.28571428574,410908.6666666667
2004-01-10,A,526469,261687,788156,2004,1,5,Before 2020,10,560519.0,250130.0,591327.0,447395.0,409672.63333333336
2004-01-11,U,368655,180035,548690,2004,1,6,Before 2020,11,261687.0,162880.0,575833.0,449046.0,398684.63333333336
2004-01-12,W,982070,588906,1570976,2004,1,0,Before 2020,12,180035.0,548650.0,305519.0,451496.71428571426,385491.36666666664
2004-01-13,W,977382,596765,1574147,2004,1,1,Before 2020,13,588906.0,516396.0,209939.0,457247.5714285714,394937.6
2004-01-14,W,956180,591625,1547805,2004,1,2,Before 2020,14,596765.0,536299.0,568654.0,468728.85714285716,407831.8
2004-01-15,W,962171,590965,1553136,2004,1,3,Before 2020,15,591625.0,556891.0,576496.0,476632.5714285714,408597.5
2004-01-16,W,969715,578153,1547868,2004,1,4,Before 2020,16,590965.0,560519.0,573820.0,481500.28571428574,409079.8
2004-01-17,A,534831,278142,812973,2004,1,5,Before 2020,17,578153.0,261687.0,567624.0,484019.4285714286,409224.23333333334
2004-01-18,U,342002,178641,520643,2004,1,6,Before 2020,18,278142.0,180035.0,555922.0,486370.14285714284,399574.8333333333
2004-01-19,W,557712,353859,911571,2004,1,0,Before 2020,19,178641.0,588906.0,289142.0,486171.0,386998.8
2004-01-20,W,939415,572634,1512049,2004,1,1,Before 2020,20,353859.0,596765.0,218944.0,452592.85714285716,389156.0333333333
2004-01-21,W,949321,576593,1525914,2004,1,2,Before 2020,21,572634.0,591625.0,508014.0,449145.5714285714,400945.7
2004-01-22,W,854150,542344,1396494,2004,1,3,Before 2020,22,576593.0,590965.0,486462.0,446998.14285714284,403231.6666666667
2004-01-23,W,903734,550366,1454100,2004,1,4,Before 2020,23,542344.0,578153.0,333655.0,440052.28571428574,405094.4
2004-01-24,A,521800,263571,785371,2004,1,5,Before 2020,24,550366.0,278142.0,101016.0,436082.71428571426,412318.1
2004-01-25,U,343967,176977,520944,2004,1,6,Before 2020,25,263571.0,178641.0,321094.0,434001.14285714284,417736.6
2004-01-26,W,925536,566031,1491567,2004,1,0,Before 2020,26,176977.0,353859.0,232980.0,433763.4285714286,412932.7
2004-01-27,W,906997,586852,1493849,2004,1,1,Before 2020,27,566031.0,572634.0,178624.0,464073.71428571426,424034.4
2004-01-28,W,887763,565269,1453032,2004,1,2,Before 2020,28,586852.0,576593.0,461979.0,466104.85714285716,437642.0
2004-01-29,W,855905,553448,1409353,2004,1,3,Before 2020,29,565269.0,542344.0,474545.0,464487.14285714284,441085.0
2004-01-30,W,756185,500887,1257072,2004,1,4,Before 2020,30,553448.0,550366.0,430971.0,466073.4285714286,443715.1
2004-01-31,A,531967,246213,778180,2004,1,5,Before 2020,31,500887.0,263571.0,174003.0,459005.0,446045.63333333336
2004-02-01,U,355491,170793,526284,2004,2,6,Before 2020,32,246213.0,176977.0,421851.0,456525.28571428574,448452.63333333336
2004-02-02,W,914997,566503,1481500,2004,2,0,Before 2020,33,170793.0,566031.0,250130.0,455641.85714285716,440084.0333333333
2004-02-03,W,957823,591153,1548976,2004,2,1,Before 2020,34,566503.0,586852.0,162880.0,455709.28571428574,450629.8
2004-02-04,W,947079,581672,1528751,2004,2,2,Before 2020,35,591153.0,565269.0,548650.0,456323.71428571426,464905.56666666665
2004-02-05,W,931453,586671,1518124,2004,2,3,Before 2020,36,581672.0,553448.0,516396.0,458667.0,466006.3
2004-02-06,W,937566,572957,1510523,2004,2,4,Before 2020,37,586671.0,500887.0,536299.0,463413.14285714284,468348.8
2004-02-07,A,553301,281792,835093,2004,2,5,Before 2020,38,572957.0,246213.0,556891.0,473708.85714285716,469570.73333333334
2004-02-08,U,369314,185893,555207,2004,2,6,Before 2020,39,281792.0,170793.0,560519.0,478791.5714285714,460400.76666666666
2004-02-09,W,948814,578071,1526885,2004,2,0,Before 2020,40,185893.0,566503.0,261687.0,480948.71428571426,447913.23333333334
2004-02-10,W,948181,593014,1541195,2004,2,1,Before 2020,41,578071.0,591153.0,180035.0,482601.28571428574,458459.36666666664
2004-02-11,W,959174,594399,1553573,2004,2,2,Before 2020,42,593014.0,581672.0,588906.0,482867.14285714284,472225.3333333333
2004-02-12,W,796644,537211,1333855,2004,2,3,Before 2020,43,594399.0,586671.0,596765.0,484685.28571428574,472408.43333333335
2004-02-13,W,958969,580969,1539938,2004,2,4,Before 2020,44,537211.0,572957.0,591625.0,477619.5714285714,470423.3
2004-02-14,A,610834,301728,912562,2004,2,5,Before 2020,45,580969.0,281792.0,590965.0,478764.14285714284,470068.1
2004-02-15,U,368733,191759,560492,2004,2,6,Before 2020,46,301728.0,185893.0,578153.0,481612.14285714284,460426.86666666664
2004-02-16,W,684054,441539,1125593,2004,2,0,Before 2020,47,191759.0,578071.0,278142.0,482450.14285714284,447547.06666666665
2004-02-17,W,966524,596810,1563334,2004,2,1,Before 2020,48,441539.0,593014.0,178641.0,462945.5714285714,452993.63333333336
2004-02-18,W,957521,593575,1551096,2004,2,2,Before 2020,49,596810.0,594399.0,353859.0,463487.85714285716,466932.6
2004-02-19,W,971162,601442,1572604,2004,2,3,Before 2020,50,593575.0,537211.0,572634.0,463370.14285714284,474923.13333333336
2004-02-20,W,933678,580459,1514137,2004,2,4,Before 2020,51,601442.0,580969.0,576593.0,472546.0,475883.4
2004-02-21,A,585429,288901,874330,2004,2,5,Before 2020,52,580459.0,301728.0,542344.0,472473.14285714284,476012.26666666666
2004-02-22,U,402374,187329,589703,2004,2,6,Before 2020,53,288901.0,191759.0,550366.0,470640.71428571426,467564.1666666667
2004-02-23,W,954873,577436,1532309,2004,2,0,Before 2020,54,187329.0,441539.0,263571.0,470007.85714285716,455462.93333333335
2004-02-24,W,957453,588493,1545946,2004,2,1,Before 2020,55,577436.0,596810.0,176977.0,489421.71428571426,465925.1
2004-02-25,W,967236,596639,1563875,2004,2,2,Before 2020,56,588493.0,593575.0,566031.0,488233.5714285714,479642.3
2004-02-26,W,973201,598172,1571373,2004,2,3,Before 2020,57,596639.0,601442.0,586852.0,488671.28571428574,480662.56666666665
2004-02-27,W,980935,589768,1570703,2004,2,4,Before 2020,58,598172.0,580459.0,565269.0,488204.14285714284,481039.9
2004-02-28,A,607923,310337,918260,2004,2,5,Before 2020,59,589768.0,288901.0,553448.0,489534.0,481856.5333333333
2004-02-29,U,413029,208258,621287,2004,2,6,Before 2020,60,310337.0,187329.0,500887.0,492596.28571428574,473752.8333333333
2004-03-01,W,828169,534603,1362772,2004,3,0,Before 2020,61,208258.0,577436.0,246213.0,495586.14285714284,463998.5333333333
2004-03-02,W,992418,597880,1590298,2004,3,1,Before 2020,62,534603.0,588493.0,170793.0,489467.14285714284,473611.5333333333
2004-03-03,W,1007360,594376,1601736,2004,3,2,Before 2020,63,597880.0,596639.0,566503.0,490808.14285714284,487847.76666666666
2004-03-04,W,936797,584225,1521022,2004,3,3,Before 2020,64,594376.0,598172.0,591153.0,490484.85714285716,488776.86666666664
2004-03-05,W,939138,575845,1514983,2004,3,4,Before 2020,65,584225.0,589768.0,581672.0,488492.4285714286,488545.93333333335
2004-03-06,A,602180,296173,898353,2004,3,5,Before 2020,66,575845.0,310337.0,586671.0,486503.4285714286,488351.7
2004-03-07,U,370231,186924,557155,2004,3,6,Before 2020,67,296173.0,208258.0,572957.0,484480.0,478668.43333333335
2004-03-08,W,969634,585973,1555607,2004,3,0,Before 2020,68,186924.0,534603.0,281792.0,481432.28571428574,465800.6666666667
2004-03-09,W,965244,597735,1562979,2004,3,1,Before 2020,69,585973.0,597880.0,185893.0,488770.85714285716,475940.0333333333
2004-03-10,W,973415,601851,1575266,2004,3,2,Before 2020,70,597735.0,594376.0,578071.0,488750.14285714284,489668.1
2004-03-11,W,927076,589420,1516496,2004,3,3,Before 2020,71,601851.0,584225.0,593014.0,489818.0,490460.76666666666
2004-03-12,W,942238,580254,1522492,2004,3,4,Before 2020,72,589420.0,575845.0,594399.0,490560.14285714284,490340.9666666667
2004-03-13,A,587662,342986,930648,2004,3,5,Before 2020,73,580254.0,296173.0,537211.0,491190.0,489869.4666666667
2004-03-14,U,376244,200734,576978,2004,3,6,Before 2020,74,342986.0,186924.0,580969.0,497877.5714285714,483395.3
2004-03-15,W,953320,580038,1533358,2004,3,0,Before 2020,75,200734.0,585973.0,301728.0,499850.4285714286,470720.8
2004-03-16,W,942197,582515,1524712,2004,3,1,Before 2020,76,580038.0,597735.0,191759.0,499002.5714285714,479997.8
2004-03-17,W,932468,589641,1522109,2004,3,2,Before 2020,77,582515.0,601851.0,441539.0,496828.28571428574,493023.0
2004-03-18,W,934303,588303,1522606,2004,3,3,Before 2020,78,589641.0,589420.0,596810.0,495084.0,497959.73333333334
2004-03-19,W,988154,593249,1581403,2004,3,4,Before 2020,79,588303.0,580254.0,593575.0,494924.4285714286,497676.1666666667
2004-03-20,A,607378,311130,918508,2004,3,5,Before 2020,80,593249.0,342986.0,601442.0,496780.85714285716,497665.3
2004-03-21,U,365502,189403,554905,2004,3,6,Before 2020,81,311130.0,200734.0,580459.0,492230.0,487988.23333333334
2004-03-22,W,941254,559786,1501040,2004,3,0,Before 2020,82,189403.0,580038.0,288901.0,490611.28571428574,474953.0333333333
2004-03-23,W,966919,579228,1546147,2004,3,1,Before 2020,83,559786.0,582515.0,187329.0,487718.14285714284,483982.5333333333
2004-03-24,W,917804,565878,1483682,2004,3,2,Before 2020,84,579228.0,589641.0,577436.0,487248.5714285714,497045.8333333333
2004-03-25,W,948790,577094,1525884,2004,3,3,Before 2020,85,565878.0,588303.0,588493.0,483853.85714285716,496660.56666666665
2004-03-26,W,858131,557755,1415886,2004,3,4,Before 2020,86,577094.0,593249.0,596639.0,482252.5714285714,496280.6
2004-03-27,A,585553,300842,886395,2004,3,5,Before 2020,87,557755.0,311130.0,598172.0,477182.0,494984.4666666667
2004-03-28,U,377339,215088,592427,2004,3,6,Before 2020,88,300842.0,189403.0,589768.0,475712.28571428574,485073.4666666667
2004-03-29,W,949103,573929,1523032,2004,3,0,Before 2020,89,215088.0,559786.0,310337.0,479381.5714285714,472584.13333333336
2004-03-30,W,949847,579487,1529334,2004,3,1,Before 2020,90,573929.0,579228.0,208258.0,481402.0,481370.5333333333
2004-03-31,W,943445,579344,1522789,2004,3,2,Before 2020,91,579487.0,565878.0,534603.0,481439.0,493744.8333333333
2004-04-01,W,1000741,592854,1593595,2004,4,3,Before 2020,92,579344.0,577094.0,597880.0,483362.71428571426,495236.2
2004-04-02,W,1012716,589043,1601759,2004,4,4,Before 2020,93,592854.0,557755.0,594376.0,485614.14285714284,495068.6666666667
2004-04-03,A,633629,304787,938416,2004,4,5,Before 2020,94,589043.0,300842.0,584225.0,490083.85714285716,494890.9
2004-04-04,U,407772,198468,606240,2004,4,6,Before 2020,95,304787.0,215088.0,575845.0,490647.4285714286,485576.3
2004-04-05,W,971292,571811,1543103,2004,4,0,Before 2020,96,198468.0,573929.0,296173.0,488273.14285714284,472997.06666666665
2004-04-06,W,977036,585618,1562654,2004,4,1,Before 2020,97,571811.0,579487.0,186924.0,487970.5714285714,482185.0
2004-04-07,W,975244,592042,1567286,2004,4,2,Before 2020,98,585618.0,579344.0,585973.0,488846.4285714286,495474.8
2004-04-08,W,967733,588420,1556153,2004,4,3,Before 2020,99,592042.0,592854.0,597735.0,490660.4285714286,495677.1
2004-04-09,W,799356,490037,1289393,2004,4,4,Before 2020,100,588420.0,589043.0,601851.0,490027.0,495366.6
2004-04-10,A,568003,263036,831039,2004,4,5,Before 2020,101,490037.0,304787.0,589420.0,475883.28571428574,491639.4666666667
2004-04-11,U,372246,162703,534949,2004,4,6,Before 2020,102,263036.0,198468.0,580254.0,469918.85714285716,480760.0
2004-04-12,W,809673,560649,1370322,2004,4,0,Before 2020,103,162703.0,571811.0,342986.0,464809.5714285714,466841.63333333336
2004-04-13,W,831527,571813,1403340,2004,4,1,Before 2020,104,560649.0,585618.0,200734.0,463215.0,474097.06666666665
2004-04-14,W,859829,593419,1453248,2004,4,2,Before 2020,105,571813.0,592042.0,580038.0,461242.85714285716,486466.36666666664
2004-04-15,W,864352,601171,1465523,2004,4,3,Before 2020,106,593419.0,588420.0,582515.0,461439.5714285714,486912.4
2004-04-16,W,861336,600132,1461468,2004,4,4,Before 2020,107,601171.0,490037.0,589641.0,463261.14285714284,487534.26666666666
2004-04-17,A,596237,331377,927614,2004,4,5,Before 2020,108,600132.0,263036.0,588303.0,478989.0,487883.9666666667
2004-04-18,U,423705,227626,651331,2004,4,6,Before 2020,109,331377.0,162703.0,593249.0,488752.0,479319.76666666666
2004-04-19,W,951686,592025,1543711,2004,4,0,Before 2020,110,227626.0,560649.0,311130.0,498026.71428571426,467132.3333333333
2004-04-20,W,934712,592319,1527031,2004,4,1,Before 2020,111,592025.0,571813.0,189403.0,502509.0,476495.5
2004-04-21,W,943108,597005,1540113,2004,4,2,Before 2020,112,592319.0,593419.0,559786.0,505438.4285714286,489926.0333333333
2004-04-22,W,904333,597088,1501421,2004,4,3,Before 2020,113,597005.0,601171.0,579228.0,505950.71428571426,491166.6666666667
2004-04-23,W,977752,615945,1593697,2004,4,4,Before 2020,114,597088.0,600132.0,565878.0,505367.4285714286,491762.0
2004-04-24,A,570050,314947,884997,2004,4,5,Before 2020,115,615945.0,331377.0,577094.0,507626.4285714286,493430.9
2004-04-25,U,373444,218019,591463,2004,4,6,Before 2020,116,314947.0,227626.0,557755.0,505279.28571428574,484692.6666666667
2004-04-26,W,962323,576288,1538611,2004,4,0,Before 2020,117,218019.0,592025.0,300842.0,503906.85714285716,473368.13333333336
2004-04-27,W,985057,588215,1573272,2004,4,1,Before 2020,118,576288.0,592319.0,215088.0,501658.71428571426,482549.6666666667
2004-04-28,W,914358,585375,1499733,2004,4,2,Before 2020,119,588215.0,597005.0,573929.0,501072.4285714286,494987.23333333334
2004-04-29,W,909979,580209,1490188,2004,4,3,Before 2020,120,585375.0,597088.0,579487.0,499411.0,495368.76666666666
2004-04-30,W,988876,579995,1568871,2004,4,4,Before 2020,121,580209.0,615945.0,579344.0,496999.71428571426,495392.8333333333
2004-05-01,A,577088,282452,859540,2004,5,5,Before 2020,122,579995.0,314947.0,592854.0,491864.0,495414.5333333333
2004-05-02,U,417360,203143,620503,2004,5,6,Before 2020,123,282452.0,218019.0,589043.0,487221.85714285716,485067.8
2004-05-03,W,1028235,580844,1609079,2004,5,0,Before 2020,124,203143.0,576288.0,304787.0,485096.71428571426,472204.4666666667
2004-05-04,W,1025965,615968,1641933,2004,5,1,Before 2020,125,580844.0,588215.0,198468.0,485747.5714285714,481406.36666666664
2004-05-05,W,1019276,622837,1642113,2004,5,2,Before 2020,126,615968.0,585375.0,571811.0,489712.28571428574,495323.0333333333
2004-05-06,W,994277,614497,1608774,2004,5,3,Before 2020,127,622837.0,580209.0,585618.0,495064.0,497023.9
2004-05-07,W,960594,591026,1551620,2004,5,4,Before 2020,128,614497.0,579995.0,592042.0,499962.28571428574,497986.5333333333
2004-05-08,A,628268,316493,944761,2004,5,5,Before 2020,129,591026.0,282452.0,588420.0,501538.14285714284,497952.6666666667
2004-05-09,U,441379,221375,662754,2004,5,6,Before 2020,130,316493.0,203143.0,490037.0,506401.14285714284,488888.43333333335
2004-05-10,W,939473,558691,1498164,2004,5,0,Before 2020,131,221375.0,580844.0,263036.0,509005.71428571426,479933.0333333333
2004-05-11,W,965692,583729,1549421,2004,5,1,Before 2020,132,558691.0,615968.0,162703.0,505841.0,489788.2
2004-05-12,W,944663,576643,1521306,2004,5,2,Before 2020,133,583729.0,622837.0,560649.0,501235.4285714286,503822.4
2004-05-13,W,929271,579703,1508974,2004,5,3,Before 2020,134,576643.0,614497.0,571813.0,494636.28571428574,504355.5333333333
2004-05-14,W,899684,566238,1465922,2004,5,4,Before 2020,135,579703.0,591026.0,593419.0,489665.71428571426,504618.5333333333
2004-05-15,A,615125,308012,923137,2004,5,5,Before 2020,136,566238.0,316493.0,601171.0,486124.5714285714,503712.5
2004-05-16,U,418466,214886,633352,2004,5,6,Before 2020,137,308012.0,221375.0,600132.0,484913.0,493940.5333333333
2004-05-17,W,961334,567520,1528854,2004,5,0,Before 2020,138,214886.0,558691.0,331377.0,483986.0,481099.0
2004-05-18,W,957288,600273,1557561,2004,5,1,Before 2020,139,567520.0,583729.0,227626.0,485247.28571428574,488970.43333333335
2004-05-19,W,1010917,613954,1624871,2004,5,2,Before 2020,140,600273.0,576643.0,592025.0,487610.71428571426,501392.0
2004-05-20,W,971148,604798,1575946,2004,5,3,Before 2020,141,613954.0,579703.0,592319.0,492940.85714285716,502122.9666666667
2004-05-21,W,945657,592577,1538234,2004,5,4,Before 2020,142,604798.0,566238.0,597005.0,496525.85714285716,502538.93333333335
2004-05-22,A,571606,316714,888320,2004,5,5,Before 2020,143,592577.0,308012.0,597088.0,500288.5714285714,502391.3333333333
2004-05-23,U,398101,224372,622473,2004,5,6,Before 2020,144,316714.0,214886.0,615945.0,501531.71428571426,493045.5333333333
2004-05-24,W,964387,572310,1536697,2004,5,0,Before 2020,145,224372.0,567520.0,314947.0,502886.85714285716,479993.1
2004-05-25,W,967725,586827,1554552,2004,5,1,Before 2020,146,572310.0,600273.0,218019.0,503571.14285714284,488571.86666666664
2004-05-26,W,970166,583785,1553951,2004,5,2,Before 2020,147,586827.0,613954.0,576288.0,501650.28571428574,500865.4666666667
2004-05-27,W,960973,583639,1544612,2004,5,3,Before 2020,148,583785.0,604798.0,588215.0,497340.4285714286,501115.36666666664
2004-05-28,W,978308,574148,1552456,2004,5,4,Before 2020,149,583639.0,592577.0,585375.0,494317.71428571426,500962.8333333333
2004-05-29,A,556778,288249,845027,2004,5,5,Before 2020,150,574148.0,316714.0,580209.0,491685.0,500588.6
2004-05-30,U,327264,185353,512617,2004,5,6,Before 2020,151,288249.0,224372.0,579995.0,487618.5714285714,490856.6
2004-05-31,U,352611,210076,562687,2004,5,0,Before 2020,152,185353.0,572310.0,282452.0,482044.4285714286,477701.86666666664
2004-06-01,W,988657,604744,1593401,2004,6,1,Before 2020,153,210076.0,586827.0,203143.0,430296.71428571426,475289.3333333333
2004-06-02,W,995228,605193,1600421,2004,6,2,Before 2020,154,604744.0,583785.0,580844.0,432856.28571428574,488676.0333333333
2004-06-03,W,1037077,597741,1634818,2004,6,3,Before 2020,155,605193.0,583639.0,615968.0,435914.5714285714,489487.6666666667
2004-06-04,W,1031015,619850,1650865,2004,6,4,Before 2020,156,597741.0,574148.0,622837.0,437929.14285714284,488880.1
2004-06-05,A,664804,350348,1015152,2004,6,5,Before 2020,157,619850.0,288249.0,614497.0,444458.0,488780.5333333333
2004-06-06,U,433813,247799,681612,2004,6,6,Before 2020,158,350348.0,185353.0,591026.0,453329.28571428574,479975.56666666665
2004-06-07,W,975883,602548,1578431,2004,6,0,Before 2020,159,247799.0,210076.0,316493.0,462250.14285714284,468534.6666666667
2004-06-08,W,985865,627174,1613039,2004,6,1,Before 2020,160,602548.0,604744.0,221375.0,518317.5714285714,478069.8333333333
2004-06-09,W,967899,616418,1584317,2004,6,2,Before 2020,161,627174.0,605193.0,558691.0,521521.85714285716,491596.4666666667
2004-06-10,W,927625,614363,1541988,2004,6,3,Before 2020,162,616418.0,597741.0,583729.0,523125.4285714286,493520.7
2004-06-11,W,951407,584390,1535797,2004,6,4,Before 2020,163,614363.0,619850.0,576643.0,525500.0,494541.8333333333
2004-06-12,A,626396,347638,974034,2004,6,5,Before 2020,164,584390.0,350348.0,579703.0,520434.28571428574,494800.06666666665
2004-06-13,U,418700,237263,655963,2004,6,6,Before 2020,165,347638.0,247799.0,566238.0,520047.14285714284,487064.56666666665
2004-06-14,W,947940,569479,1517419,2004,6,0,Before 2020,166,237263.0,602548.0,308012.0,518542.0,476098.73333333334
2004-06-15,W,973303,591145,1564448,2004,6,1,Before 2020,167,569479.0,627174.0,214886.0,513817.85714285716,484814.3
2004-06-16,W,948614,584517,1533131,2004,6,2,Before 2020,168,591145.0,616418.0,567520.0,508670.85714285716,497356.26666666666
2004-06-17,W,938259,585309,1523568,2004,6,3,Before 2020,169,584517.0,614363.0,600273.0,504113.5714285714,497922.8333333333
2004-06-18,W,945720,600582,1546302,2004,6,4,Before 2020,170,585309.0,584390.0,613954.0,499963.0,497424.0333333333
2004-06-19,A,621841,336481,958322,2004,6,5,Before 2020,171,600582.0,347638.0,604798.0,502276.14285714284,496978.3
2004-06-20,U,431055,231581,662636,2004,6,6,Before 2020,172,336481.0,237263.0,592577.0,500682.28571428574,488034.4
2004-06-21,W,783458,540333,1323791,2004,6,0,Before 2020,173,231581.0,569479.0,316714.0,499870.5714285714,476001.2
2004-06-22,W,959598,597441,1557039,2004,6,1,Before 2020,174,540333.0,591145.0,224372.0,495706.85714285716,483455.1666666667
2004-06-23,W,858709,578302,1437011,2004,6,2,Before 2020,175,597441.0,584517.0,572310.0,496606.28571428574,495890.8
2004-06-24,W,828438,571439,1399877,2004,6,3,Before 2020,176,578302.0,585309.0,586827.0,495718.4285714286,496090.5333333333
2004-06-25,W,894184,629449,1523633,2004,6,4,Before 2020,177,571439.0,600582.0,583785.0,493737.0,495577.6
2004-06-26,A,611676,374748,986424,2004,6,5,Before 2020,178,629449.0,336481.0,583639.0,497860.85714285716,497099.73333333334
2004-06-27,U,430542,324978,755520,2004,6,6,Before 2020,179,374748.0,231581.0,574148.0,503327.5714285714,490136.7
2004-06-28,W,853024,572918,1425942,2004,6,0,Before 2020,180,324978.0,540333.0,288249.0,516670.0,481831.0333333333
2004-06-29,W,911992,643017,1555009,2004,6,1,Before 2020,181,572918.0,597441.0,185353.0,521325.0,491320.0
2004-06-30,W,906761,639979,1546740,2004,6,2,Before 2020,182,643017.0,578302.0,210076.0,527835.8571428572,506575.4666666667
2004-07-01,W,953538,646062,1599600,2004,7,3,Before 2020,183,639979.0,571439.0,604744.0,536646.8571428572,520905.56666666665
2004-07-02,W,937281,647738,1585019,2004,7,4,Before 2020,184,646062.0,629449.0,605193.0,547307.2857142857,522282.8333333333
2004-07-03,A,587961,418005,1005966,2004,7,5,Before 2020,185,647738.0,374748.0,597741.0,549920.0,523701.0
2004-07-04,U,446583,324563,771146,2004,7,6,Before 2020,186,418005.0,324978.0,619850.0,556099.5714285715,517709.8
2004-07-05,U,420521,229820,650341,2004,7,0,Before 2020,187,324563.0,572918.0,350348.0,556040.2857142857,507866.9
2004-07-06,W,877429,556428,1433857,2004,7,1,Before 2020,188,229820.0,643017.0,247799.0,507026.28571428574,503849.3
2004-07-07,W,885461,568101,1453562,2004,7,2,Before 2020,189,556428.0,639979.0,602548.0,494656.4285714286,514136.93333333335
2004-07-08,W,909149,580508,1489657,2004,7,3,Before 2020,190,568101.0,646062.0,627174.0,484388.14285714284,512988.7
2004-07-09,W,869159,560395,1429554,2004,7,4,Before 2020,191,580508.0,647738.0,616418.0,475023.28571428574,511433.1666666667
2004-07-10,A,593638,305695,899333,2004,7,5,Before 2020,192,560395.0,418005.0,614363.0,462545.71428571426,509565.73333333334
2004-07-11,U,418827,228013,646840,2004,7,6,Before 2020,193,305695.0,324563.0,584390.0,446501.4285714286,499276.8
2004-07-12,W,883883,564588,1448471,2004,7,0,Before 2020,194,228013.0,229820.0,347638.0,432708.5714285714,487397.56666666665
2004-07-13,W,923012,571480,1494492,2004,7,1,Before 2020,195,564588.0,556428.0,237263.0,480532.5714285714,494629.23333333334
2004-07-14,W,906552,581198,1487750,2004,7,2,Before 2020,196,571480.0,568101.0,569479.0,482682.85714285716,505769.8
2004-07-15,W,912348,615708,1528056,2004,7,3,Before 2020,197,581198.0,580508.0,591145.0,484553.85714285716,506160.43333333335
2004-07-16,W,898626,610788,1509414,2004,7,4,Before 2020,198,615708.0,560395.0,584517.0,489582.4285714286,506979.2
2004-07-17,A,622104,365413,987517,2004,7,5,Before 2020,199,610788.0,305695.0,585309.0,496781.4285714286,507854.9
2004-07-18,U,440154,271230,711384,2004,7,6,Before 2020,200,365413.0,228013.0,600582.0,505312.5714285714,500525.0333333333
2004-07-19,W,898918,593573,1492491,2004,7,0,Before 2020,201,271230.0,564588.0,336481.0,511486.4285714286,489546.63333333336
2004-07-20,W,896643,606660,1503303,2004,7,1,Before 2020,202,593573.0,571480.0,231581.0,515627.14285714284,498116.36666666664
2004-07-21,W,857917,590615,1448532,2004,7,2,Before 2020,203,606660.0,581198.0,540333.0,520652.85714285716,510619.0
2004-07-22,W,858154,598156,1456310,2004,7,3,Before 2020,204,590615.0,615708.0,597441.0,521998.14285714284,512295.06666666665
2004-07-23,W,912722,590514,1503236,2004,7,4,Before 2020,205,598156.0,610788.0,578302.0,519490.71428571426,512318.9
2004-07-24,A,586037,319483,905520,2004,7,5,Before 2020,206,590514.0,365413.0,571439.0,516594.4285714286,512725.9666666667
2004-07-25,U,425968,250189,676157,2004,7,6,Before 2020,207,319483.0,271230.0,629449.0,510033.0,504327.43333333335
2004-07-26,W,852027,565461,1417488,2004,7,0,Before 2020,208,250189.0,593573.0,374748.0,507027.14285714284,491685.43333333335
2004-07-27,W,885055,590244,1475299,2004,7,1,Before 2020,209,565461.0,606660.0,324978.0,503011.14285714284,498042.5333333333
2004-07-28,W,883672,581804,1465476,2004,7,2,Before 2020,210,590244.0,590615.0,572918.0,500666.0,506884.73333333334
2004-07-29,W,881356,574372,1455728,2004,7,3,Before 2020,211,581804.0,598156.0,643017.0,499407.28571428574,507180.93333333335
2004-07-30,W,918563,599378,1517941,2004,7,4,Before 2020,212,574372.0,590514.0,639979.0,496009.5714285714,504892.76666666666
2004-07-31,A,646791,376947,1023738,2004,7,5,Before 2020,213,599378.0,319483.0,646062.0,497275.85714285716,503539.4
2004-08-01,U,455048,251600,706648,2004,8,6,Before 2020,214,376947.0,250189.0,647738.0,505485.0,494568.9
2004-08-02,W,882460,544308,1426768,2004,8,0,Before 2020,215,251600.0,565461.0,418005.0,505686.5714285714,481364.3
2004-08-03,W,933741,570440,1504181,2004,8,1,Before 2020,216,544308.0,590244.0,324563.0,502664.71428571426,485574.4
2004-08-04,W,867932,556467,1424399,2004,8,2,Before 2020,217,570440.0,581804.0,229820.0,499835.5714285714,493770.3
2004-08-05,W,918039,572708,1490747,2004,8,3,Before 2020,218,556467.0,574372.0,556428.0,496216.0,504658.5333333333
2004-08-06,W,918834,576089,1494923,2004,8,4,Before 2020,219,572708.0,599378.0,568101.0,495978.28571428574,505201.2
2004-08-07,A,608291,319929,928220,2004,8,5,Before 2020,220,576089.0,376947.0,580508.0,492651.28571428574,505467.4666666667
2004-08-08,U,432272,235899,668171,2004,8,6,Before 2020,221,319929.0,251600.0,560395.0,484505.85714285716,496781.5
2004-08-09,W,866609,543743,1410352,2004,8,0,Before 2020,222,235899.0,544308.0,305695.0,482262.85714285716,485964.9666666667
2004-08-10,W,859980,584756,1444736,2004,8,1,Before 2020,223,543743.0,570440.0,228013.0,482182.14285714284,493899.9
2004-08-11,W,848020,581158,1429178,2004,8,2,Before 2020,224,584756.0,556467.0,564588.0,484227.28571428574,505791.3333333333
2004-08-12,W,836018,586637,1422655,2004,8,3,Before 2020,225,581158.0,572708.0,571480.0,487754.5714285714,506343.6666666667
2004-08-13,W,887566,591673,1479239,2004,8,4,Before 2020,226,586637.0,576089.0,581198.0,489744.4285714286,506848.9
2004-08-14,A,659976,359470,1019446,2004,8,5,Before 2020,227,591673.0,319929.0,615708.0,491970.71428571426,507198.06666666665
2004-08-15,U,428984,239400,668384,2004,8,6,Before 2020,228,359470.0,235899.0,610788.0,497619.4285714286,498656.8
2004-08-16,W,836413,531860,1368273,2004,8,0,Before 2020,229,239400.0,543743.0,365413.0,498119.5714285714,486277.2
2004-08-17,W,847772,547281,1395053,2004,8,1,Before 2020,230,531860.0,584756.0,271230.0,496422.0,491825.43333333335
2004-08-18,W,845492,550495,1395987,2004,8,2,Before 2020,231,547281.0,581158.0,593573.0,491068.4285714286,501027.13333333336
2004-08-19,W,861625,560944,1422569,2004,8,3,Before 2020,232,550495.0,586637.0,606660.0,486688.0,499591.2
2004-08-20,W,868398,568661,1437059,2004,8,4,Before 2020,233,560944.0,591673.0,590615.0,483017.5714285714,498067.3333333333
2004-08-21,A,660686,360597,1021283,2004,8,5,Before 2020,234,568661.0,359470.0,598156.0,479730.14285714284,497335.5333333333
2004-08-22,U,475738,271487,747225,2004,8,6,Before 2020,235,360597.0,239400.0,590514.0,479891.14285714284,489416.9
2004-08-23,W,857805,566252,1424057,2004,8,0,Before 2020,236,271487.0,531860.0,319483.0,484475.0,478782.6666666667
2004-08-24,W,819217,567497,1386714,2004,8,1,Before 2020,237,566252.0,547281.0,250189.0,489388.14285714284,487008.3
2004-08-25,W,831352,570388,1401740,2004,8,2,Before 2020,238,567497.0,550495.0,565461.0,492276.14285714284,497585.23333333334
2004-08-26,W,860869,586981,1447850,2004,8,3,Before 2020,239,570388.0,560944.0,590244.0,495118.0,497749.4666666667
2004-08-27,W,878628,605790,1484418,2004,8,4,Before 2020,240,586981.0,568661.0,581804.0,498837.5714285714,497640.7
2004-08-28,A,548649,297684,846333,2004,8,5,Before 2020,241,605790.0,360597.0,574372.0,504141.71428571426,498440.23333333334
2004-08-29,U,407683,243215,650898,2004,8,6,Before 2020,242,297684.0,271487.0,599378.0,495154.14285714284,489217.3
2004-08-30,W,884633,567769,1452402,2004,8,0,Before 2020,243,243215.0,566252.0,376947.0,491115.28571428574,477345.2
2004-08-31,W,899858,586695,1486553,2004,8,1,Before 2020,244,567769.0,567497.0,251600.0,491332.0,483705.93333333335
2004-09-01,W,973679,597386,1571065,2004,9,2,Before 2020,245,586695.0,570388.0,544308.0,494074.5714285714,494875.76666666666
2004-09-02,W,953427,599495,1552922,2004,9,3,Before 2020,246,597386.0,586981.0,570440.0,497931.4285714286,496645.0333333333
2004-09-03,W,975876,588503,1564379,2004,9,4,Before 2020,247,599495.0,605790.0,556467.0,499719.14285714284,497613.5333333333
2004-09-04,A,653547,326695,980242,2004,9,5,Before 2020,248,588503.0,297684.0,572708.0,497249.5714285714,498681.4
2004-09-05,U,465576,257995,723571,2004,9,6,Before 2020,249,326695.0,243215.0,576089.0,501394.0,490480.9666666667
2004-09-06,U,409232,232087,641319,2004,9,0,Before 2020,250,257995.0,567769.0,319929.0,503505.4285714286,479877.8333333333
2004-09-07,W,1050387,626352,1676739,2004,9,1,Before 2020,251,232087.0,586695.0,235899.0,455550.85714285716,476949.76666666666
2004-09-08,W,1050697,637961,1688658,2004,9,2,Before 2020,252,626352.0,597386.0,543743.0,461216.14285714284,489964.86666666664
2004-09-09,W,1045824,628271,1674095,2004,9,3,Before 2020,253,637961.0,599495.0,584756.0,467012.5714285714,493105.4666666667
2004-09-10,W,1053387,651710,1705097,2004,9,4,Before 2020,254,628271.0,588503.0,581158.0,471123.4285714286,494555.9666666667
2004-09-11,A,637407,355835,993242,2004,9,5,Before 2020,255,651710.0,326695.0,586637.0,480153.0,496907.7
2004-09-12,U,448166,258509,706675,2004,9,6,Before 2020,256,355835.0,257995.0,591673.0,484315.85714285716,489214.3
2004-09-13,W,1042442,636868,1679310,2004,9,0,Before 2020,257,258509.0,232087.0,359470.0,484389.28571428574,478108.8333333333
2004-09-14,W,1046788,648153,1694941,2004,9,1,Before 2020,258,636868.0,626352.0,239400.0,542215.1428571428,487355.43333333335
2004-09-15,W,1024350,640279,1664629,2004,9,2,Before 2020,259,648153.0,637961.0,531860.0,545329.5714285715,500980.5333333333
2004-09-16,W,1029871,621221,1651092,2004,9,3,Before 2020,260,640279.0,628271.0,547281.0,545660.7142857143,504594.5
2004-09-17,W,1047045,625246,1672291,2004,9,4,Before 2020,261,621221.0,651710.0,550495.0,544653.5714285715,507059.1666666667
2004-09-18,A,636532,340756,977288,2004,9,5,Before 2020,262,625246.0,355835.0,560944.0,540873.0,509550.86666666664
2004-09-19,U,434873,237754,672627,2004,9,6,Before 2020,263,340756.0,258509.0,568661.0,538718.8571428572,502211.26666666666
2004-09-20,W,1037831,618982,1656813,2004,9,0,Before 2020,264,237754.0,636868.0,360597.0,535753.8571428572,491181.0333333333
2004-09-21,W,1050001,632360,1682361,2004,9,1,Before 2020,265,618982.0,648153.0,271487.0,533198.7142857143,499793.86666666664
2004-09-22,W,1032930,629320,1662250,2004,9,2,Before 2020,266,632360.0,640279.0,566252.0,530942.5714285715,511822.9666666667
2004-09-23,W,1044192,639139,1683331,2004,9,3,Before 2020,267,629320.0,621221.0,567497.0,529377.0,513925.23333333334
2004-09-24,W,1036019,622291,1658310,2004,9,4,Before 2020,268,639139.0,625246.0,570388.0,531936.7142857143,516313.3
2004-09-25,A,627583,322940,950523,2004,9,5,Before 2020,269,622291.0,340756.0,586981.0,531514.5714285715,518043.4
2004-09-26,U,424978,226180,651158,2004,9,6,Before 2020,270,322940.0,237754.0,605790.0,528969.4285714285,509242.0333333333
2004-09-27,W,1027685,636750,1664435,2004,9,0,Before 2020,271,226180.0,618982.0,297684.0,527316.0,496588.36666666664
2004-09-28,W,1032855,651704,1684559,2004,9,1,Before 2020,272,636750.0,632360.0,243215.0,529854.2857142857,507890.56666666665
2004-09-29,W,1026441,651246,1677687,2004,9,2,Before 2020,273,651704.0,629320.0,567769.0,532617.7142857143,521506.86666666664
2004-09-30,W,1028258,652621,1680879,2004,9,3,Before 2020,274,651246.0,639139.0,586695.0,535750.0,524289.4333333333
2004-10-01,W,1093423,654384,1747807,2004,10,4,Before 2020,275,652621.0,622291.0,597386.0,537676.0,526486.9666666667
2004-10-02,A,682534,363581,1046115,2004,10,5,Before 2020,276,654384.0,322940.0,599495.0,542260.7142857143,528386.9
2004-10-03,U,450247,252513,702760,2004,10,6,Before 2020,277,363581.0,226180.0,588503.0,548066.5714285715,520523.1
2004-10-04,W,1069102,626058,1695160,2004,10,0,Before 2020,278,252513.0,636750.0,326695.0,551828.4285714285,509323.43333333335
2004-10-05,W,1061080,632144,1693224,2004,10,1,Before 2020,279,626058.0,651704.0,257995.0,550301.0,519302.2
2004-10-06,W,1049585,633595,1683180,2004,10,2,Before 2020,280,632144.0,651246.0,232087.0,547506.7142857143,531773.8333333334
2004-10-07,W,1065448,640106,1705554,2004,10,3,Before 2020,281,633595.0,652621.0,626352.0,544985.1428571428,545157.4333333333
2004-10-08,W,993752,633554,1627306,2004,10,4,Before 2020,282,640106.0,654384.0,637961.0,543197.2857142857,545615.9
2004-10-09,A,657042,363116,1020158,2004,10,5,Before 2020,283,633554.0,363581.0,628271.0,540221.5714285715,545469.0
2004-10-10,U,421756,350585,772341,2004,10,6,Before 2020,284,363116.0,252513.0,651710.0,540155.1428571428,536630.5
2004-10-11,W,798129,533211,1331340,2004,10,0,Before 2020,285,350585.0,626058.0,355835.0,554165.4285714285,526593.0
2004-10-12,W,1049798,636093,1685891,2004,10,1,Before 2020,286,533211.0,632144.0,258509.0,540901.5714285715,532505.5333333333
2004-10-13,W,1041758,633630,1675388,2004,10,2,Before 2020,287,636093.0,633595.0,636868.0,541465.7142857143,545091.6666666666
2004-10-14,W,1039134,634855,1673989,2004,10,3,Before 2020,288,633630.0,640106.0,648153.0,541470.7142857143,544983.7333333333
2004-10-15,W,1030816,634543,1665359,2004,10,4,Before 2020,289,634855.0,633554.0,640279.0,540720.5714285715,544540.4666666667
2004-10-16,A,626844,326448,953292,2004,10,5,Before 2020,290,634543.0,363116.0,621221.0,540861.8571428572,544349.2666666667
2004-10-17,U,444240,243898,688138,2004,10,6,Before 2020,291,326448.0,350585.0,625246.0,535623.5714285715,534523.5
2004-10-18,W,996730,609460,1606190,2004,10,0,Before 2020,292,243898.0,533211.0,340756.0,520382.5714285714,521811.9
2004-10-19,W,1021166,624056,1645222,2004,10,1,Before 2020,293,609460.0,636093.0,237754.0,531275.2857142857,530768.7
2004-10-20,W,1023397,623762,1647159,2004,10,2,Before 2020,294,624056.0,633630.0,618982.0,529555.7142857143,543645.4333333333
2004-10-21,W,1052476,637181,1689657,2004,10,3,Before 2020,295,623762.0,634855.0,632360.0,528146.0,543804.7666666667
2004-10-22,W,1042359,629243,1671602,2004,10,4,Before 2020,296,637181.0,634543.0,629320.0,528478.2857142857,543965.4666666667
2004-10-23,A,596052,313794,909846,2004,10,5,Before 2020,297,629243.0,326448.0,639139.0,527721.1428571428,543962.9
2004-10-24,U,436838,227357,664195,2004,10,6,Before 2020,298,313794.0,243898.0,622291.0,525913.4285714285,533118.0666666667
2004-10-25,W,1026913,612489,1639402,2004,10,0,Before 2020,299,227357.0,609460.0,322940.0,523550.4285714286,519953.6
2004-10-26,W,1022142,621378,1643520,2004,10,1,Before 2020,300,612489.0,624056.0,226180.0,523983.14285714284,529605.2333333333
2004-10-27,W,1034962,628723,1663685,2004,10,2,Before 2020,301,621378.0,623762.0,636750.0,523600.5714285714,542778.5
2004-10-28,W,1033261,629827,1663088,2004,10,3,Before 2020,302,628723.0,637181.0,651704.0,524309.2857142857,542510.9333333333
2004-10-29,W,1025574,630736,1656310,2004,10,4,Before 2020,303,629827.0,629243.0,651246.0,523258.71428571426,541781.7
2004-10-30,A,594150,318073,912223,2004,10,5,Before 2020,304,630736.0,313794.0,652621.0,523472.0,541098.0333333333
2004-10-31,U,429612,230321,659933,2004,10,6,Before 2020,305,318073.0,227357.0,654384.0,524083.28571428574,529946.4333333333
2004-11-01,W,953969,587503,1541472,2004,11,0,Before 2020,306,230321.0,612489.0,363581.0,524506.7142857143,515811.0
2004-11-02,W,913103,577460,1490563,2004,11,1,Before 2020,307,587503.0,621378.0,252513.0,520937.28571428574,523275.06666666665
2004-11-03,W,1075369,625991,1701360,2004,11,2,Before 2020,308,577460.0,628723.0,626058.0,514663.28571428574,534106.6333333333
2004-11-04,W,1018608,623937,1642545,2004,11,3,Before 2020,309,625991.0,629827.0,632144.0,514273.0,534104.4
2004-11-05,W,1062739,630151,1692890,2004,11,4,Before 2020,310,623937.0,630736.0,633595.0,513431.5714285714,533830.8333333334
2004-11-06,A,647460,331394,978854,2004,11,5,Before 2020,311,630151.0,318073.0,640106.0,513348.0,533716.0333333333
2004-11-07,U,427407,222194,649601,2004,11,6,Before 2020,312,331394.0,230321.0,633554.0,515251.0,523425.63333333336
2004-11-08,W,1033733,615996,1649729,2004,11,0,Before 2020,313,222194.0,587503.0,363116.0,514090.0,509713.63333333336
2004-11-09,W,1035702,629375,1665077,2004,11,1,Before 2020,314,615996.0,577460.0,350585.0,518160.4285714286,518142.9666666667
2004-11-10,W,1042750,635694,1678444,2004,11,2,Before 2020,315,629375.0,625991.0,533211.0,525576.8571428572,527435.9666666667
2004-11-11,W,812757,549029,1361786,2004,11,3,Before 2020,316,635694.0,623937.0,636093.0,526963.0,530852.0666666667
2004-11-12,W,924772,606762,1531534,2004,11,4,Before 2020,317,549029.0,630151.0,633630.0,516261.85714285716,527949.9333333333
2004-11-13,A,625173,331920,957093,2004,11,5,Before 2020,318,606762.0,331394.0,634855.0,512920.5714285714,527054.3333333334
2004-11-14,U,413442,221405,634847,2004,11,6,Before 2020,319,331920.0,222194.0,634543.0,512995.71428571426,516956.5
2004-11-15,W,1006969,611786,1618755,2004,11,0,Before 2020,320,221405.0,615996.0,326448.0,512883.0,503185.23333333334
2004-11-16,W,1025607,623801,1649408,2004,11,1,Before 2020,321,611786.0,629375.0,243898.0,512281.5714285714,512696.5
2004-11-17,W,1018184,620535,1638719,2004,11,2,Before 2020,322,623801.0,635694.0,609460.0,511485.28571428574,525359.9333333333
2004-11-18,W,951154,610552,1561706,2004,11,3,Before 2020,323,620535.0,549029.0,624056.0,509319.71428571426,525729.1
2004-11-19,W,1021327,622698,1644025,2004,11,4,Before 2020,324,610552.0,606762.0,623762.0,518108.71428571426,525278.9666666667
2004-11-20,A,627629,371415,999044,2004,11,5,Before 2020,325,622698.0,331920.0,637181.0,520385.28571428574,525243.5
2004-11-21,U,427753,229287,657040,2004,11,6,Before 2020,326,371415.0,221405.0,629243.0,526027.4285714285,516384.63333333336
2004-11-22,W,1018065,606086,1624151,2004,11,0,Before 2020,327,229287.0,611786.0,313794.0,527153.4285714285,503052.76666666666
2004-11-23,W,1019132,616805,1635937,2004,11,1,Before 2020,328,606086.0,623801.0,227357.0,526339.1428571428,512795.8333333333
2004-11-24,W,835824,550778,1386602,2004,11,2,Before 2020,329,616805.0,620535.0,612489.0,525339.7142857143,525777.4333333333
2004-11-25,U,287787,147567,435354,2004,11,3,Before 2020,330,550778.0,610552.0,621378.0,515374.4285714286,523720.4
2004-11-26,W,591445,345213,936658,2004,11,4,Before 2020,331,147567.0,622698.0,628723.0,449233.71428571426,507926.7
2004-11-27,A,472803,246053,718856,2004,11,5,Before 2020,332,345213.0,371415.0,629827.0,409593.0,498476.36666666664
2004-11-28,U,384795,206685,591480,2004,11,6,Before 2020,333,246053.0,229287.0,630736.0,391684.14285714284,485683.9
2004-11-29,W,962243,588392,1550635,2004,11,0,Before 2020,334,206685.0,606086.0,318073.0,388455.28571428574,471548.86666666664
2004-11-30,W,970374,600955,1571329,2004,11,1,Before 2020,335,588392.0,616805.0,230321.0,385927.5714285714,480559.5
2004-12-01,W,1032681,614286,1646967,2004,12,2,Before 2020,336,600955.0,550778.0,587503.0,383663.28571428574,492913.9666666667
2004-12-02,W,1018483,613061,1631544,2004,12,3,Before 2020,337,614286.0,147567.0,577460.0,392735.85714285716,493806.73333333334
2004-12-03,W,1060084,615342,1675426,2004,12,4,Before 2020,338,613061.0,345213.0,625991.0,459235.0,494993.43333333335
2004-12-04,A,638045,335317,973362,2004,12,5,Before 2020,339,615342.0,246053.0,623937.0,497824.85714285716,494638.4666666667
2004-12-05,U,425127,231858,656985,2004,12,6,Before 2020,340,335317.0,206685.0,630151.0,510576.85714285716,485017.8
2004-12-06,W,1000415,587577,1587992,2004,12,0,Before 2020,341,231858.0,588392.0,331394.0,514173.0,471741.36666666664
2004-12-07,W,948268,587165,1535433,2004,12,1,Before 2020,342,587577.0,600955.0,222194.0,514056.5714285714,480280.8
2004-12-08,W,1017145,605103,1622248,2004,12,2,Before 2020,343,587165.0,614286.0,615996.0,512086.5714285714,492446.5
2004-12-09,W,1006857,607436,1614293,2004,12,3,Before 2020,344,605103.0,613061.0,629375.0,510774.71428571426,492083.4
2004-12-10,W,1010307,598887,1609194,2004,12,4,Before 2020,345,607436.0,615342.0,635694.0,509971.14285714284,491352.1
2004-12-11,A,602774,318757,921531,2004,12,5,Before 2020,346,598887.0,335317.0,549029.0,507620.4285714286,490125.2
2004-12-12,U,388481,205786,594267,2004,12,6,Before 2020,347,318757.0,231858.0,606762.0,505254.71428571426,482449.4666666667
2004-12-13,W,922941,562847,1485788,2004,12,0,Before 2020,348,205786.0,587577.0,331920.0,501530.14285714284,469083.6
2004-12-14,W,934042,574048,1508090,2004,12,1,Before 2020,349,562847.0,587165.0,221405.0,497997.28571428574,476781.1666666667
2004-12-15,W,974391,584961,1559352,2004,12,2,Before 2020,350,574048.0,605103.0,611786.0,496123.4285714286,488535.93333333335
2004-12-16,W,969829,585749,1555578,2004,12,3,Before 2020,351,584961.0,607436.0,623801.0,493246.0,487641.76666666666
2004-12-17,W,978842,572764,1551606,2004,12,4,Before 2020,352,585749.0,598887.0,620535.0,490147.85714285716,486373.36666666664
2004-12-18,A,587269,302065,889334,2004,12,5,Before 2020,353,572764.0,318757.0,610552.0,486416.0,484781.0
2004-12-19,U,320403,181261,501664,2004,12,6,Before 2020,354,302065.0,205786.0,622698.0,484031.4285714286,474498.1
2004-12-20,W,726487,488937,1215424,2004,12,0,Before 2020,355,181261.0,562847.0,371415.0,480527.85714285716,459783.5333333333
2004-12-21,W,783801,508747,1292548,2004,12,1,Before 2020,356,488937.0,574048.0,229287.0,469969.28571428574,463700.93333333335
2004-12-22,W,725010,473787,1198797,2004,12,2,Before 2020,357,508747.0,584961.0,606086.0,460640.5714285714,473016.26666666666
2004-12-23,W,670666,408740,1079406,2004,12,3,Before 2020,358,473787.0,585749.0,616805.0,444758.5714285714,468606.3
2004-12-24,W,425489,191941,617430,2004,12,4,Before 2020,359,408740.0,572764.0,550778.0,419471.5714285714,461670.8
2004-12-25,U,213912,87992,301904,2004,12,5,Before 2020,360,191941.0,302065.0,147567.0,365068.28571428574,449709.56666666665
2004-12-26,U,327069,152351,479420,2004,12,6,Before 2020,361,87992.0,181261.0,345213.0,334486.4285714286,447723.73333333334
2004-12-27,W,650769,386604,1037373,2004,12,0,Before 2020,362,152351.0,488937.0,246053.0,330356.4285714286,441295.0
2004-12-28,W,698229,438802,1137031,2004,12,1,Before 2020,363,386604.0,508747.0,206685.0,315737.4285714286,445980.0333333333
2004-12-29,W,726475,456993,1183468,2004,12,2,Before 2020,364,438802.0,473787.0,588392.0,305745.28571428574,453717.26666666666
2004-12-30,W,738698,457796,1196494,2004,12,3,Before 2020,365,456993.0,408740.0,600955.0,303346.14285714284,449337.3
2004-12-31,W,633996,364015,998011,2004,12,4,Before 2020,366,457796.0,191941.0,614286.0,310354.14285714284,444565.3333333333
2005-01-01,U,334140,196267,530407,2005,1,5,Before 2020,1,364015.0,87992.0,613061.0,334936.14285714284,436222.9666666667
2005-01-02,U,373512,183672,557184,2005,1,6,Before 2020,2,196267.0,152351.0,615342.0,350404.0,422329.8333333333
2005-01-03,W,894571,512620,1407191,2005,1,0,Before 2020,3,183672.0,386604.0,335317.0,354878.4285714286,407940.8333333333
2005-01-04,W,972798,559563,1532361,2005,1,1,Before 2020,4,512620.0,438802.0,231858.0,372880.71428571426,413850.93333333335
2005-01-05,W,851226,558698,1409924,2005,1,2,Before 2020,5,559563.0,456993.0,587577.0,390132.28571428574,424774.43333333335
2005-01-06,W,862750,554283,1417033,2005,1,3,Before 2020,6,558698.0,457796.0,587165.0,404661.5714285714,423811.8
2005-01-07,W,915274,554769,1470043,2005,1,4,Before 2020,7,554283.0,364015.0,605103.0,418445.4285714286,422715.73333333334
2005-01-08,A,533884,261042,794926,2005,1,5,Before 2020,8,554769.0,196267.0,607436.0,445696.0,421037.93333333335
2005-01-09,U,358628,177968,536596,2005,1,6,Before 2020,9,261042.0,183672.0,598887.0,454949.5714285714,409491.4666666667
2005-01-10,W,979955,584456,1564411,2005,1,0,Before 2020,10,177968.0,512620.0,318757.0,454134.71428571426,395460.8333333333
2005-01-11,W,954938,590368,1545306,2005,1,1,Before 2020,11,584456.0,559563.0,205786.0,464397.0,404317.4666666667
2005-01-12,W,972407,589359,1561766,2005,1,2,Before 2020,12,590368.0,558698.0,562847.0,468797.71428571426,417136.86666666664
2005-01-13,W,931709,582596,1514305,2005,1,3,Before 2020,13,589359.0,554283.0,574048.0,473177.85714285716,418020.6
2005-01-14,W,894841,552090,1446931,2005,1,4,Before 2020,14,582596.0,554769.0,584961.0,477222.5714285714,418305.5333333333
2005-01-15,A,481878,249401,731279,2005,1,5,Before 2020,15,552090.0,261042.0,585749.0,476839.85714285716,417209.8333333333
2005-01-16,U,314149,169880,484029,2005,1,6,Before 2020,16,249401.0,177968.0,572764.0,475176.85714285716,405998.23333333334
2005-01-17,W,539410,349284,888694,2005,1,0,Before 2020,17,169880.0,584456.0,302065.0,474021.4285714286,392568.76666666666
2005-01-18,W,907849,569801,1477650,2005,1,1,Before 2020,18,349284.0,590368.0,181261.0,440425.4285714286,394142.73333333334
2005-01-19,W,947581,583108,1530689,2005,1,2,Before 2020,19,569801.0,589359.0,488937.0,437487.28571428574,407094.06666666665
2005-01-20,W,936302,590558,1526860,2005,1,3,Before 2020,20,583108.0,582596.0,508747.0,436594.28571428574,410233.1
2005-01-21,W,968823,591645,1560468,2005,1,4,Before 2020,21,590558.0,552090.0,473787.0,437731.71428571426,412960.13333333336
2005-01-22,A,422190,263129,685319,2005,1,5,Before 2020,22,591645.0,249401.0,408740.0,443382.4285714286,416888.73333333334
2005-01-23,U,345136,188044,533180,2005,1,6,Before 2020,23,263129.0,169880.0,191941.0,445343.5714285714,412035.0333333333
2005-01-24,W,957377,580140,1537517,2005,1,0,Before 2020,24,188044.0,349284.0,87992.0,447938.4285714286,411905.13333333336
2005-01-25,W,995268,592253,1587521,2005,1,1,Before 2020,25,580140.0,569801.0,152351.0,480917.85714285716,428310.06666666665
2005-01-26,W,947433,581016,1528449,2005,1,2,Before 2020,26,592253.0,583108.0,386604.0,484125.28571428574,442973.4666666667
2005-01-27,W,955413,587048,1542461,2005,1,3,Before 2020,27,581016.0,590558.0,438802.0,483826.4285714286,449453.86666666664
2005-01-28,W,857968,554367,1412335,2005,1,4,Before 2020,28,587048.0,591645.0,456993.0,483325.0,454395.4
2005-01-29,A,559310,277291,836601,2005,1,5,Before 2020,29,554367.0,263129.0,457796.0,477999.5714285714,457641.2
2005-01-30,U,387197,187644,574841,2005,1,6,Before 2020,30,277291.0,188044.0,364015.0,480022.71428571426,451624.36666666664
2005-01-31,W,992251,583230,1575481,2005,1,0,Before 2020,31,187644.0,580140.0,196267.0,479965.5714285714,445745.3333333333
2005-02-01,W,1050914,598684,1649598,2005,2,1,Before 2020,32,583230.0,592253.0,183672.0,480407.0,458644.1
2005-02-02,W,1046742,599354,1646096,2005,2,2,Before 2020,33,598684.0,581016.0,512620.0,481325.71428571426,472477.8333333333
2005-02-03,W,1061904,607326,1669230,2005,2,3,Before 2020,34,599354.0,587048.0,559563.0,483945.4285714286,475368.9666666667
2005-02-04,W,1062971,595511,1658482,2005,2,4,Before 2020,35,607326.0,554367.0,558698.0,486842.28571428574,476961.06666666665
2005-02-05,A,670035,312338,982373,2005,2,5,Before 2020,36,595511.0,277291.0,554283.0,492720.0,478188.1666666667
2005-02-06,U,413456,196102,609558,2005,2,6,Before 2020,37,312338.0,187644.0,554769.0,497726.71428571426,470123.3333333333
2005-02-07,W,987016,578699,1565715,2005,2,0,Before 2020,38,196102.0,583230.0,261042.0,498935.0,458167.76666666666
2005-02-08,W,1005698,593343,1599041,2005,2,1,Before 2020,39,578699.0,598684.0,177968.0,498287.71428571426,468756.3333333333
2005-02-09,W,989259,595976,1585235,2005,2,2,Before 2020,40,593343.0,599354.0,584456.0,497524.71428571426,482602.1666666667
2005-02-10,W,1012514,596286,1608800,2005,2,3,Before 2020,41,595976.0,607326.0,590368.0,497042.14285714284,482986.1666666667
2005-02-11,W,999975,566136,1566111,2005,2,4,Before 2020,42,596286.0,595511.0,589359.0,495465.0,483183.43333333335
2005-02-12,A,665453,316216,981669,2005,2,5,Before 2020,43,566136.0,312338.0,582596.0,491268.5714285714,482409.3333333333
2005-02-13,U,384592,194152,578744,2005,2,6,Before 2020,44,316216.0,196102.0,552090.0,491822.5714285714,473530.0
2005-02-14,W,1015673,596928,1612601,2005,2,0,Before 2020,45,194152.0,578699.0,249401.0,491544.0,461598.73333333334
2005-02-15,W,980220,590777,1570997,2005,2,1,Before 2020,46,596928.0,593343.0,169880.0,494148.14285714284,473182.9666666667
2005-02-16,W,1002714,602439,1605153,2005,2,2,Before 2020,47,590777.0,595976.0,349284.0,493781.5714285714,487212.86666666664
2005-02-17,W,981996,593476,1575472,2005,2,3,Before 2020,48,602439.0,596286.0,569801.0,494704.85714285716,495651.36666666664
2005-02-18,W,983784,582874,1566658,2005,2,4,Before 2020,49,593476.0,566136.0,583108.0,494303.4285714286,496440.5333333333
2005-02-19,A,619586,308419,928005,2005,2,5,Before 2020,50,582874.0,316216.0,590558.0,496694.5714285714,496432.73333333334
2005-02-20,U,365108,192834,557942,2005,2,6,Before 2020,51,308419.0,194152.0,591645.0,495580.71428571426,487028.1
2005-02-21,W,723673,445742,1169415,2005,2,0,Before 2020,52,192834.0,596928.0,263129.0,495392.4285714286,473734.4
2005-02-22,W,1002989,600405,1603394,2005,2,1,Before 2020,53,445742.0,590777.0,188044.0,473794.4285714286,479821.5
2005-02-23,W,996383,601647,1598030,2005,2,2,Before 2020,54,600405.0,602439.0,580140.0,475169.85714285716,493566.86666666664
2005-02-24,W,982207,599568,1581775,2005,2,3,Before 2020,55,601647.0,593476.0,592253.0,475056.71428571426,494283.76666666666
2005-02-25,W,1002592,590287,1592879,2005,2,4,Before 2020,56,599568.0,582874.0,581016.0,475927.0,494527.6
2005-02-26,A,603707,304026,907733,2005,2,5,Before 2020,57,590287.0,308419.0,587048.0,476986.0,494836.63333333336
2005-02-27,U,386996,200694,587690,2005,2,6,Before 2020,58,304026.0,192834.0,554367.0,476358.4285714286,485402.56666666665
2005-02-28,W,943655,578722,1522377,2005,2,0,Before 2020,59,200694.0,445742.0,277291.0,477481.28571428574,473613.4666666667
2005-03-01,W,1012943,591771,1604714,2005,3,1,Before 2020,60,578722.0,600405.0,187644.0,496478.4285714286,483661.1666666667
2005-03-02,W,984054,587875,1571929,2005,3,2,Before 2020,61,591771.0,601647.0,583230.0,495245.0,497132.06666666665
2005-03-03,W,1030040,600570,1630610,2005,3,3,Before 2020,62,587875.0,599568.0,598684.0,493277.5714285714,497286.9
2005-03-04,W,1027003,589864,1616867,2005,3,4,Before 2020,63,600570.0,590287.0,599354.0,493420.71428571426,497349.76666666666
2005-03-05,A,625252,303912,929164,2005,3,5,Before 2020,64,589864.0,304026.0,607326.0,493360.28571428574,497033.43333333335
2005-03-06,U,451472,218330,669802,2005,3,6,Before 2020,65,303912.0,200694.0,595511.0,493344.0,486919.63333333336
2005-03-07,W,814934,533210,1348144,2005,3,0,Before 2020,66,218330.0,578722.0,312338.0,495863.4285714286,474346.93333333335
2005-03-08,W,1009879,597987,1607866,2005,3,1,Before 2020,67,533210.0,591771.0,196102.0,489361.71428571426,481709.3333333333
2005-03-09,W,996362,598004,1594366,2005,3,2,Before 2020,68,597987.0,587875.0,578699.0,490249.71428571426,495105.5
2005-03-10,W,941999,585359,1527358,2005,3,3,Before 2020,69,598004.0,600570.0,593343.0,491696.71428571426,495749.0
2005-03-11,W,994830,587513,1582343,2005,3,4,Before 2020,70,585359.0,589864.0,595976.0,489523.71428571426,495482.86666666664
2005-03-12,A,581761,317998,899759,2005,3,5,Before 2020,71,587513.0,303912.0,596286.0,489187.85714285716,495200.76666666666
2005-03-13,U,393195,205254,598449,2005,3,6,Before 2020,72,317998.0,218330.0,566136.0,491200.14285714284,485924.5
2005-03-14,W,980033,583024,1563057,2005,3,0,Before 2020,73,205254.0,533210.0,316216.0,489332.14285714284,473895.1
2005-03-15,W,1017371,606409,1623780,2005,3,1,Before 2020,74,583024.0,597987.0,194152.0,496448.4285714286,482788.7
2005-03-16,W,1011281,607649,1618930,2005,3,2,Before 2020,75,606409.0,598004.0,596928.0,497651.5714285714,496530.6
2005-03-17,W,989736,605564,1595300,2005,3,3,Before 2020,76,607649.0,585359.0,590777.0,499029.4285714286,496887.9666666667
2005-03-18,W,1017219,593449,1610668,2005,3,4,Before 2020,77,605564.0,587513.0,602439.0,501915.85714285716,497380.86666666664
2005-03-19,A,610862,312814,923676,2005,3,5,Before 2020,78,593449.0,317998.0,593476.0,502763.85714285716,497081.2
2005-03-20,U,416015,208726,624741,2005,3,6,Before 2020,79,312814.0,205254.0,582874.0,502023.28571428574,487725.8
2005-03-21,W,849240,544264,1393504,2005,3,0,Before 2020,80,208726.0,583024.0,308419.0,502519.28571428574,475254.2
2005-03-22,W,861916,553996,1415912,2005,3,1,Before 2020,81,544264.0,606409.0,192834.0,496982.14285714284,483115.7
2005-03-23,W,837601,544825,1382426,2005,3,2,Before 2020,82,553996.0,607649.0,445742.0,489494.5714285714,495154.43333333335
2005-03-24,W,848267,544242,1392509,2005,3,3,Before 2020,83,544825.0,605564.0,600405.0,480519.71428571426,498457.2
2005-03-25,W,717162,456076,1173238,2005,3,4,Before 2020,84,544242.0,593449.0,601647.0,471759.4285714286,496585.1
2005-03-26,A,550378,266697,817075,2005,3,5,Before 2020,85,456076.0,312814.0,599568.0,452134.71428571426,491732.73333333334
2005-03-27,U,392111,172199,564310,2005,3,6,Before 2020,86,266697.0,208726.0,590287.0,445546.5714285714,480637.0333333333
2005-03-28,W,968792,568013,1536805,2005,3,0,Before 2020,87,172199.0,544264.0,304026.0,440328.4285714286,466700.76666666666
2005-03-29,W,1001423,598783,1600206,2005,3,1,Before 2020,88,568013.0,553996.0,200694.0,443721.14285714284,475500.3333333333
2005-03-30,W,942056,580582,1522638,2005,3,2,Before 2020,89,598783.0,544825.0,578722.0,450119.28571428574,488769.9666666667
2005-03-31,W,966045,589937,1555982,2005,3,3,Before 2020,90,580582.0,544242.0,591771.0,455227.4285714286,488831.9666666667
2005-04-01,W,1050962,600913,1651875,2005,4,4,Before 2020,91,589937.0,456076.0,587875.0,461755.28571428574,488770.8333333333
2005-04-02,A,663367,322162,985529,2005,4,5,Before 2020,92,600913.0,266697.0,600570.0,482446.28571428574,489205.43333333335
2005-04-03,U,440189,229712,669901,2005,4,6,Before 2020,93,322162.0,172199.0,589864.0,490369.85714285716,479925.1666666667
2005-04-04,W,1035659,608092,1643751,2005,4,0,Before 2020,94,229712.0,568013.0,303912.0,498586.0,467920.1
2005-04-05,W,1048343,612259,1660602,2005,4,1,Before 2020,95,608092.0,598783.0,218330.0,504311.5714285714,478059.43333333335
2005-04-06,W,1005400,610876,1616276,2005,4,2,Before 2020,96,612259.0,580582.0,533210.0,506236.71428571426,491190.4
2005-04-07,W,1001832,612048,1613880,2005,4,3,Before 2020,97,610876.0,589937.0,597987.0,510564.4285714286,493779.26666666666
2005-04-08,W,1034023,642939,1676962,2005,4,4,Before 2020,98,612048.0,600913.0,598004.0,513723.14285714284,494247.9666666667
2005-04-09,A,645280,347387,992667,2005,4,5,Before 2020,99,642939.0,322162.0,585359.0,519726.85714285716,495745.8
2005-04-10,U,439237,244746,683983,2005,4,6,Before 2020,100,347387.0,229712.0,587513.0,523330.4285714286,487813.4
2005-04-11,W,1013684,615683,1629367,2005,4,0,Before 2020,101,244746.0,608092.0,317998.0,525478.1428571428,476387.8333333333
2005-04-12,W,938160,597721,1535881,2005,4,1,Before 2020,102,615683.0,612259.0,205254.0,526562.5714285715,486310.6666666667
2005-04-13,W,1016213,630756,1646969,2005,4,2,Before 2020,103,597721.0,610876.0,583024.0,524485.7142857143,499392.9
2005-04-14,W,1026667,616143,1642810,2005,4,3,Before 2020,104,630756.0,612048.0,606409.0,527325.7142857143,500983.9666666667
2005-04-15,W,953214,602625,1555839,2005,4,4,Before 2020,105,616143.0,642939.0,607649.0,527910.7142857143,501308.43333333335
2005-04-16,A,637641,331817,969458,2005,4,5,Before 2020,106,602625.0,347387.0,605564.0,522151.5714285714,501140.9666666667
2005-04-17,U,428663,225292,653955,2005,4,6,Before 2020,107,331817.0,244746.0,593449.0,519927.28571428574,492016.06666666665
2005-04-18,W,1015285,609637,1624922,2005,4,0,Before 2020,108,225292.0,615683.0,312814.0,517148.14285714284,479744.1666666667
2005-04-19,W,1011163,622316,1633479,2005,4,1,Before 2020,109,609637.0,597721.0,208726.0,516284.4285714286,489638.26666666666
2005-04-20,W,963837,600039,1563876,2005,4,2,Before 2020,110,622316.0,630756.0,544264.0,519798.0,503424.6
2005-04-21,W,954629,601125,1555754,2005,4,3,Before 2020,111,600039.0,616143.0,553996.0,515409.85714285716,505283.76666666666
2005-04-22,W,926157,588764,1514921,2005,4,4,Before 2020,112,601125.0,602625.0,544825.0,513264.4285714286,506854.73333333334
2005-04-23,A,541013,297122,838135,2005,4,5,Before 2020,113,588764.0,331817.0,544242.0,511284.28571428574,508319.36666666664
2005-04-24,U,401026,221195,622221,2005,4,6,Before 2020,114,297122.0,225292.0,456076.0,506327.85714285716,500082.0333333333
2005-04-25,W,1003896,610619,1614515,2005,4,0,Before 2020,115,221195.0,609637.0,266697.0,505742.5714285714,492252.6666666667
2005-04-26,W,1002029,620181,1622210,2005,4,1,Before 2020,116,610619.0,622316.0,172199.0,505882.85714285716,503716.73333333334
2005-04-27,W,932943,620361,1553304,2005,4,2,Before 2020,117,620181.0,600039.0,568013.0,505577.85714285716,518649.4666666667
2005-04-28,W,945137,604452,1549589,2005,4,3,Before 2020,118,620361.0,601125.0,598783.0,508481.0,520394.4
2005-04-29,W,1036716,608264,1644980,2005,4,4,Before 2020,119,604452.0,588764.0,580582.0,508956.28571428574,520583.36666666664
2005-04-30,A,635054,315323,950377,2005,4,5,Before 2020,120,608264.0,297122.0,589937.0,511742.0,521506.1
2005-05-01,U,406509,215144,621653,2005,5,6,Before 2020,121,315323.0,221195.0,600913.0,514342.14285714284,512352.3
2005-05-02,W,1000310,585188,1585498,2005,5,0,Before 2020,122,215144.0,610619.0,322162.0,513477.71428571426,499493.3333333333
2005-05-03,W,1045152,610739,1655891,2005,5,1,Before 2020,123,585188.0,620181.0,229712.0,509844.71428571426,508260.86666666664
2005-05-04,W,1036608,612365,1648973,2005,5,2,Before 2020,124,610739.0,620361.0,608092.0,508495.85714285716,520961.76666666666
2005-05-05,W,1044204,621992,1666196,2005,5,3,Before 2020,125,612365.0,604452.0,612259.0,507353.5714285714,521104.2
2005-05-06,W,1027299,626005,1653304,2005,5,4,Before 2020,126,621992.0,608264.0,610876.0,509859.28571428574,521428.63333333336
2005-05-07,A,613000,341551,954551,2005,5,5,Before 2020,127,626005.0,315323.0,612048.0,512393.71428571426,521932.93333333335
2005-05-08,U,441575,242829,684404,2005,5,6,Before 2020,128,341551.0,215144.0,642939.0,516140.5714285714,512916.36666666664
2005-05-09,W,960649,593537,1554186,2005,5,0,Before 2020,129,242829.0,585188.0,347387.0,520095.5714285714,499579.36666666664
2005-05-10,W,1033686,634549,1668235,2005,5,1,Before 2020,130,593537.0,610739.0,244746.0,521288.28571428574,507784.36666666664
2005-05-11,W,908042,592526,1500568,2005,5,2,Before 2020,131,634549.0,612365.0,615683.0,524689.7142857143,520777.8
2005-05-12,W,976440,605243,1581683,2005,5,3,Before 2020,132,592526.0,621992.0,597721.0,521855.5714285714,520005.9
2005-05-13,W,980674,597196,1577870,2005,5,4,Before 2020,133,605243.0,626005.0,630756.0,519462.85714285716,520256.63333333336
2005-05-14,A,615871,324491,940362,2005,5,5,Before 2020,134,597196.0,341551.0,616143.0,515347.28571428574,519137.9666666667
2005-05-15,U,400447,218269,618716,2005,5,6,Before 2020,135,324491.0,242829.0,602625.0,512910.14285714284,509416.23333333334
2005-05-16,W,1005555,598942,1604497,2005,5,0,Before 2020,136,218269.0,593537.0,331817.0,509401.5714285714,496604.36666666664
2005-05-17,W,1013627,607296,1620923,2005,5,1,Before 2020,137,598942.0,634549.0,225292.0,510173.71428571426,505508.5333333333
2005-05-18,W,1003414,604841,1608255,2005,5,2,Before 2020,138,607296.0,592526.0,609637.0,506280.4285714286,518242.0
2005-05-19,W,951340,593341,1544681,2005,5,3,Before 2020,139,604841.0,605243.0,622316.0,508039.71428571426,518082.13333333336
2005-05-20,W,1028933,625628,1654561,2005,5,4,Before 2020,140,593341.0,597196.0,600039.0,506339.4285714286,517116.3
2005-05-21,A,647441,353375,1000816,2005,5,5,Before 2020,141,625628.0,324491.0,601125.0,510401.14285714284,517969.26666666666
2005-05-22,U,436056,249081,685137,2005,5,6,Before 2020,142,353375.0,218269.0,588764.0,514527.4285714286,509710.93333333335
2005-05-23,W,997640,612963,1610603,2005,5,0,Before 2020,143,249081.0,598942.0,297122.0,518929.14285714284,498388.1666666667
2005-05-24,W,1017021,636017,1653038,2005,5,1,Before 2020,144,612963.0,607296.0,221195.0,520932.14285714284,508916.2
2005-05-25,W,1002504,628633,1631137,2005,5,2,Before 2020,145,636017.0,604841.0,610619.0,525035.1428571428,522743.6
2005-05-26,W,995429,632007,1627436,2005,5,3,Before 2020,146,628633.0,593341.0,620181.0,528434.0,523344.06666666665
2005-05-27,W,987014,616101,1603115,2005,5,4,Before 2020,147,632007.0,625628.0,620361.0,533957.7142857143,523738.26666666666
2005-05-28,A,583683,356717,940400,2005,5,5,Before 2020,148,616101.0,353375.0,604452.0,532596.7142857143,523596.26666666666
2005-05-29,U,415969,261440,677409,2005,5,6,Before 2020,149,356717.0,249081.0,608264.0,533074.1428571428,515338.43333333335
2005-05-30,U,403677,232100,635777,2005,5,0,Before 2020,150,261440.0,612963.0,315323.0,534839.7142857143,503777.63333333336
2005-05-31,W,968847,591522,1560369,2005,5,1,Before 2020,151,232100.0,636017.0,215144.0,480430.71428571426,501003.5333333333
2005-06-01,W,1041992,613034,1655026,2005,6,2,Before 2020,152,591522.0,628633.0,585188.0,474074.28571428574,513549.4666666667
2005-06-02,W,1015376,603865,1619241,2005,6,3,Before 2020,153,613034.0,632007.0,610739.0,471845.85714285716,514477.6666666667
2005-06-03,W,1049697,616170,1665867,2005,6,4,Before 2020,154,603865.0,616101.0,612365.0,467825.5714285714,514248.5333333333
2005-06-04,A,621165,322782,943947,2005,6,5,Before 2020,155,616170.0,356717.0,621992.0,467835.4285714286,514375.36666666664
2005-06-05,U,448366,236960,685326,2005,6,6,Before 2020,156,322782.0,261440.0,626005.0,462987.5714285714,504401.7
2005-06-06,W,1012097,619504,1631601,2005,6,0,Before 2020,157,236960.0,232100.0,341551.0,459490.4285714286,491433.5333333333
2005-06-07,W,1003186,628716,1631902,2005,6,1,Before 2020,158,619504.0,591522.0,242829.0,514833.85714285716,500698.63333333336
2005-06-08,W,984240,632453,1616693,2005,6,2,Before 2020,159,628716.0,613034.0,593537.0,520147.28571428574,513561.5333333333
2005-06-09,W,1000130,622726,1622856,2005,6,3,Before 2020,160,632453.0,603865.0,634549.0,522921.4285714286,514858.73333333334
2005-06-10,W,997687,654887,1652574,2005,6,4,Before 2020,161,622726.0,616170.0,592526.0,525615.8571428572,514464.63333333336
2005-06-11,A,647313,413642,1060955,2005,6,5,Before 2020,162,654887.0,322782.0,605243.0,531146.8571428572,516543.3333333333
2005-06-12,U,446785,287623,734408,2005,6,6,Before 2020,163,413642.0,236960.0,597196.0,544126.8571428572,510156.63333333336
2005-06-13,W,973038,628857,1601895,2005,6,0,Before 2020,164,287623.0,619504.0,324491.0,551364.4285714285,499837.5333333333
2005-06-14,W,955995,635882,1591877,2005,6,1,Before 2020,165,628857.0,628716.0,218269.0,552700.5714285715,509983.06666666665
2005-06-15,W,941737,637318,1579055,2005,6,2,Before 2020,166,635882.0,632453.0,598942.0,553724.2857142857,523903.5
2005-06-16,W,931626,603660,1535286,2005,6,3,Before 2020,167,637318.0,622726.0,607296.0,554419.2857142857,525182.7
2005-06-17,W,998232,611676,1609908,2005,6,4,Before 2020,168,603660.0,654887.0,604841.0,551695.5714285715,525061.5
2005-06-18,A,636265,346258,982523,2005,6,5,Before 2020,169,611676.0,413642.0,593341.0,545522.5714285715,525289.3333333334
2005-06-19,U,459729,243775,703504,2005,6,6,Before 2020,170,346258.0,287623.0,625628.0,535896.2857142857,517053.23333333334
2005-06-20,W,880325,591715,1472040,2005,6,0,Before 2020,171,243775.0,628857.0,353375.0,529632.2857142857,504324.8
2005-06-21,W,889907,606210,1496117,2005,6,1,Before 2020,172,591715.0,635882.0,249081.0,524326.2857142857,512269.4666666667
2005-06-22,W,890705,607690,1498395,2005,6,2,Before 2020,173,606210.0,637318.0,612963.0,520087.4285714286,524173.76666666666
2005-06-23,W,888587,593403,1481990,2005,6,3,Before 2020,174,607690.0,603660.0,636017.0,515854.85714285716,523998.0
2005-06-24,W,869672,643554,1513226,2005,6,4,Before 2020,175,593403.0,611676.0,628633.0,514389.5714285714,522577.5333333333
2005-06-25,A,629963,398677,1028640,2005,6,5,Before 2020,176,643554.0,346258.0,632007.0,518943.5714285714,523074.9
2005-06-26,U,456191,354882,811073,2005,6,6,Before 2020,177,398677.0,243775.0,616101.0,526432.0,515297.23333333334
2005-06-27,W,867853,591716,1459569,2005,6,0,Before 2020,178,354882.0,591715.0,356717.0,542304.4285714285,506589.93333333335
2005-06-28,W,870601,632227,1502828,2005,6,1,Before 2020,179,591716.0,606210.0,261440.0,542304.5714285715,514423.23333333334
2005-06-29,W,871256,638601,1509857,2005,6,2,Before 2020,180,632227.0,607690.0,232100.0,546021.2857142857,526782.8
2005-06-30,W,878941,646980,1525921,2005,6,3,Before 2020,181,638601.0,593403.0,591522.0,550437.1428571428,540332.8333333334
2005-07-01,W,945326,662564,1607890,2005,7,4,Before 2020,182,646980.0,643554.0,613034.0,558091.0,542181.4333333333
2005-07-02,A,686826,463297,1150123,2005,7,5,Before 2020,183,662564.0,398677.0,603865.0,560806.7142857143,543832.4333333333
2005-07-03,U,559176,517599,1076775,2005,7,6,Before 2020,184,463297.0,354882.0,616170.0,570038.1428571428,539146.8333333334
2005-07-04,U,422316,278678,700994,2005,7,0,Before 2020,185,517599.0,591716.0,322782.0,593283.4285714285,535861.1333333333
2005-07-05,W,913873,569757,1483630,2005,7,1,Before 2020,186,278678.0,632227.0,236960.0,548563.7142857143,534391.0
2005-07-06,W,926125,590642,1516767,2005,7,2,Before 2020,187,569757.0,638601.0,619504.0,539639.4285714285,545484.2333333333
2005-07-07,W,929359,578396,1507755,2005,7,3,Before 2020,188,590642.0,646980.0,628716.0,532788.1428571428,544522.1666666666
2005-07-08,W,950222,591325,1541547,2005,7,4,Before 2020,189,578396.0,662564.0,632453.0,522990.4285714286,542844.8333333334
2005-07-09,A,623556,331017,954573,2005,7,5,Before 2020,190,591325.0,463297.0,622726.0,512813.4285714286,541473.9
2005-07-10,U,444647,239684,684331,2005,7,6,Before 2020,191,331017.0,517599.0,654887.0,493916.28571428574,531750.2666666667
2005-07-11,W,913284,573004,1486288,2005,7,0,Before 2020,192,239684.0,278678.0,413642.0,454214.14285714284,517910.1666666667
2005-07-12,W,909026,585394,1494420,2005,7,1,Before 2020,193,573004.0,569757.0,287623.0,496260.71428571426,523222.23333333334
2005-07-13,W,923039,596373,1519412,2005,7,2,Before 2020,194,585394.0,590642.0,628857.0,498494.5714285714,533147.9333333333
2005-07-14,W,936684,634107,1570791,2005,7,3,Before 2020,195,596373.0,578396.0,635882.0,499313.28571428574,532065.1333333333
2005-07-15,W,937018,631418,1568436,2005,7,4,Before 2020,196,634107.0,591325.0,637318.0,507272.0,532005.9666666667
2005-07-16,A,640959,397796,1038755,2005,7,5,Before 2020,197,631418.0,331017.0,603660.0,512999.5714285714,531809.3
2005-07-17,U,443824,270831,714655,2005,7,6,Before 2020,198,397796.0,239684.0,611676.0,522539.4285714286,524947.1666666666
2005-07-18,W,902531,582649,1485180,2005,7,0,Before 2020,199,270831.0,573004.0,346258.0,526989.0,513585.6666666667
2005-07-19,W,937251,608460,1545711,2005,7,1,Before 2020,200,582649.0,585394.0,243775.0,528366.8571428572,521465.36666666664
2005-07-20,W,888241,597676,1485917,2005,7,2,Before 2020,201,608460.0,596373.0,591715.0,531662.0,533621.5333333333
2005-07-21,W,920983,610460,1531443,2005,7,3,Before 2020,202,597676.0,634107.0,606210.0,531848.1428571428,533820.2333333333
2005-07-22,W,945311,614666,1559977,2005,7,4,Before 2020,203,610460.0,631418.0,607690.0,528470.0,533961.9
2005-07-23,A,604287,361618,965905,2005,7,5,Before 2020,204,614666.0,397796.0,593403.0,526076.8571428572,534194.4333333333
2005-07-24,U,393689,255844,649533,2005,7,6,Before 2020,205,361618.0,270831.0,643554.0,520908.5714285714,526468.2666666667
2005-07-25,W,850441,580681,1431122,2005,7,0,Before 2020,206,255844.0,582649.0,398677.0,518767.5714285714,513544.6
2005-07-26,W,876111,588210,1464321,2005,7,1,Before 2020,207,580681.0,608460.0,354882.0,518486.4285714286,519611.4
2005-07-27,W,931658,626793,1558451,2005,7,2,Before 2020,208,588210.0,597676.0,591716.0,515593.5714285714,527389.0
2005-07-28,W,923931,626164,1550095,2005,7,3,Before 2020,209,626793.0,610460.0,632227.0,519753.14285714284,528558.2333333333
2005-07-29,W,928563,618229,1546792,2005,7,4,Before 2020,210,626164.0,614666.0,638601.0,521996.5714285714,528356.1333333333
2005-07-30,A,637235,388729,1025964,2005,7,5,Before 2020,211,618229.0,361618.0,646980.0,522505.5714285714,527677.0666666667
2005-07-31,U,446615,261208,707823,2005,7,6,Before 2020,212,388729.0,255844.0,662564.0,526378.5714285715,519068.7
2005-08-01,W,954299,574337,1528636,2005,8,0,Before 2020,213,261208.0,580681.0,463297.0,527144.8571428572,505690.1666666667
2005-08-02,W,939108,600448,1539556,2005,8,1,Before 2020,214,574337.0,588210.0,517599.0,526238.5714285715,509391.5
2005-08-03,W,950814,598977,1549791,2005,8,2,Before 2020,215,600448.0,626793.0,278678.0,527986.8571428572,512153.13333333336
2005-08-04,W,941632,597051,1538683,2005,8,3,Before 2020,216,598977.0,626164.0,569757.0,524013.14285714284,522829.76666666666
2005-08-05,W,965152,603948,1569100,2005,8,4,Before 2020,217,597051.0,618229.0,590642.0,519854.14285714284,523739.56666666665
2005-08-06,A,648849,357240,1006089,2005,8,5,Before 2020,218,603948.0,388729.0,578396.0,517814.0,524183.1
2005-08-07,U,457639,261349,718988,2005,8,6,Before 2020,219,357240.0,261208.0,591325.0,513315.5714285714,516811.23333333334
2005-08-08,W,910549,590758,1501307,2005,8,0,Before 2020,220,261349.0,574337.0,331017.0,513335.71428571426,505812.0333333333
2005-08-09,W,917522,606419,1523941,2005,8,1,Before 2020,221,590758.0,600448.0,239684.0,515681.5714285714,514470.06666666665
2005-08-10,W,913900,605306,1519206,2005,8,2,Before 2020,222,606419.0,598977.0,573004.0,516534.5714285714,526694.5666666667
2005-08-11,W,859482,588881,1448363,2005,8,3,Before 2020,223,605306.0,597051.0,585394.0,517438.71428571426,527771.3
2005-08-12,W,929636,606537,1536173,2005,8,4,Before 2020,224,588881.0,603948.0,596373.0,516271.5714285714,527887.5333333333
2005-08-13,A,608908,350010,958918,2005,8,5,Before 2020,225,606537.0,357240.0,634107.0,516641.4285714286,528226.3333333334
2005-08-14,U,437664,248325,685989,2005,8,6,Before 2020,226,350010.0,261349.0,631418.0,515608.5714285714,518756.43333333335
2005-08-15,W,892308,574348,1466656,2005,8,0,Before 2020,227,248325.0,590758.0,397796.0,513748.0,505986.6666666667
2005-08-16,W,904327,589228,1493555,2005,8,1,Before 2020,228,574348.0,606419.0,270831.0,511403.71428571426,511871.73333333334
2005-08-17,W,909306,590352,1499658,2005,8,2,Before 2020,229,589228.0,605306.0,582649.0,508947.85714285716,522484.9666666667
2005-08-18,W,855225,561329,1416554,2005,8,3,Before 2020,230,590352.0,588881.0,608460.0,506811.5714285714,522741.73333333334
2005-08-19,W,934667,602164,1536831,2005,8,4,Before 2020,231,561329.0,606537.0,597676.0,502875.5714285714,521170.7
2005-08-20,A,659629,361304,1020933,2005,8,5,Before 2020,232,602164.0,350010.0,610460.0,502250.85714285716,521320.3
2005-08-21,U,511141,292892,804033,2005,8,6,Before 2020,233,361304.0,248325.0,614666.0,503864.28571428574,513015.1
2005-08-22,W,897988,597005,1494993,2005,8,0,Before 2020,234,292892.0,574348.0,361618.0,510231.0,502289.3
2005-08-23,W,907676,616739,1524415,2005,8,1,Before 2020,235,597005.0,589228.0,255844.0,513467.71428571426,510135.5333333333
2005-08-24,W,909467,616129,1525596,2005,8,2,Before 2020,236,616739.0,590352.0,580681.0,517397.85714285716,522165.36666666664
2005-08-25,W,907614,590749,1498363,2005,8,3,Before 2020,237,616129.0,561329.0,588210.0,521080.28571428574,523346.9666666667
2005-08-26,W,916046,625532,1541578,2005,8,4,Before 2020,238,590749.0,602164.0,626793.0,525283.1428571428,523431.6
2005-08-27,A,632625,364516,997141,2005,8,5,Before 2020,239,625532.0,361304.0,626164.0,528621.4285714285,523389.56666666665
2005-08-28,U,445633,273101,718734,2005,8,6,Before 2020,240,364516.0,292892.0,618229.0,529080.2857142857,514667.9666666667
2005-08-29,W,921906,612444,1534350,2005,8,0,Before 2020,241,273101.0,597005.0,388729.0,526253.0,503163.7
2005-08-30,W,931235,625509,1556744,2005,8,1,Before 2020,242,612444.0,616739.0,261208.0,528458.5714285715,510620.86666666664
2005-08-31,W,928354,631355,1559709,2005,8,2,Before 2020,243,625509.0,616129.0,574337.0,529711.4285714285,522764.23333333334
2005-09-01,W,1019495,643731,1663226,2005,9,3,Before 2020,244,631355.0,590749.0,600448.0,531886.5714285715,524664.8333333334
2005-09-02,W,1015964,632104,1648068,2005,9,4,Before 2020,245,643731.0,625532.0,598977.0,539455.4285714285,526107.6
2005-09-03,A,699122,377507,1076629,2005,9,5,Before 2020,246,632104.0,364516.0,597051.0,540394.2857142857,527211.8333333334
2005-09-04,U,504460,323512,827972,2005,9,6,Before 2020,247,377507.0,273101.0,603948.0,542250.1428571428,519893.7
2005-09-05,U,469528,274053,743581,2005,9,0,Before 2020,248,323512.0,612444.0,357240.0,549451.7142857143,510545.8333333333
2005-09-06,W,1094714,647343,1742057,2005,9,1,Before 2020,249,274053.0,625509.0,261349.0,501110.14285714284,507772.93333333335
2005-09-07,W,1090847,664041,1754888,2005,9,2,Before 2020,250,647343.0,631355.0,590758.0,504229.28571428574,520639.4
2005-09-08,W,1090390,671553,1761943,2005,9,3,Before 2020,251,664041.0,643731.0,606419.0,508898.71428571426,523082.1666666667
2005-09-09,W,1092990,672572,1765562,2005,9,4,Before 2020,252,671553.0,632104.0,605306.0,512873.28571428574,525253.3
2005-09-10,A,662248,379906,1042154,2005,9,5,Before 2020,253,672572.0,377507.0,588881.0,518654.4285714286,527495.5
2005-09-11,U,460444,257201,717645,2005,9,6,Before 2020,254,379906.0,323512.0,606537.0,518997.14285714284,520529.6666666667
2005-09-12,W,1088861,674800,1763661,2005,9,0,Before 2020,255,257201.0,274053.0,350010.0,509524.14285714284,508885.13333333336
2005-09-13,W,1081012,691104,1772116,2005,9,1,Before 2020,256,674800.0,647343.0,248325.0,566773.7142857143,519711.4666666667
2005-09-14,W,1072662,687668,1760330,2005,9,2,Before 2020,257,691104.0,664041.0,574348.0,573025.2857142857,534470.7666666667
2005-09-15,W,1070331,702096,1772427,2005,9,3,Before 2020,258,687668.0,671553.0,589228.0,576400.5714285715,538248.1
2005-09-16,W,1061189,689685,1750874,2005,9,4,Before 2020,259,702096.0,672572.0,590352.0,580763.8571428572,542010.3666666667
2005-09-17,A,677602,404143,1081745,2005,9,5,Before 2020,260,689685.0,379906.0,561329.0,583208.5714285715,545321.4666666667
2005-09-18,U,473997,292920,766917,2005,9,6,Before 2020,261,404143.0,257201.0,602164.0,586671.0,540081.9333333333
2005-09-19,W,1033841,657717,1691558,2005,9,0,Before 2020,262,292920.0,674800.0,361304.0,591773.7142857143,529773.8
2005-09-20,W,1091052,685957,1777009,2005,9,1,Before 2020,263,657717.0,691104.0,292892.0,589333.2857142857,539654.2333333333
2005-09-21,W,1085278,685975,1771253,2005,9,2,Before 2020,264,685957.0,687668.0,597005.0,588598.0,552756.4
2005-09-22,W,1045853,672603,1718456,2005,9,3,Before 2020,265,685975.0,702096.0,616739.0,588356.1428571428,555722.0666666667
2005-09-23,W,1068977,699466,1768443,2005,9,4,Before 2020,266,672603.0,689685.0,616129.0,584142.8571428572,557584.2
2005-09-24,A,632952,390116,1023068,2005,9,5,Before 2020,267,699466.0,404143.0,590749.0,585540.1428571428,560362.1
2005-09-25,U,428577,277519,706096,2005,9,6,Before 2020,268,390116.0,292920.0,625532.0,583536.2857142857,553674.3333333334
2005-09-26,W,1050587,651165,1701752,2005,9,0,Before 2020,269,277519.0,657717.0,364516.0,581336.1428571428,542073.9
2005-09-27,W,1091710,686977,1778687,2005,9,1,Before 2020,270,651165.0,685957.0,273101.0,580400.1428571428,551628.8666666667
2005-09-28,W,1019140,668450,1687590,2005,9,2,Before 2020,271,686977.0,685975.0,612444.0,580545.8571428572,565424.7333333333
2005-09-29,W,1065350,668926,1734276,2005,9,3,Before 2020,272,668450.0,672603.0,625509.0,578042.2857142857,567291.6
2005-09-30,W,1114521,673776,1788297,2005,9,4,Before 2020,273,668926.0,699466.0,631355.0,577517.0,568738.8333333334
2005-10-01,A,708008,373322,1081330,2005,10,5,Before 2020,274,673776.0,390116.0,643731.0,573847.0,570152.8666666667
2005-10-02,U,451633,245477,697110,2005,10,6,Before 2020,275,373322.0,277519.0,632104.0,571447.8571428572,561139.2333333333
2005-10-03,W,1137817,638813,1776630,2005,10,0,Before 2020,276,245477.0,651165.0,377507.0,566870.4285714285,548251.6666666666
2005-10-04,W,1099740,677721,1777461,2005,10,1,Before 2020,277,638813.0,686977.0,323512.0,565105.8571428572,556961.8666666667
2005-10-05,W,1099507,689759,1789266,2005,10,2,Before 2020,278,677721.0,668450.0,274053.0,563783.5714285715,568768.8333333334
2005-10-06,W,1084528,679966,1764494,2005,10,3,Before 2020,279,689759.0,668926.0,647343.0,566827.7142857143,582625.7
2005-10-07,W,1037669,663271,1700940,2005,10,4,Before 2020,280,679966.0,673776.0,664041.0,568404.8571428572,583713.1333333333
2005-10-08,A,638239,378215,1016454,2005,10,5,Before 2020,281,663271.0,373322.0,671553.0,566904.1428571428,583687.4666666667
2005-10-09,U,427142,372438,799580,2005,10,6,Before 2020,282,378215.0,245477.0,672572.0,567603.1428571428,573909.5333333333
2005-10-10,W,811357,562228,1373585,2005,10,0,Before 2020,283,372438.0,638813.0,379906.0,585740.4285714285,563905.0666666667
2005-10-11,W,1076154,687202,1763356,2005,10,1,Before 2020,284,562228.0,677721.0,257201.0,574799.7142857143,569982.4666666667
2005-10-12,W,1053577,685743,1739320,2005,10,2,Before 2020,285,687202.0,689759.0,674800.0,576154.1428571428,584315.8333333334
2005-10-13,W,1068998,665605,1734603,2005,10,3,Before 2020,286,685743.0,679966.0,691104.0,575580.4285714285,584680.6
2005-10-14,W,1091226,683174,1774400,2005,10,4,Before 2020,287,665605.0,663271.0,687668.0,573528.8571428572,583830.6333333333
2005-10-15,A,670497,376816,1047313,2005,10,5,Before 2020,288,683174.0,378215.0,702096.0,576372.1428571428,583680.8333333334
2005-10-16,U,456332,268898,725230,2005,10,6,Before 2020,289,376816.0,372438.0,689685.0,576172.2857142857,572838.1666666666
2005-10-17,W,1046900,653518,1700418,2005,10,0,Before 2020,290,268898.0,562228.0,404143.0,561380.8571428572,558811.9333333333
2005-10-18,W,1071110,669214,1740324,2005,10,1,Before 2020,291,653518.0,687202.0,292920.0,574422.2857142857,567124.4333333333
2005-10-19,W,1056343,666799,1723142,2005,10,2,Before 2020,292,669214.0,685743.0,657717.0,571852.5714285715,579667.5666666667
2005-10-20,W,1057585,676430,1734015,2005,10,3,Before 2020,293,666799.0,665605.0,685957.0,569146.2857142857,579970.3
2005-10-21,W,1064058,674291,1738349,2005,10,4,Before 2020,294,676430.0,683174.0,685975.0,570692.7142857143,579652.7333333333
2005-10-22,A,624399,385602,1010001,2005,10,5,Before 2020,295,674291.0,376816.0,672603.0,569423.7142857143,579263.2666666667
2005-10-23,U,421490,277349,698839,2005,10,6,Before 2020,296,385602.0,268898.0,699466.0,570678.8571428572,569696.5666666667
2005-10-24,W,995935,637292,1633227,2005,10,0,Before 2020,297,277349.0,653518.0,390116.0,571886.1428571428,555626.0
2005-10-25,W,1034930,653259,1688189,2005,10,1,Before 2020,298,637292.0,669214.0,277519.0,569568.1428571428,563865.2
2005-10-26,W,1041390,662049,1703439,2005,10,2,Before 2020,299,653259.0,666799.0,651165.0,567288.8571428572,576389.8666666667
2005-10-27,W,1039411,669962,1709373,2005,10,3,Before 2020,300,662049.0,676430.0,686977.0,566610.2857142857,576752.6666666666
2005-10-28,W,1050188,734562,1784750,2005,10,4,Before 2020,301,669962.0,674291.0,668450.0,565686.2857142857,576185.5
2005-10-29,A,646559,378146,1024705,2005,10,5,Before 2020,302,734562.0,385602.0,668926.0,574296.4285714285,578389.2333333333
2005-10-30,U,436487,251042,687529,2005,10,6,Before 2020,303,378146.0,277349.0,673776.0,573231.2857142857,568696.5666666667
2005-10-31,W,1000931,636744,1637675,2005,10,0,Before 2020,304,251042.0,637292.0,373322.0,569473.1428571428,554605.4333333333
2005-11-01,W,1104565,668971,1773536,2005,11,1,Before 2020,305,636744.0,653259.0,245477.0,569394.8571428572,563386.1666666666
2005-11-02,W,1077276,667966,1745242,2005,11,2,Before 2020,306,668971.0,662049.0,638813.0,571639.4285714285,577502.6333333333
2005-11-03,W,1108680,678842,1787522,2005,11,3,Before 2020,307,667966.0,669962.0,677721.0,572484.7142857143,578474.4
2005-11-04,W,994280,653744,1648024,2005,11,4,Before 2020,308,678842.0,734562.0,689759.0,573753.2857142857,578511.7666666667
2005-11-05,A,624689,351850,976539,2005,11,5,Before 2020,309,653744.0,378146.0,679966.0,562207.8571428572,577311.2666666667
2005-11-06,U,425669,239193,664862,2005,11,6,Before 2020,310,351850.0,251042.0,663271.0,558451.2857142857,566374.0666666667
2005-11-07,W,1060057,648893,1708950,2005,11,0,Before 2020,311,239193.0,636744.0,378215.0,556758.5714285715,552238.1333333333
2005-11-08,W,998603,642398,1641001,2005,11,1,Before 2020,312,648893.0,668971.0,372438.0,558494.1428571428,561260.7333333333
2005-11-09,W,1034556,655614,1690170,2005,11,2,Before 2020,313,642398.0,667966.0,562228.0,554698.0,570259.4
2005-11-10,W,1049433,672627,1722060,2005,11,3,Before 2020,314,655614.0,678842.0,687202.0,552933.4285714285,573372.2666666667
2005-11-11,W,862413,587641,1450054,2005,11,4,Before 2020,315,672627.0,653744.0,685743.0,552045.5714285715,572886.4333333333
2005-11-12,A,626889,351085,977974,2005,11,5,Before 2020,316,587641.0,351850.0,665605.0,542602.2857142857,569616.3666666667
2005-11-13,U,416141,247977,664118,2005,11,6,Before 2020,317,351085.0,239193.0,683174.0,542493.0,559132.3666666667
2005-11-14,W,1021597,637498,1659095,2005,11,0,Before 2020,318,247977.0,648893.0,376816.0,543747.8571428572,544625.8
2005-11-15,W,1001890,644740,1646630,2005,11,1,Before 2020,319,637498.0,642398.0,268898.0,542120.0,553315.2
2005-11-16,W,960835,625642,1586477,2005,11,2,Before 2020,320,644740.0,655614.0,653518.0,542454.5714285715,565843.2666666667
2005-11-17,W,982303,636292,1618595,2005,11,3,Before 2020,321,625642.0,672627.0,669214.0,538172.8571428572,564914.0666666667
2005-11-18,W,997001,635900,1632901,2005,11,4,Before 2020,322,636292.0,587641.0,666799.0,532982.1428571428,563816.6666666666
2005-11-19,A,643136,395851,1038987,2005,11,5,Before 2020,323,635900.0,351085.0,676430.0,539876.2857142857,562786.7
2005-11-20,U,424683,243191,667874,2005,11,6,Before 2020,324,395851.0,247977.0,674291.0,546271.4285714285,553434.0666666667
2005-11-21,W,1023750,627654,1651404,2005,11,0,Before 2020,325,243191.0,637498.0,385602.0,545587.7142857143,539064.0666666667
2005-11-22,W,1012669,637432,1650101,2005,11,1,Before 2020,326,627654.0,644740.0,277349.0,544181.4285714285,547132.4666666667
2005-11-23,W,946475,594581,1541056,2005,11,2,Before 2020,327,637432.0,625642.0,637292.0,543137.4285714285,559135.2333333333
2005-11-24,U,265869,149351,415220,2005,11,3,Before 2020,328,594581.0,636292.0,653259.0,538700.1428571428,557711.5333333333
2005-11-25,W,542621,335201,877822,2005,11,4,Before 2020,329,149351.0,635900.0,662049.0,469137.14285714284,540914.6
2005-11-26,A,520348,290786,811134,2005,11,5,Before 2020,330,335201.0,395851.0,669962.0,426180.14285714284,530019.6666666666
2005-11-27,U,378931,214449,593380,2005,11,6,Before 2020,331,290786.0,243191.0,734562.0,411170.85714285716,517380.4666666667
2005-11-28,W,964783,610273,1575056,2005,11,0,Before 2020,332,214449.0,627654.0,378146.0,407064.85714285716,500043.36666666664
2005-11-29,W,964736,621228,1585964,2005,11,1,Before 2020,333,610273.0,637432.0,251042.0,404581.85714285716,507780.93333333335
2005-11-30,W,975689,623427,1599116,2005,11,2,Before 2020,334,621228.0,594581.0,636744.0,402267.0,520120.4666666667
2005-12-01,W,1002814,637299,1640113,2005,12,3,Before 2020,335,623427.0,149351.0,668971.0,406387.85714285716,519676.56666666665
2005-12-02,W,1012143,626729,1638872,2005,12,4,Before 2020,336,637299.0,335201.0,667966.0,476094.71428571426,518620.8333333333
2005-12-03,A,602909,343944,946853,2005,12,5,Before 2020,337,626729.0,290786.0,678842.0,517741.5714285714,517246.26666666666
2005-12-04,U,394671,232929,627600,2005,12,6,Before 2020,338,343944.0,214449.0,653744.0,525335.5714285715,506083.0
2005-12-05,W,959432,591559,1550991,2005,12,0,Before 2020,339,232929.0,610273.0,351850.0,527975.5714285715,492055.8333333333
2005-12-06,W,943778,595172,1538950,2005,12,1,Before 2020,340,591559.0,621228.0,239193.0,525302.1428571428,500046.13333333336
2005-12-07,W,922076,591500,1513576,2005,12,2,Before 2020,341,595172.0,623427.0,648893.0,521579.85714285716,511912.1
2005-12-08,W,900776,651313,1552089,2005,12,3,Before 2020,342,591500.0,637299.0,642398.0,517018.85714285716,509999.0
2005-12-09,W,922330,630309,1552639,2005,12,4,Before 2020,343,651313.0,626729.0,655614.0,519020.85714285716,510296.1666666667
2005-12-10,A,545442,331523,876965,2005,12,5,Before 2020,344,630309.0,343944.0,672627.0,519532.28571428574,509452.6666666667
2005-12-11,U,384544,223869,608413,2005,12,6,Before 2020,345,331523.0,232929.0,587641.0,517757.85714285716,498082.5333333333
2005-12-12,W,974895,603601,1578496,2005,12,0,Before 2020,346,223869.0,591559.0,351085.0,516463.5714285714,485956.8
2005-12-13,W,984740,612377,1597117,2005,12,1,Before 2020,347,603601.0,595172.0,247977.0,518183.85714285716,494374.0
2005-12-14,W,959741,629222,1588963,2005,12,2,Before 2020,348,612377.0,591500.0,637498.0,520641.71428571426,506520.6666666667
2005-12-15,W,972435,621555,1593990,2005,12,3,Before 2020,349,629222.0,651313.0,644740.0,526030.5714285715,506244.8
2005-12-16,W,952574,605734,1558308,2005,12,4,Before 2020,350,621555.0,630309.0,625642.0,521779.4285714286,505471.9666666667
2005-12-17,A,576780,326028,902808,2005,12,5,Before 2020,351,605734.0,331523.0,636292.0,518268.71428571426,504808.36666666664
2005-12-18,U,371336,222374,593710,2005,12,6,Before 2020,352,326028.0,223869.0,635900.0,517483.71428571426,494466.23333333334
2005-12-19,W,860779,535968,1396747,2005,12,0,Before 2020,353,222374.0,603601.0,395851.0,517270.14285714284,480682.0333333333
2005-12-20,W,894974,534766,1429740,2005,12,1,Before 2020,354,535968.0,612377.0,243191.0,507608.28571428574,485352.6
2005-12-21,W,918067,553734,1471801,2005,12,2,Before 2020,355,534766.0,629222.0,627654.0,496521.0,495071.76666666666
2005-12-22,W,912016,544544,1456560,2005,12,3,Before 2020,356,553734.0,621555.0,637432.0,485737.0,492607.76666666666
2005-12-23,W,878003,479373,1357376,2005,12,4,Before 2020,357,544544.0,605734.0,594581.0,474735.4285714286,489511.5
2005-12-24,A,481238,198644,679882,2005,12,5,Before 2020,358,479373.0,326028.0,149351.0,456683.85714285716,485671.23333333334
2005-12-25,U,263158,105718,368876,2005,12,6,Before 2020,359,198644.0,222374.0,335201.0,438486.14285714284,487314.3333333333
2005-12-26,U,437677,224784,662461,2005,12,0,Before 2020,360,105718.0,535968.0,290786.0,421821.0,479664.9
2005-12-27,W,735303,457726,1193029,2005,12,1,Before 2020,361,224784.0,534766.0,214449.0,377366.14285714284,477464.8333333333
2005-12-28,W,711850,462580,1174430,2005,12,2,Before 2020,362,457726.0,553734.0,610273.0,366360.4285714286,485574.06666666665
2005-12-29,W,738031,481238,1219269,2005,12,3,Before 2020,363,462580.0,544544.0,621228.0,353338.4285714286,480650.9666666667
2005-12-30,W,762706,471541,1234247,2005,12,4,Before 2020,364,481238.0,479373.0,623427.0,344294.71428571426,475984.63333333336
2005-12-31,A,526241,307444,833685,2005,12,5,Before 2020,365,471541.0,198644.0,637299.0,343175.85714285716,470921.76666666666
2006-01-01,U,287126,203291,490417,2006,1,6,Before 2020,1,307444.0,105718.0,626729.0,358718.71428571426,459926.6
2006-01-02,U,360273,215920,576193,2006,1,0,Before 2020,2,203291.0,224784.0,343944.0,372657.71428571426,445812.0
2006-01-03,W,772171,540341,1312512,2006,1,1,Before 2020,3,215920.0,457726.0,232929.0,371391.4285714286,441544.5333333333
2006-01-04,W,759600,543243,1302843,2006,1,2,Before 2020,4,540341.0,462580.0,591559.0,383193.5714285714,451791.6
2006-01-05,W,766560,550285,1316845,2006,1,3,Before 2020,5,543243.0,481238.0,595172.0,394716.85714285716,450181.06666666665
2006-01-06,W,788239,551707,1339946,2006,1,4,Before 2020,6,550285.0,471541.0,591500.0,404580.71428571426,448684.8333333333
2006-01-07,A,518237,280538,798775,2006,1,5,Before 2020,7,551707.0,307444.0,651313.0,416033.0,447358.4
2006-01-08,U,367927,199691,567618,2006,1,6,Before 2020,8,280538.0,203291.0,630309.0,412189.28571428574,434999.23333333334
2006-01-09,W,917702,588402,1506104,2006,1,0,Before 2020,9,199691.0,215920.0,331523.0,411675.0,420645.3
2006-01-10,W,938390,600336,1538726,2006,1,1,Before 2020,10,588402.0,540341.0,223869.0,464886.71428571426,429207.93333333335
2006-01-11,W,927898,602096,1529994,2006,1,2,Before 2020,11,600336.0,543243.0,603601.0,473457.4285714286,441756.8333333333
2006-01-12,W,955926,616251,1572177,2006,1,3,Before 2020,12,602096.0,550285.0,612377.0,481865.0,441706.6666666667
2006-01-13,W,887164,585207,1472371,2006,1,4,Before 2020,13,616251.0,551707.0,629222.0,491288.71428571426,441835.8
2006-01-14,A,558211,309983,868194,2006,1,5,Before 2020,14,585207.0,280538.0,621555.0,496074.4285714286,440368.63333333336
2006-01-15,U,381225,223499,604724,2006,1,6,Before 2020,15,309983.0,199691.0,605734.0,500280.85714285716,429982.9
2006-01-16,W,605772,399562,1005334,2006,1,0,Before 2020,16,223499.0,588402.0,326028.0,503682.0,417241.73333333334
2006-01-17,W,948555,619527,1568082,2006,1,1,Before 2020,17,399562.0,600336.0,222374.0,476704.85714285716,419692.86666666664
2006-01-18,W,954238,621428,1575666,2006,1,2,Before 2020,18,619527.0,602096.0,535968.0,479446.4285714286,432931.3
2006-01-19,W,983087,634043,1617130,2006,1,3,Before 2020,19,621428.0,616251.0,534766.0,482208.14285714284,435779.9666666667
2006-01-20,W,944694,615420,1560114,2006,1,4,Before 2020,20,634043.0,585207.0,553734.0,484749.85714285716,439089.2
2006-01-21,A,542740,308378,851118,2006,1,5,Before 2020,21,615420.0,309983.0,544544.0,489066.0,441145.4
2006-01-22,U,371481,208257,579738,2006,1,6,Before 2020,22,308378.0,223499.0,479373.0,488836.71428571426,433273.2
2006-01-23,W,976988,626292,1603280,2006,1,0,Before 2020,23,208257.0,399562.0,198644.0,486659.28571428574,424236.0
2006-01-24,W,972893,634204,1607097,2006,1,1,Before 2020,24,626292.0,619527.0,105718.0,519049.28571428574,438490.93333333335
2006-01-25,W,980770,634664,1615434,2006,1,2,Before 2020,25,634204.0,621428.0,224784.0,521146.0,456107.13333333336
2006-01-26,W,988382,643068,1631450,2006,1,3,Before 2020,26,634664.0,634043.0,457726.0,523036.85714285716,469769.8
2006-01-27,W,889516,608327,1497843,2006,1,4,Before 2020,27,643068.0,615420.0,462580.0,524326.1428571428,475947.86666666664
2006-01-28,A,568287,314425,882712,2006,1,5,Before 2020,28,608327.0,308378.0,481238.0,523312.85714285716,480806.1
2006-01-29,U,380026,223196,603222,2006,1,6,Before 2020,29,314425.0,208257.0,471541.0,524176.71428571426,475245.6666666667
2006-01-30,W,966708,614814,1581522,2006,1,0,Before 2020,30,223196.0,626292.0,307444.0,526310.8571428572,466967.5
2006-01-31,W,995530,634459,1629989,2006,1,1,Before 2020,31,614814.0,634204.0,203291.0,524671.1428571428,477213.1666666667
2006-02-01,W,1035412,641676,1677088,2006,2,2,Before 2020,32,634459.0,634664.0,215920.0,524707.5714285715,491585.43333333335
2006-02-02,W,1025866,642353,1668219,2006,2,3,Before 2020,33,641676.0,643068.0,540341.0,525709.2857142857,505777.3
2006-02-03,W,1020411,627330,1647741,2006,2,4,Before 2020,34,642353.0,608327.0,543243.0,525607.1428571428,509177.7
2006-02-04,A,587568,317239,904807,2006,2,5,Before 2020,35,627330.0,314425.0,550285.0,528321.8571428572,511980.6
2006-02-05,U,390808,211645,602453,2006,2,6,Before 2020,36,317239.0,223196.0,551707.0,528723.8571428572,504212.4
2006-02-06,W,986048,612106,1598154,2006,2,0,Before 2020,37,211645.0,614814.0,280538.0,527073.7142857143,492877.0
2006-02-07,W,1008328,631742,1640070,2006,2,1,Before 2020,38,612106.0,634459.0,199691.0,526686.8571428572,503929.26666666666
2006-02-08,W,977974,629155,1607129,2006,2,2,Before 2020,39,631742.0,641676.0,588402.0,526298.7142857143,518330.9666666667
2006-02-09,W,984574,635409,1619983,2006,2,3,Before 2020,40,629155.0,642353.0,600336.0,524510.0,519689.4
2006-02-10,W,1003608,623814,1627422,2006,2,4,Before 2020,41,635409.0,627330.0,602096.0,523518.0,520858.5
2006-02-11,A,601208,327796,929004,2006,2,5,Before 2020,42,623814.0,317239.0,616251.0,523015.71428571426,521582.43333333335
2006-02-12,U,405657,221409,627066,2006,2,6,Before 2020,43,327796.0,211645.0,585207.0,524523.8571428572,511967.26666666666
2006-02-13,W,799595,546148,1345743,2006,2,0,Before 2020,44,221409.0,612106.0,309983.0,525918.7142857143,499840.6666666667
2006-02-14,W,1044587,644218,1688805,2006,2,1,Before 2020,45,546148.0,631742.0,223499.0,516496.14285714284,507712.8333333333
2006-02-15,W,988045,626072,1614117,2006,2,2,Before 2020,46,644218.0,629155.0,399562.0,518278.4285714286,521736.8
2006-02-16,W,930188,613347,1543535,2006,2,3,Before 2020,47,626072.0,635409.0,619527.0,517838.0,529287.1333333333
2006-02-17,W,942685,604038,1546723,2006,2,4,Before 2020,48,613347.0,623814.0,621428.0,514686.28571428574,529081.1333333333
2006-02-18,A,450578,265649,716227,2006,2,5,Before 2020,49,604038.0,327796.0,634043.0,511861.14285714284,528501.4666666667
2006-02-19,U,334766,196957,531723,2006,2,6,Before 2020,50,265649.0,221409.0,615420.0,502983.0,516221.6666666667
2006-02-20,W,681948,453199,1135147,2006,2,0,Before 2020,51,196957.0,546148.0,308378.0,499489.85714285716,502272.9
2006-02-21,W,993188,623860,1617048,2006,2,1,Before 2020,52,453199.0,644218.0,208257.0,486211.4285714286,507100.26666666666
2006-02-22,W,999636,629122,1628758,2006,2,2,Before 2020,53,623860.0,626072.0,626292.0,483303.14285714284,520953.7
2006-02-23,W,991146,635013,1626159,2006,2,3,Before 2020,54,629122.0,613347.0,634204.0,483738.85714285716,521048.0333333333
2006-02-24,W,987623,615401,1603024,2006,2,4,Before 2020,55,635013.0,604038.0,634664.0,486834.0,521075.0
2006-02-25,A,580618,314037,894655,2006,2,5,Before 2020,56,615401.0,265649.0,643068.0,488457.28571428574,520432.9
2006-02-26,U,386242,211388,597630,2006,2,6,Before 2020,57,314037.0,196957.0,608327.0,495369.85714285716,509465.2
2006-02-27,W,959193,603047,1562240,2006,2,0,Before 2020,58,211388.0,453199.0,314425.0,497431.4285714286,496233.9
2006-02-28,W,987195,623237,1610432,2006,2,1,Before 2020,59,603047.0,623860.0,223196.0,518838.28571428574,505854.63333333336
2006-03-01,W,1020267,627527,1647794,2006,3,2,Before 2020,60,623237.0,629122.0,614814.0,518749.28571428574,519189.3333333333
2006-03-02,W,986927,620235,1607162,2006,3,3,Before 2020,61,627527.0,635013.0,634459.0,518521.4285714286,519613.1
2006-03-03,W,1021045,620890,1641935,2006,3,4,Before 2020,62,620235.0,615401.0,641676.0,516410.28571428574,519138.9666666667
2006-03-04,A,609288,322365,931653,2006,3,5,Before 2020,63,620890.0,314037.0,642353.0,517194.4285714286,518446.1
2006-03-05,U,363219,208605,571824,2006,3,6,Before 2020,64,322365.0,211388.0,627330.0,518384.14285714284,507779.8333333333
2006-03-06,W,794246,550369,1344615,2006,3,0,Before 2020,65,208605.0,603047.0,317239.0,517986.5714285714,493822.3333333333
2006-03-07,W,1006095,626557,1632652,2006,3,1,Before 2020,66,550369.0,623237.0,211645.0,510461.14285714284,501593.3333333333
2006-03-08,W,982979,623290,1606269,2006,3,2,Before 2020,67,626557.0,627527.0,612106.0,510935.4285714286,515423.73333333334
2006-03-09,W,979823,627081,1606904,2006,3,3,Before 2020,68,623290.0,620235.0,631742.0,510330.14285714284,515796.5333333333
2006-03-10,W,1015665,721158,1736823,2006,3,4,Before 2020,69,627081.0,620890.0,629155.0,511308.14285714284,515641.1666666667
2006-03-11,A,614019,386305,1000324,2006,3,5,Before 2020,70,721158.0,322365.0,635409.0,525632.1428571428,518707.93333333335
2006-03-12,U,400822,233603,634425,2006,3,6,Before 2020,71,386305.0,208605.0,623814.0,534766.4285714285,510404.4666666667
2006-03-13,W,968366,609970,1578336,2006,3,0,Before 2020,72,233603.0,550369.0,327796.0,538337.5714285715,497397.43333333335
2006-03-14,W,1000900,629929,1630829,2006,3,1,Before 2020,73,609970.0,626557.0,221409.0,546852.0,506803.23333333334
2006-03-15,W,1005800,632700,1638500,2006,3,2,Before 2020,74,629929.0,623290.0,546148.0,547333.7142857143,520420.56666666665
2006-03-16,W,953483,630443,1583926,2006,3,3,Before 2020,75,632700.0,627081.0,644218.0,548678.0,523305.63333333336
2006-03-17,W,989694,633801,1623495,2006,3,4,Before 2020,76,630443.0,721158.0,626072.0,549158.2857142857,522846.4666666667
2006-03-18,A,603484,347527,951011,2006,3,5,Before 2020,77,633801.0,386305.0,613347.0,536678.7142857143,523104.1
2006-03-19,U,413687,225740,639427,2006,3,6,Before 2020,78,347527.0,233603.0,604038.0,531139.0,514243.43333333335
2006-03-20,W,963013,587104,1550117,2006,3,0,Before 2020,79,225740.0,609970.0,265649.0,530015.7142857143,501633.5
2006-03-21,W,943649,585590,1529239,2006,3,1,Before 2020,80,587104.0,629929.0,196957.0,526749.1428571428,512348.6666666667
2006-03-22,W,982523,605646,1588169,2006,3,2,Before 2020,81,585590.0,632700.0,453199.0,520415.0,525303.1
2006-03-23,W,979617,609325,1588942,2006,3,3,Before 2020,82,605646.0,630443.0,623860.0,516550.14285714284,530384.6666666666
2006-03-24,W,978424,597943,1576367,2006,3,4,Before 2020,83,609325.0,633801.0,629122.0,513533.28571428574,529900.1666666666
2006-03-25,A,620929,322685,943614,2006,3,5,Before 2020,84,597943.0,347527.0,635013.0,508410.71428571426,528860.8666666667
2006-03-26,U,433649,234862,668511,2006,3,6,Before 2020,85,322685.0,225740.0,615401.0,504861.85714285716,518449.93333333335
2006-03-27,W,962206,601488,1563694,2006,3,0,Before 2020,86,234862.0,587104.0,314037.0,506165.0,505765.3
2006-03-28,W,981183,619650,1600833,2006,3,1,Before 2020,87,601488.0,585590.0,211388.0,508219.85714285716,515347.0
2006-03-29,W,987756,636692,1624448,2006,3,2,Before 2020,88,619650.0,605646.0,603047.0,513085.5714285714,528955.7333333333
2006-03-30,W,996804,600724,1597528,2006,3,3,Before 2020,89,636692.0,609325.0,623237.0,517520.71428571426,530077.2333333333
2006-03-31,W,1028124,641079,1669203,2006,3,4,Before 2020,90,600724.0,597943.0,627527.0,516292.0,529326.8
2006-04-01,A,620450,348344,968794,2006,4,5,Before 2020,91,641079.0,322685.0,620235.0,522454.28571428574,529778.5333333333
2006-04-02,U,391830,254413,646243,2006,4,6,Before 2020,92,348344.0,234862.0,620890.0,526119.8571428572,520715.5
2006-04-03,W,985177,616386,1601563,2006,4,0,Before 2020,93,254413.0,601488.0,322365.0,528912.8571428572,508499.6
2006-04-04,W,1042810,660381,1703191,2006,4,1,Before 2020,94,616386.0,619650.0,208605.0,531041.1428571428,518300.3
2006-04-05,W,1020222,654034,1674256,2006,4,2,Before 2020,95,660381.0,636692.0,550369.0,536859.8571428572,533359.5
2006-04-06,W,998368,635705,1634073,2006,4,3,Before 2020,96,654034.0,600724.0,626557.0,539337.2857142857,536815.0
2006-04-07,W,880902,634777,1515679,2006,4,4,Before 2020,97,635705.0,641079.0,623290.0,544334.5714285715,537119.9333333333
2006-04-08,A,607382,360442,967824,2006,4,5,Before 2020,98,634777.0,348344.0,627081.0,543434.2857142857,537502.8333333334
2006-04-09,U,426567,258613,685180,2006,4,6,Before 2020,99,360442.0,254413.0,721158.0,545162.5714285715,528614.8666666667
2006-04-10,W,880692,601070,1481762,2006,4,0,Before 2020,100,258613.0,616386.0,386305.0,545762.5714285715,513196.7
2006-04-11,W,885029,628374,1513403,2006,4,1,Before 2020,101,601070.0,660381.0,233603.0,543574.5714285715,520355.5333333333
2006-04-12,W,877362,627736,1505098,2006,4,2,Before 2020,102,628374.0,654034.0,609970.0,539002.1428571428,533514.5666666667
2006-04-13,W,871878,634065,1505943,2006,4,3,Before 2020,103,627736.0,635705.0,629929.0,535245.2857142857,534106.7666666667
2006-04-14,W,804781,551524,1356305,2006,4,4,Before 2020,104,634065.0,634777.0,632700.0,535011.0,534244.6333333333
2006-04-15,A,592251,323845,916096,2006,4,5,Before 2020,105,551524.0,360442.0,630443.0,523117.71428571426,531538.7666666667
2006-04-16,U,324770,181980,506750,2006,4,6,Before 2020,106,323845.0,258613.0,633801.0,517889.5714285714,521318.8333333333
2006-04-17,W,964793,623255,1588048,2006,4,0,Before 2020,107,181980.0,601070.0,347527.0,506942.0,506258.13333333336
2006-04-18,W,1000958,646316,1647274,2006,4,1,Before 2020,108,623255.0,628374.0,225740.0,510111.28571428574,515449.06666666665
2006-04-19,W,984239,652275,1636514,2006,4,2,Before 2020,109,646316.0,627736.0,587104.0,512674.4285714286,529468.2666666667
2006-04-20,W,938226,641954,1580180,2006,4,3,Before 2020,110,652275.0,634065.0,585590.0,516180.0,531640.6333333333
2006-04-21,W,999808,659127,1658935,2006,4,4,Before 2020,111,641954.0,551524.0,605646.0,517307.0,533519.4333333333
2006-04-22,A,607395,357315,964710,2006,4,5,Before 2020,112,659127.0,323845.0,609325.0,532678.8571428572,535302.1333333333
2006-04-23,U,415959,248173,664132,2006,4,6,Before 2020,113,357315.0,181980.0,597943.0,537460.2857142857,526901.8
2006-04-24,W,998455,642816,1641271,2006,4,0,Before 2020,114,248173.0,623255.0,322685.0,546916.4285714285,515242.8
2006-04-25,W,953034,636129,1589163,2006,4,1,Before 2020,115,642816.0,646316.0,234862.0,549710.8571428572,525913.8333333334
2006-04-26,W,952603,649967,1602570,2006,4,2,Before 2020,116,636129.0,652275.0,601488.0,548255.5714285715,539289.4
2006-04-27,W,955057,644011,1599068,2006,4,3,Before 2020,117,649967.0,641954.0,619650.0,547925.8571428572,540905.3666666667
2006-04-28,W,1008989,666532,1675521,2006,4,4,Before 2020,118,644011.0,659127.0,636692.0,548219.7142857143,541717.4
2006-04-29,A,574038,343244,917282,2006,4,5,Before 2020,119,666532.0,357315.0,600724.0,549277.5714285715,542712.0666666667
2006-04-30,U,345287,224122,569409,2006,4,6,Before 2020,120,343244.0,248173.0,641079.0,547267.4285714285,534129.4
2006-05-01,W,997873,738966,1736839,2006,5,0,Before 2020,121,224122.0,642816.0,348344.0,543831.5714285715,520230.8333333333
2006-05-02,W,1045233,664946,1710179,2006,5,1,Before 2020,122,738966.0,636129.0,254413.0,557567.2857142857,533251.5666666667
2006-05-03,W,1060500,663686,1724186,2006,5,2,Before 2020,123,664946.0,649967.0,616386.0,561684.0,546936.0
2006-05-04,W,1047587,665514,1713101,2006,5,3,Before 2020,124,663686.0,644011.0,660381.0,563643.8571428572,548512.6666666666
2006-05-05,W,1023957,651798,1675755,2006,5,4,Before 2020,125,665514.0,666532.0,654034.0,566715.7142857143,548683.7666666667
2006-05-06,A,637405,368890,1006295,2006,5,5,Before 2020,126,651798.0,343244.0,635705.0,564610.8571428572,548609.2333333333
2006-05-07,U,438858,258592,697450,2006,5,6,Before 2020,127,368890.0,224122.0,634777.0,568274.5714285715,539715.4
2006-05-08,W,1010412,624197,1634609,2006,5,0,Before 2020,128,258592.0,738966.0,360442.0,573198.8571428572,527175.9
2006-05-09,W,1004081,650430,1654511,2006,5,1,Before 2020,129,624197.0,664946.0,258613.0,556803.2857142857,535967.7333333333
2006-05-10,W,1007923,648361,1656284,2006,5,2,Before 2020,130,650430.0,663686.0,601070.0,554729.5714285715,549028.3
2006-05-11,W,926462,621331,1547793,2006,5,3,Before 2020,131,648361.0,665514.0,628374.0,552540.2857142857,550604.6666666666
2006-05-12,W,958553,639308,1597861,2006,5,4,Before 2020,132,621331.0,651798.0,627736.0,546228.4285714285,550369.9
2006-05-13,A,587533,340904,928437,2006,5,5,Before 2020,133,639308.0,368890.0,634065.0,544444.1428571428,550755.6333333333
2006-05-14,U,411861,249652,661513,2006,5,6,Before 2020,134,340904.0,258592.0,551524.0,540446.1428571428,540983.6
2006-05-15,W,961857,601838,1563695,2006,5,0,Before 2020,135,249652.0,624197.0,323845.0,539169.0,530921.2
2006-05-16,W,994913,648507,1643420,2006,5,1,Before 2020,136,601838.0,650430.0,181980.0,535974.8571428572,540187.6333333333
2006-05-17,W,964565,640270,1604835,2006,5,2,Before 2020,137,648507.0,648361.0,623255.0,535700.1428571428,555738.5333333333
2006-05-18,W,987234,653070,1640304,2006,5,3,Before 2020,138,640270.0,621331.0,646316.0,534544.2857142857,556305.7
2006-05-19,W,994011,651428,1645439,2006,5,4,Before 2020,139,653070.0,639308.0,652275.0,539078.4285714285,556530.8333333334
2006-05-20,A,619536,365397,984933,2006,5,5,Before 2020,140,651428.0,340904.0,641954.0,540809.8571428572,556502.6
2006-05-21,U,423940,258770,682710,2006,5,6,Before 2020,141,365397.0,249652.0,659127.0,544308.8571428572,547284.0333333333
2006-05-22,W,996607,629775,1626382,2006,5,0,Before 2020,142,258770.0,601838.0,357315.0,545611.4285714285,533938.8
2006-05-23,W,1013298,647643,1660941,2006,5,1,Before 2020,143,629775.0,648507.0,248173.0,549602.4285714285,543020.8
2006-05-24,W,951852,631510,1583362,2006,5,2,Before 2020,144,647643.0,640270.0,642816.0,549479.0,556336.4666666667
2006-05-25,W,978387,639540,1617927,2006,5,3,Before 2020,145,631510.0,653070.0,636129.0,548227.5714285715,555959.6
2006-05-26,W,988688,657379,1646067,2006,5,4,Before 2020,146,639540.0,651428.0,649967.0,546294.7142857143,556073.3
2006-05-27,A,646979,358425,1005404,2006,5,5,Before 2020,147,657379.0,365397.0,644011.0,547144.8571428572,556320.3666666667
2006-05-28,U,461625,282850,744475,2006,5,6,Before 2020,148,358425.0,258770.0,666532.0,546148.8571428572,546800.8333333334
2006-05-29,U,381213,245203,626416,2006,5,0,Before 2020,149,282850.0,629775.0,343244.0,549588.8571428572,534011.4333333333
2006-05-30,W,945888,632333,1578221,2006,5,1,Before 2020,150,245203.0,647643.0,224122.0,494650.0,530743.4
2006-05-31,W,968145,646966,1615111,2006,5,2,Before 2020,151,632333.0,631510.0,738966.0,492462.85714285716,544350.4333333333
2006-06-01,W,1028046,638192,1666238,2006,6,3,Before 2020,152,646966.0,639540.0,664946.0,494670.85714285716,541283.7666666667
2006-06-02,W,1031966,647618,1679584,2006,6,4,Before 2020,153,638192.0,657379.0,663686.0,494478.28571428574,540391.9666666667
2006-06-03,A,668592,371768,1040360,2006,6,5,Before 2020,154,647618.0,358425.0,665514.0,493083.85714285716,539856.3666666667
2006-06-04,U,457674,274564,732238,2006,6,6,Before 2020,155,371768.0,282850.0,651798.0,494990.0,530064.8333333334
2006-06-05,W,1005516,625171,1630687,2006,6,0,Before 2020,156,274564.0,245203.0,368890.0,493806.28571428574,517490.36666666664
2006-06-06,W,1008096,653049,1661145,2006,6,1,Before 2020,157,625171.0,632333.0,258592.0,548087.4285714285,526033.0666666667
2006-06-07,W,1012230,666040,1678270,2006,6,2,Before 2020,158,653049.0,646966.0,624197.0,551046.8571428572,539181.6333333333
2006-06-08,W,1011430,675651,1687081,2006,6,3,Before 2020,159,666040.0,638192.0,650430.0,553771.7142857143,540576.4
2006-06-09,W,988332,652258,1640590,2006,6,4,Before 2020,160,675651.0,647618.0,648361.0,559123.0,541417.1
2006-06-10,A,573542,349687,923229,2006,6,5,Before 2020,161,652258.0,371768.0,621331.0,559785.8571428572,541547.0
2006-06-11,U,424510,267884,692394,2006,6,6,Before 2020,162,349687.0,274564.0,639308.0,556631.4285714285,532492.2
2006-06-12,W,960901,623525,1584426,2006,6,0,Before 2020,163,267884.0,625171.0,340904.0,555677.1428571428,520111.4
2006-06-13,W,961923,664539,1626462,2006,6,1,Before 2020,164,623525.0,653049.0,249652.0,555442.0,529532.1
2006-06-14,W,941928,665279,1607207,2006,6,2,Before 2020,165,664539.0,666040.0,601838.0,557083.4285714285,543361.6666666666
2006-06-15,W,907237,659507,1566744,2006,6,3,Before 2020,166,665279.0,675651.0,648507.0,556974.7142857143,545476.3666666667
2006-06-16,W,966314,667762,1634076,2006,6,4,Before 2020,167,659507.0,652258.0,640270.0,554668.4285714285,545843.0333333333
2006-06-17,A,616266,384541,1000807,2006,6,5,Before 2020,168,667762.0,349687.0,653070.0,556883.2857142857,546759.4333333333
2006-06-18,U,412366,259888,672254,2006,6,6,Before 2020,169,384541.0,267884.0,651428.0,561862.4285714285,537808.4666666667
2006-06-19,W,880777,608854,1489631,2006,6,0,Before 2020,170,259888.0,623525.0,365397.0,560720.1428571428,524757.1333333333
2006-06-20,W,889908,636659,1526567,2006,6,1,Before 2020,171,608854.0,664539.0,258770.0,558624.2857142857,532872.3666666667
2006-06-21,W,859537,629433,1488970,2006,6,2,Before 2020,172,636659.0,665279.0,629775.0,554641.4285714285,545468.6666666666
2006-06-22,W,872019,633021,1505040,2006,6,3,Before 2020,173,629433.0,659507.0,647643.0,549520.5714285715,545457.2666666667
2006-06-23,W,905242,639365,1544607,2006,6,4,Before 2020,174,633021.0,667762.0,631510.0,545736.8571428572,544969.8666666667
2006-06-24,A,607951,371810,979761,2006,6,5,Before 2020,175,639365.0,384541.0,639540.0,541680.1428571428,545231.7
2006-06-25,U,407079,302719,709798,2006,6,6,Before 2020,176,371810.0,259888.0,657379.0,539861.4285714285,536307.3666666667
2006-06-26,W,852939,626802,1479741,2006,6,0,Before 2020,177,302719.0,608854.0,358425.0,545980.1428571428,524485.3666666667
2006-06-27,W,886147,642922,1529069,2006,6,1,Before 2020,178,626802.0,636659.0,282850.0,548544.1428571428,533431.2666666667
2006-06-28,W,886828,649479,1536307,2006,6,2,Before 2020,179,642922.0,629433.0,245203.0,549438.8571428572,545433.6666666666
2006-06-29,W,899339,667597,1566936,2006,6,3,Before 2020,180,649479.0,633021.0,632333.0,552302.5714285715,558909.5333333333
2006-06-30,W,950077,716112,1666189,2006,6,4,Before 2020,181,667597.0,639365.0,646966.0,557242.0,560085.0
2006-07-01,A,631294,429319,1060613,2006,7,5,Before 2020,182,716112.0,371810.0,638192.0,568205.8571428572,562389.8666666667
2006-07-02,U,440041,343944,783985,2006,7,6,Before 2020,183,429319.0,302719.0,647618.0,576421.4285714285,555427.4333333333
2006-07-03,W,802169,684040,1486209,2006,7,0,Before 2020,184,343944.0,626802.0,371768.0,582310.7142857143,545304.9666666667
2006-07-04,U,450356,350242,800598,2006,7,1,Before 2020,185,684040.0,642922.0,274564.0,590487.5714285715,555714.0333333333
2006-07-05,W,901332,661426,1562758,2006,7,2,Before 2020,186,350242.0,649479.0,625171.0,548676.1428571428,558236.6333333333
2006-07-06,W,925381,678340,1603721,2006,7,3,Before 2020,187,661426.0,667597.0,653049.0,550382.8571428572,559445.1333333333
2006-07-07,W,928760,702727,1631487,2006,7,4,Before 2020,188,678340.0,716112.0,666040.0,551917.5714285715,560288.1666666666
2006-07-08,A,625575,423300,1048875,2006,7,5,Before 2020,189,702727.0,429319.0,675651.0,550005.4285714285,561511.0666666667
2006-07-09,U,443095,313512,756607,2006,7,6,Before 2020,190,423300.0,343944.0,652258.0,549145.5714285715,553099.3666666667
2006-07-10,W,900356,618702,1519058,2006,7,0,Before 2020,191,313512.0,684040.0,349687.0,544798.1428571428,541807.8333333334
2006-07-11,W,873419,605343,1478762,2006,7,1,Before 2020,192,618702.0,350242.0,267884.0,535464.1428571428,550775.0
2006-07-12,W,926286,615196,1541482,2006,7,2,Before 2020,193,605343.0,661426.0,623525.0,571907.1428571428,562023.6333333333
2006-07-13,W,922492,644488,1566980,2006,7,3,Before 2020,194,615196.0,678340.0,664539.0,565302.8571428572,561746.0
2006-07-14,W,889540,669868,1559408,2006,7,4,Before 2020,195,644488.0,702727.0,665279.0,560466.8571428572,561077.6333333333
2006-07-15,A,603018,412144,1015162,2006,7,5,Before 2020,196,669868.0,423300.0,659507.0,555772.7142857143,561230.6
2006-07-16,U,418278,308173,726451,2006,7,6,Before 2020,197,412144.0,313512.0,667762.0,554179.0,552985.1666666666
2006-07-17,W,886469,626986,1513455,2006,7,0,Before 2020,198,308173.0,618702.0,384541.0,553416.2857142857,540998.8666666667
2006-07-18,W,927651,675064,1602715,2006,7,1,Before 2020,199,626986.0,605343.0,259888.0,554599.7142857143,549080.3666666667
2006-07-19,W,911699,687896,1599595,2006,7,2,Before 2020,200,675064.0,615196.0,608854.0,564559.8571428572,562919.5666666667
2006-07-20,W,827202,644150,1471352,2006,7,3,Before 2020,201,687896.0,644488.0,636659.0,574945.5714285715,565554.3
2006-07-21,W,931578,676491,1608069,2006,7,4,Before 2020,202,644150.0,669868.0,629433.0,574897.2857142857,565804.0
2006-07-22,A,625346,408434,1033780,2006,7,5,Before 2020,203,676491.0,412144.0,633021.0,575843.4285714285,567372.6
2006-07-23,U,446438,284632,731070,2006,7,6,Before 2020,204,408434.0,308173.0,639365.0,575313.4285714285,559886.3666666667
2006-07-24,W,906725,633184,1539909,2006,7,0,Before 2020,205,284632.0,626986.0,371810.0,571950.4285714285,548061.9333333333
2006-07-25,W,919219,650364,1569583,2006,7,1,Before 2020,206,633184.0,675064.0,302719.0,572835.8571428572,556774.4
2006-07-26,W,897731,641296,1539027,2006,7,2,Before 2020,207,650364.0,687896.0,626802.0,569307.2857142857,568362.5666666667
2006-07-27,W,894993,663387,1558380,2006,7,3,Before 2020,208,641296.0,644150.0,642922.0,562650.1428571428,568845.7
2006-07-28,W,900144,673789,1573933,2006,7,4,Before 2020,209,663387.0,676491.0,649479.0,565398.2857142857,569527.8666666667
2006-07-29,A,593188,423092,1016280,2006,7,5,Before 2020,210,673789.0,408434.0,667597.0,565012.2857142857,570338.2
2006-07-30,U,416361,290935,707296,2006,7,6,Before 2020,211,423092.0,284632.0,716112.0,567106.2857142857,562188.0333333333
2006-07-31,W,831261,608739,1440000,2006,7,0,Before 2020,212,290935.0,633184.0,429319.0,568006.7142857143,548015.4666666667
2006-08-01,W,894297,619717,1514014,2006,8,1,Before 2020,213,608739.0,650364.0,343944.0,564514.5714285715,553996.1333333333
2006-08-02,W,872246,628299,1500545,2006,8,2,Before 2020,214,619717.0,641296.0,684040.0,560136.4285714285,563188.5666666667
2006-08-03,W,911057,656020,1567077,2006,8,3,Before 2020,215,628299.0,663387.0,350242.0,558279.7142857143,561330.5333333333
2006-08-04,W,951984,722072,1674056,2006,8,4,Before 2020,216,656020.0,673789.0,661426.0,557227.2857142857,571523.1333333333
2006-08-05,A,645372,472159,1117531,2006,8,5,Before 2020,217,722072.0,423092.0,678340.0,564124.8571428572,573544.6666666666
2006-08-06,U,451477,357797,809274,2006,8,6,Before 2020,218,472159.0,290935.0,702727.0,571134.4285714285,566671.9666666667
2006-08-07,W,905263,633078,1538341,2006,8,0,Before 2020,219,357797.0,608739.0,423300.0,580686.1428571428,555174.3
2006-08-08,W,916905,646778,1563683,2006,8,1,Before 2020,220,633078.0,619717.0,313512.0,584163.1428571428,562166.9
2006-08-09,W,909623,641076,1550699,2006,8,2,Before 2020,221,646778.0,628299.0,618702.0,588029.0,573275.7666666667
2006-08-10,W,856682,614321,1471003,2006,8,3,Before 2020,222,641076.0,656020.0,605343.0,589854.2857142857,574021.5666666667
2006-08-11,W,909305,638056,1547361,2006,8,4,Before 2020,223,614321.0,722072.0,615196.0,583897.2857142857,574320.8333333334
2006-08-12,A,652458,391862,1044320,2006,8,5,Before 2020,224,638056.0,472159.0,644488.0,571895.0,575082.8333333334
2006-08-13,U,433792,268208,702000,2006,8,6,Before 2020,225,391862.0,357797.0,669868.0,560424.0,566661.9666666667
2006-08-14,W,857738,595551,1453289,2006,8,0,Before 2020,226,268208.0,633078.0,412144.0,547625.5714285715,553273.3
2006-08-15,W,888214,618372,1506586,2006,8,1,Before 2020,227,595551.0,646778.0,308173.0,542264.5714285715,559386.8666666667
2006-08-16,W,878842,620892,1499734,2006,8,2,Before 2020,228,618372.0,641076.0,626986.0,538206.5714285715,569726.8333333334
2006-08-17,W,874196,628756,1502952,2006,8,3,Before 2020,229,620892.0,614321.0,675064.0,535323.1428571428,569523.7
2006-08-18,W,869355,638938,1508293,2006,8,4,Before 2020,230,628756.0,638056.0,687896.0,537385.2857142857,567980.1
2006-08-19,A,612065,384987,997052,2006,8,5,Before 2020,231,638938.0,391862.0,644150.0,537511.2857142857,566348.1666666666
2006-08-20,U,481484,321400,802884,2006,8,6,Before 2020,232,384987.0,268208.0,676491.0,536529.1428571428,557709.4
2006-08-21,W,878842,613716,1492558,2006,8,0,Before 2020,233,321400.0,595551.0,408434.0,544128.0,545873.0333333333
2006-08-22,W,896666,628952,1525618,2006,8,1,Before 2020,234,613716.0,618372.0,284632.0,546723.0,552715.7666666667
2006-08-23,W,891561,632682,1524243,2006,8,2,Before 2020,235,628952.0,620892.0,633184.0,548234.4285714285,564193.1
2006-08-24,W,831663,617548,1449211,2006,8,3,Before 2020,236,632682.0,628756.0,650364.0,549918.7142857143,564176.3666666667
2006-08-25,W,895640,645738,1541378,2006,8,4,Before 2020,237,617548.0,638938.0,641296.0,548317.5714285715,563082.5
2006-08-26,A,592637,361355,953992,2006,8,5,Before 2020,238,645738.0,384987.0,663387.0,549289.0,563230.5666666667
2006-08-27,U,417115,276143,693258,2006,8,6,Before 2020,239,361355.0,321400.0,673789.0,545913.0,553162.8333333334
2006-08-28,W,792601,587722,1380323,2006,8,0,Before 2020,240,276143.0,613716.0,423092.0,539447.7142857143,539907.9666666667
2006-08-29,W,891705,638128,1529833,2006,8,1,Before 2020,241,587722.0,628952.0,290935.0,535734.2857142857,545395.6333333333
2006-08-30,W,913445,650359,1563804,2006,8,2,Before 2020,242,638128.0,632682.0,608739.0,537045.1428571428,556968.7333333333
2006-08-31,W,917102,654437,1571539,2006,8,3,Before 2020,243,650359.0,617548.0,619717.0,539570.4285714285,558356.0666666667
2006-09-01,W,977274,663472,1640746,2006,9,4,Before 2020,244,654437.0,645738.0,628299.0,544840.2857142857,559513.4
2006-09-02,A,668504,405986,1074490,2006,9,5,Before 2020,245,663472.0,361355.0,656020.0,547373.7142857143,560685.8333333334
2006-09-03,U,488706,320575,809281,2006,9,6,Before 2020,246,405986.0,276143.0,722072.0,553749.5714285715,552351.3666666667
2006-09-04,U,404856,256882,661738,2006,9,0,Before 2020,247,320575.0,587722.0,472159.0,560097.0,538968.1333333333
2006-09-05,W,1056228,680476,1736704,2006,9,1,Before 2020,248,256882.0,638128.0,357797.0,512834.14285714284,531792.2333333333
2006-09-06,W,1069326,706958,1776284,2006,9,2,Before 2020,249,680476.0,650359.0,633078.0,518883.85714285716,542548.2
2006-09-07,W,1043601,726551,1770152,2006,9,3,Before 2020,250,706958.0,654437.0,646778.0,526969.4285714285,545010.8666666667
2006-09-08,W,985806,708845,1694651,2006,9,4,Before 2020,251,726551.0,663472.0,641076.0,537271.4285714285,547669.9666666667
2006-09-09,A,609019,386190,995209,2006,9,5,Before 2020,252,708845.0,405986.0,614321.0,543753.2857142857,549928.9333333333
2006-09-10,U,379770,245048,624818,2006,9,6,Before 2020,253,386190.0,320575.0,638056.0,540925.2857142857,542324.5666666667
2006-09-11,W,981275,656692,1637967,2006,9,0,Before 2020,254,245048.0,256882.0,391862.0,530135.7142857143,529224.3
2006-09-12,W,1030796,694780,1725576,2006,9,1,Before 2020,255,656692.0,680476.0,268208.0,587251.4285714285,538051.9666666667
2006-09-13,W,992146,694220,1686366,2006,9,2,Before 2020,256,694780.0,706958.0,595551.0,589294.8571428572,552271.0333333333
2006-09-14,W,1054398,719561,1773959,2006,9,3,Before 2020,257,694220.0,726551.0,618372.0,587475.1428571428,555560.0
2006-09-15,W,1060398,729995,1790393,2006,9,4,Before 2020,258,719561.0,708845.0,620892.0,586476.5714285715,558932.9666666667
2006-09-16,A,651694,421692,1073386,2006,9,5,Before 2020,259,729995.0,386190.0,628756.0,589498.0,562569.7333333333
2006-09-17,U,433989,294159,728148,2006,9,6,Before 2020,260,421692.0,245048.0,638938.0,594569.7142857143,555667.6
2006-09-18,W,1037929,688531,1726460,2006,9,0,Before 2020,261,294159.0,656692.0,384987.0,601585.5714285715,544174.9666666667
2006-09-19,W,1041255,690760,1732015,2006,9,1,Before 2020,262,688531.0,694780.0,321400.0,606134.0,554293.1
2006-09-20,W,1053131,700536,1753667,2006,9,2,Before 2020,263,690760.0,694220.0,613716.0,605559.7142857143,566605.1
2006-09-21,W,1044501,696162,1740663,2006,9,3,Before 2020,264,700536.0,719561.0,628952.0,606462.0,569499.1
2006-09-22,W,993335,668669,1662004,2006,9,4,Before 2020,265,696162.0,729995.0,632682.0,603119.2857142857,571739.4333333333
2006-09-23,A,584517,349931,934448,2006,9,5,Before 2020,266,668669.0,421692.0,617548.0,594358.4285714285,572939.0
2006-09-24,U,420423,259500,679923,2006,9,6,Before 2020,267,349931.0,294159.0,645738.0,584106.8571428572,564018.4333333333
2006-09-25,W,1041474,666046,1707520,2006,9,0,Before 2020,268,259500.0,688531.0,361355.0,579155.5714285715,551143.8333333334
2006-09-26,W,1054882,695484,1750366,2006,9,1,Before 2020,269,666046.0,690760.0,276143.0,575943.4285714285,561300.2
2006-09-27,W,1035426,690413,1725839,2006,9,2,Before 2020,270,695484.0,700536.0,587722.0,576618.2857142857,575278.2333333333
2006-09-28,W,1043356,676811,1720167,2006,9,3,Before 2020,271,690413.0,696162.0,638128.0,575172.1428571428,578701.2666666667
2006-09-29,W,1058057,699340,1757397,2006,9,4,Before 2020,272,676811.0,668669.0,650359.0,572407.7142857143,579990.7
2006-09-30,A,636906,394280,1031186,2006,9,5,Before 2020,273,699340.0,349931.0,654437.0,576789.2857142857,581623.4
2006-10-01,U,462755,296236,758991,2006,10,6,Before 2020,274,394280.0,259500.0,663472.0,583124.8571428572,572951.5
2006-10-02,W,981933,635901,1617834,2006,10,0,Before 2020,275,296236.0,666046.0,405986.0,588372.8571428572,560710.3
2006-10-03,W,1064774,681381,1746155,2006,10,1,Before 2020,276,635901.0,695484.0,320575.0,584066.4285714285,568374.1333333333
2006-10-04,W,1026517,675804,1702321,2006,10,2,Before 2020,277,681381.0,690413.0,256882.0,582051.7142857143,580401.0
2006-10-05,W,1060282,698851,1759133,2006,10,3,Before 2020,278,675804.0,676811.0,680476.0,579964.7142857143,594365.0666666667
2006-10-06,W,1055911,691122,1747033,2006,10,4,Before 2020,279,698851.0,699340.0,706958.0,583113.2857142857,594977.5666666667
2006-10-07,A,641240,373957,1015197,2006,10,5,Before 2020,280,691122.0,394280.0,726551.0,581939.2857142857,594449.7
2006-10-08,U,452460,283787,736247,2006,10,6,Before 2020,281,373957.0,296236.0,708845.0,579036.0,582696.5666666667
2006-10-09,W,806458,572361,1378819,2006,10,0,Before 2020,282,283787.0,635901.0,386190.0,577257.5714285715,568527.9666666667
2006-10-10,W,1055021,684475,1739496,2006,10,1,Before 2020,283,572361.0,681381.0,245048.0,568180.4285714285,574733.6666666666
2006-10-11,W,1022625,684138,1706763,2006,10,2,Before 2020,284,684475.0,675804.0,656692.0,568622.4285714285,589381.2333333333
2006-10-12,W,998899,676609,1675508,2006,10,3,Before 2020,285,684138.0,698851.0,694780.0,569813.0,590296.1
2006-10-13,W,1014747,680633,1695380,2006,10,4,Before 2020,286,676609.0,691122.0,694220.0,566635.5714285715,589690.4
2006-10-14,A,622249,386404,1008653,2006,10,5,Before 2020,287,680633.0,373957.0,719561.0,565137.1428571428,589237.5
2006-10-15,U,420083,260059,680142,2006,10,6,Before 2020,288,386404.0,283787.0,729995.0,566915.2857142857,578132.2666666667
2006-10-16,W,1011001,668480,1679481,2006,10,0,Before 2020,289,260059.0,572361.0,421692.0,563525.5714285715,562467.7333333333
2006-10-17,W,1029815,683799,1713614,2006,10,1,Before 2020,290,668480.0,684475.0,294159.0,577256.8571428572,570694.0
2006-10-18,W,1035671,687285,1722956,2006,10,2,Before 2020,291,683799.0,684138.0,688531.0,577160.2857142857,583682.0
2006-10-19,W,1035827,689629,1725456,2006,10,3,Before 2020,292,687285.0,676609.0,690760.0,577609.8571428572,583640.4666666667
2006-10-20,W,1031742,705991,1737733,2006,10,4,Before 2020,293,689629.0,680633.0,700536.0,579469.8571428572,583602.7666666667
2006-10-21,A,631254,403698,1034952,2006,10,5,Before 2020,294,705991.0,386404.0,696162.0,583092.4285714285,583784.6
2006-10-22,U,389726,375938,765664,2006,10,6,Before 2020,295,403698.0,260059.0,668669.0,585563.0,574035.8
2006-10-23,W,1018534,659505,1678039,2006,10,0,Before 2020,296,375938.0,668480.0,349931.0,602117.1428571428,564278.1
2006-10-24,W,1043962,675059,1719021,2006,10,1,Before 2020,297,659505.0,683799.0,259500.0,600835.0,574597.2333333333
2006-10-25,W,1057646,663754,1721400,2006,10,2,Before 2020,298,675059.0,687285.0,666046.0,599586.4285714285,588449.2
2006-10-26,W,994421,659139,1653560,2006,10,3,Before 2020,299,663754.0,689629.0,695484.0,596224.8571428572,588372.8
2006-10-27,W,1007282,663912,1671194,2006,10,4,Before 2020,300,659139.0,705991.0,690413.0,591869.1428571428,587161.3
2006-10-28,A,622775,364159,986934,2006,10,5,Before 2020,301,663912.0,403698.0,676811.0,585857.8571428572,586277.9333333333
2006-10-29,U,434824,265624,700448,2006,10,6,Before 2020,302,364159.0,375938.0,699340.0,580209.4285714285,575856.2
2006-10-30,W,1033777,660257,1694034,2006,10,0,Before 2020,303,265624.0,659505.0,394280.0,564450.2857142857,561399.0
2006-10-31,W,997495,663340,1660835,2006,10,1,Before 2020,304,660257.0,675059.0,296236.0,564557.7142857143,570264.9
2006-11-01,W,1053237,673789,1727026,2006,11,2,Before 2020,305,663340.0,663754.0,635901.0,562883.5714285715,582501.7
2006-11-02,W,1012046,671054,1683100,2006,11,3,Before 2020,306,673789.0,659139.0,681381.0,564317.1428571428,583764.6333333333
2006-11-03,W,959706,654291,1613997,2006,11,4,Before 2020,307,671054.0,663912.0,675804.0,566019.2857142857,583420.4
2006-11-04,A,609584,356326,965910,2006,11,5,Before 2020,308,654291.0,364159.0,698851.0,564644.8571428572,582703.3
2006-11-05,U,435747,266756,702503,2006,11,6,Before 2020,309,356326.0,265624.0,691122.0,563525.8571428572,571285.8
2006-11-06,W,1026257,653935,1680192,2006,11,0,Before 2020,310,266756.0,660257.0,373957.0,563687.5714285715,557140.2666666667
2006-11-07,W,1033037,651606,1684643,2006,11,1,Before 2020,311,653935.0,663340.0,283787.0,562784.4285714285,566472.8666666667
2006-11-08,W,1046870,674951,1721821,2006,11,2,Before 2020,312,651606.0,673789.0,572361.0,561108.1428571428,578733.5
2006-11-09,W,1001116,668263,1669379,2006,11,3,Before 2020,313,674951.0,671054.0,684475.0,561274.1428571428,582153.1666666666
2006-11-10,W,935843,610547,1546390,2006,11,4,Before 2020,314,668263.0,654291.0,684138.0,560875.4285714285,581612.7666666667
2006-11-11,A,591773,376391,968164,2006,11,5,Before 2020,315,610547.0,356326.0,676609.0,554626.2857142857,579159.7333333333
2006-11-12,U,417471,251876,669347,2006,11,6,Before 2020,316,376391.0,266756.0,680633.0,557492.7142857143,569152.4666666667
2006-11-13,W,1007564,643008,1650572,2006,11,0,Before 2020,317,251876.0,653935.0,386404.0,555367.0,554860.5666666667
2006-11-14,W,1047208,669094,1716302,2006,11,1,Before 2020,318,643008.0,651606.0,260059.0,553806.0,563414.0333333333
2006-11-15,W,1039976,661667,1701643,2006,11,2,Before 2020,319,669094.0,674951.0,668480.0,556304.2857142857,577048.5333333333
2006-11-16,W,998140,658701,1656841,2006,11,3,Before 2020,320,661667.0,668263.0,683799.0,554406.5714285715,576821.4333333333
2006-11-17,W,1018763,664438,1683201,2006,11,4,Before 2020,321,658701.0,610547.0,687285.0,553040.5714285715,575984.8333333334
2006-11-18,A,620464,403175,1023639,2006,11,5,Before 2020,322,664438.0,376391.0,689629.0,560739.2857142857,575223.2666666667
2006-11-19,U,417408,242830,660238,2006,11,6,Before 2020,323,403175.0,251876.0,705991.0,564565.5714285715,565674.8
2006-11-20,W,1022880,638117,1660997,2006,11,0,Before 2020,324,242830.0,643008.0,403698.0,563273.2857142857,550236.1
2006-11-21,W,1022970,651230,1674200,2006,11,1,Before 2020,325,638117.0,669094.0,375938.0,562574.5714285715,558050.0666666667
2006-11-22,W,980561,616974,1597535,2006,11,2,Before 2020,326,651230.0,661667.0,659505.0,560022.5714285715,567226.4666666667
2006-11-23,U,318233,182131,500364,2006,11,3,Before 2020,327,616974.0,658701.0,675059.0,553637.8571428572,565808.7666666667
2006-11-24,W,628700,393228,1021928,2006,11,4,Before 2020,328,182131.0,664438.0,663754.0,485556.4285714286,549377.8333333334
2006-11-25,A,549875,317650,867525,2006,11,5,Before 2020,329,393228.0,403175.0,659139.0,446812.14285714284,540360.3
2006-11-26,U,400592,234961,635553,2006,11,6,Before 2020,330,317650.0,242830.0,663912.0,434594.28571428574,528977.3333333334
2006-11-27,W,1012191,628799,1640990,2006,11,0,Before 2020,331,234961.0,638117.0,364159.0,433470.14285714284,514678.9666666667
2006-11-28,W,1030255,648239,1678494,2006,11,1,Before 2020,332,628799.0,651230.0,265624.0,432139.0,523500.3
2006-11-29,W,976231,634505,1610736,2006,11,2,Before 2020,333,648239.0,616974.0,660257.0,431711.71428571426,536254.1333333333
2006-11-30,W,985569,649626,1635195,2006,11,3,Before 2020,334,634505.0,182131.0,663340.0,434216.14285714284,535395.7333333333
2006-12-01,W,912314,629776,1542090,2006,12,4,Before 2020,335,649626.0,393228.0,673789.0,501001.14285714284,534938.6
2006-12-02,A,595637,338009,933646,2006,12,5,Before 2020,336,629776.0,317650.0,671054.0,534793.7142857143,533471.5
2006-12-03,U,375419,224761,600180,2006,12,6,Before 2020,337,338009.0,234961.0,654291.0,537702.1428571428,522370.0
2006-12-04,W,962864,605349,1568213,2006,12,0,Before 2020,338,224761.0,628799.0,356326.0,536245.0,508052.3333333333
2006-12-05,W,992857,620241,1613098,2006,12,1,Before 2020,339,605349.0,648239.0,266756.0,532895.0,516353.1
2006-12-06,W,1015490,629687,1645177,2006,12,2,Before 2020,340,620241.0,634505.0,653935.0,528895.2857142857,528135.9333333333
2006-12-07,W,921792,603900,1525692,2006,12,3,Before 2020,341,629687.0,649626.0,651606.0,528207.0,527327.6666666666
2006-12-08,W,952445,626294,1578739,2006,12,4,Before 2020,342,603900.0,629776.0,674951.0,521674.71428571426,525737.4666666667
2006-12-09,A,590225,344215,934440,2006,12,5,Before 2020,343,626294.0,338009.0,668263.0,521177.28571428574,524115.56666666665
2006-12-10,U,406068,237226,643294,2006,12,6,Before 2020,344,344215.0,224761.0,610547.0,522063.85714285716,513313.9666666667
2006-12-11,W,995926,609360,1605286,2006,12,0,Before 2020,345,237226.0,605349.0,376391.0,523844.5714285714,500869.93333333335
2006-12-12,W,991473,612992,1604465,2006,12,1,Before 2020,346,609360.0,620241.0,251876.0,524417.5714285715,508635.56666666665
2006-12-13,W,1020619,640224,1660843,2006,12,2,Before 2020,347,612992.0,629687.0,643008.0,523382.0,520672.76666666666
2006-12-14,W,1007667,626704,1634371,2006,12,3,Before 2020,348,640224.0,603900.0,669094.0,524887.2857142857,520579.9666666667
2006-12-15,W,1002739,632077,1634816,2006,12,4,Before 2020,349,626704.0,626294.0,661667.0,528145.0,519166.9666666667
2006-12-16,A,632218,356756,988974,2006,12,5,Before 2020,350,632077.0,344215.0,658701.0,528971.1428571428,518180.63333333336
2006-12-17,U,432910,251802,684712,2006,12,6,Before 2020,351,356756.0,237226.0,664438.0,530762.7142857143,508115.8
2006-12-18,W,990534,591895,1582429,2006,12,0,Before 2020,352,251802.0,609360.0,403175.0,532845.0,494361.26666666666
2006-12-19,W,1019785,596338,1616123,2006,12,1,Before 2020,353,591895.0,612992.0,242830.0,530350.0,500651.93333333335
2006-12-20,W,975226,586048,1561274,2006,12,2,Before 2020,354,596338.0,640224.0,638117.0,527970.8571428572,512435.5333333333
2006-12-21,W,924778,564199,1488977,2006,12,3,Before 2020,355,586048.0,626704.0,651230.0,520231.4285714286,510699.9
2006-12-22,W,906201,529373,1435574,2006,12,4,Before 2020,356,564199.0,632077.0,616974.0,511302.14285714284,507798.86666666664
2006-12-23,A,578507,277455,855962,2006,12,5,Before 2020,357,529373.0,356756.0,182131.0,496630.14285714284,504878.8333333333
2006-12-24,U,391926,175847,567773,2006,12,6,Before 2020,358,277455.0,251802.0,393228.0,485301.4285714286,508056.3
2006-12-25,U,242369,112855,355224,2006,12,0,Before 2020,359,175847.0,591895.0,317650.0,474450.71428571426,500810.26666666666
2006-12-26,W,652808,377449,1030257,2006,12,1,Before 2020,360,112855.0,596338.0,234961.0,406016.4285714286,493983.76666666666
2006-12-27,W,732919,460703,1193622,2006,12,2,Before 2020,361,377449.0,586048.0,628799.0,374746.5714285714,498733.36666666664
2006-12-28,W,758151,487441,1245592,2006,12,3,Before 2020,362,460703.0,564199.0,648239.0,356840.14285714284,493130.1666666667
2006-12-29,W,816636,499735,1316371,2006,12,4,Before 2020,363,487441.0,529373.0,634505.0,345874.71428571426,487770.23333333334
2006-12-30,A,589298,310684,899982,2006,12,5,Before 2020,364,499735.0,277455.0,649626.0,341640.71428571426,483277.9
2006-12-31,U,412048,293362,705410,2006,12,6,Before 2020,365,310684.0,175847.0,629776.0,346387.71428571426,471979.8333333333
2007-01-01,U,326042,219953,545995,2007,1,0,Before 2020,1,293362.0,112855.0,338009.0,363175.5714285714,460766.0333333333
2007-01-02,W,772549,452097,1224646,2007,1,1,Before 2020,2,219953.0,377449.0,224761.0,378475.28571428574,456830.8333333333
2007-01-03,W,871683,561287,1432970,2007,1,2,Before 2020,3,452097.0,460703.0,605349.0,389139.28571428574,464408.7
2007-01-04,W,814984,548904,1363888,2007,1,3,Before 2020,4,561287.0,487441.0,620241.0,403508.4285714286,462939.9666666667
2007-01-05,W,862748,569322,1432070,2007,1,4,Before 2020,5,548904.0,499735.0,629687.0,412288.85714285716,460562.06666666665
2007-01-06,A,580851,305019,885870,2007,1,5,Before 2020,6,569322.0,310684.0,603900.0,422229.85714285716,458549.9
2007-01-07,U,384626,208188,592814,2007,1,6,Before 2020,7,305019.0,293362.0,626294.0,421420.5714285714,448587.2
2007-01-08,W,976783,594028,1570811,2007,1,0,Before 2020,8,208188.0,219953.0,344215.0,409252.85714285716,434650.3333333333
2007-01-09,W,978577,598746,1577323,2007,1,1,Before 2020,9,594028.0,452097.0,237226.0,462692.14285714284,442977.43333333335
2007-01-10,W,968643,599118,1567761,2007,1,2,Before 2020,10,598746.0,561287.0,609360.0,483642.0,455028.1
2007-01-11,W,967218,602194,1569412,2007,1,3,Before 2020,11,599118.0,548904.0,612992.0,489046.4285714286,454686.7
2007-01-12,W,973391,603456,1576847,2007,1,4,Before 2020,12,602194.0,569322.0,640224.0,496659.28571428574,454326.76666666666
2007-01-13,A,562827,308047,870874,2007,1,5,Before 2020,13,603456.0,305019.0,626704.0,501535.5714285714,453101.1666666667
2007-01-14,U,368736,217983,586719,2007,1,6,Before 2020,14,308047.0,208188.0,632077.0,501968.14285714284,442479.26666666666
2007-01-15,W,604564,389675,994239,2007,1,0,Before 2020,15,217983.0,594028.0,356756.0,503367.4285714286,428676.13333333336
2007-01-16,W,978082,620145,1598227,2007,1,1,Before 2020,16,389675.0,598746.0,251802.0,474174.14285714284,429773.43333333335
2007-01-17,W,977527,618895,1596422,2007,1,2,Before 2020,17,620145.0,599118.0,591895.0,477231.14285714284,442051.5333333333
2007-01-18,W,982237,620579,1602816,2007,1,3,Before 2020,18,618895.0,602194.0,596338.0,480056.4285714286,442951.5333333333
2007-01-19,W,978490,617473,1595963,2007,1,4,Before 2020,19,620579.0,603456.0,586048.0,482682.85714285716,443759.56666666665
2007-01-20,A,576490,316657,893147,2007,1,5,Before 2020,20,617473.0,308047.0,564199.0,484685.28571428574,444807.06666666665
2007-01-21,U,364130,214796,578926,2007,1,6,Before 2020,21,316657.0,217983.0,529373.0,485915.28571428574,436555.6666666667
2007-01-22,W,1002003,616824,1618827,2007,1,0,Before 2020,22,214796.0,389675.0,277455.0,485460.0,426069.76666666666
2007-01-23,W,1011645,629993,1641638,2007,1,1,Before 2020,23,616824.0,620145.0,175847.0,517909.85714285716,437382.06666666665
2007-01-24,W,1006911,629208,1636119,2007,1,2,Before 2020,24,629993.0,618895.0,112855.0,519316.71428571426,452520.26666666666
2007-01-25,W,988347,630002,1618349,2007,1,3,Before 2020,25,629208.0,620579.0,377449.0,520790.0,469732.0333333333
2007-01-26,W,901880,600561,1502441,2007,1,4,Before 2020,26,630002.0,617473.0,460703.0,522136.14285714284,478150.4666666667
2007-01-27,A,578477,314380,892857,2007,1,5,Before 2020,27,600561.0,316657.0,487441.0,519720.14285714284,482812.4
2007-01-28,U,345116,199255,544371,2007,1,6,Before 2020,28,314380.0,214796.0,499735.0,519394.85714285716,477043.7
2007-01-29,W,945286,594742,1540028,2007,1,0,Before 2020,29,199255.0,616824.0,310684.0,517174.71428571426,467027.7
2007-01-30,W,952201,604145,1556346,2007,1,1,Before 2020,30,594742.0,629993.0,293362.0,514020.14285714284,476496.3
2007-01-31,W,943384,598814,1542198,2007,1,2,Before 2020,31,604145.0,629208.0,219953.0,510327.5714285714,486855.73333333334
2007-02-01,W,1007882,616420,1624302,2007,2,3,Before 2020,32,598814.0,630002.0,452097.0,505985.5714285714,499484.43333333335
2007-02-02,W,958446,584607,1543053,2007,2,4,Before 2020,33,616420.0,600561.0,561287.0,504045.28571428574,504961.86666666664
2007-02-03,A,454188,247767,701955,2007,2,5,Before 2020,34,584607.0,314380.0,548904.0,501766.14285714284,505739.2
2007-02-04,U,266510,162712,429222,2007,2,6,Before 2020,35,247767.0,199255.0,569322.0,492250.0,495701.3
2007-02-05,W,761572,500675,1262247,2007,2,0,Before 2020,36,162712.0,594742.0,305019.0,487029.5714285714,482147.63333333336
2007-02-06,W,850354,564981,1415335,2007,2,1,Before 2020,37,500675.0,604145.0,208188.0,473591.4285714286,488669.5
2007-02-07,W,933093,593113,1526206,2007,2,2,Before 2020,38,564981.0,598814.0,594028.0,467996.5714285714,500562.6
2007-02-08,W,948308,591797,1540105,2007,2,3,Before 2020,39,593113.0,616420.0,598746.0,467182.14285714284,500532.1
2007-02-09,W,944364,582089,1526453,2007,2,4,Before 2020,40,591797.0,584607.0,599118.0,463664.5714285714,500300.4666666667
2007-02-10,A,546086,292046,838132,2007,2,5,Before 2020,41,582089.0,247767.0,602194.0,463304.85714285716,499732.8333333333
2007-02-11,U,369026,201895,570921,2007,2,6,Before 2020,42,292046.0,162712.0,603456.0,469630.4285714286,489394.56666666665
2007-02-12,W,793846,530211,1324057,2007,2,0,Before 2020,43,201895.0,500675.0,308047.0,475228.0,476009.2
2007-02-13,W,805441,607127,1412568,2007,2,1,Before 2020,44,530211.0,564981.0,217983.0,479447.4285714286,483414.6666666667
2007-02-14,W,884567,596676,1481243,2007,2,2,Before 2020,45,607127.0,593113.0,389675.0,485468.28571428574,496386.13333333336
2007-02-15,W,933588,604415,1538003,2007,2,3,Before 2020,46,596676.0,591797.0,620145.0,485977.28571428574,503286.1666666667
2007-02-16,W,928048,589591,1517639,2007,2,4,Before 2020,47,604415.0,582089.0,618895.0,487779.85714285716,502761.8333333333
2007-02-17,A,562470,306944,869414,2007,2,5,Before 2020,48,589591.0,292046.0,620579.0,488851.5714285714,501785.0333333333
2007-02-18,U,394698,226617,621315,2007,2,6,Before 2020,49,306944.0,201895.0,617473.0,490979.85714285716,491330.5333333333
2007-02-19,W,736322,466950,1203272,2007,2,0,Before 2020,50,226617.0,530211.0,316657.0,494511.5714285714,478302.0
2007-02-20,W,1030943,626057,1657000,2007,2,1,Before 2020,51,466950.0,607127.0,214796.0,485474.28571428574,483311.76666666666
2007-02-21,W,1036604,631249,1667853,2007,2,2,Before 2020,52,626057.0,596676.0,616824.0,488178.5714285714,497020.4666666667
2007-02-22,W,1018598,631479,1650077,2007,2,3,Before 2020,53,631249.0,604415.0,629993.0,493117.5714285714,497501.3
2007-02-23,W,999849,617663,1617512,2007,2,4,Before 2020,54,631479.0,589591.0,629208.0,496983.85714285716,497550.8333333333
2007-02-24,A,544391,302947,847338,2007,2,5,Before 2020,55,617663.0,306944.0,630002.0,500994.14285714284,497166.0
2007-02-25,U,331808,195652,527460,2007,2,6,Before 2020,56,302947.0,226617.0,600561.0,500423.14285714284,486264.1666666667
2007-02-26,W,953661,597444,1551105,2007,2,0,Before 2020,57,195652.0,466950.0,314380.0,495999.5714285714,472767.2
2007-02-27,W,998059,610100,1608159,2007,2,1,Before 2020,58,597444.0,626057.0,199255.0,514641.5714285714,482202.6666666667
2007-02-28,W,997324,617882,1615206,2007,2,2,Before 2020,59,610100.0,631249.0,594742.0,512362.0,495897.5
2007-03-01,W,991173,616136,1607309,2007,3,3,Before 2020,60,617882.0,631479.0,604145.0,510452.4285714286,496668.8333333333
2007-03-02,W,961731,596551,1558282,2007,3,4,Before 2020,61,616136.0,617663.0,598814.0,508260.5714285714,497068.5333333333
2007-03-03,A,582869,304060,886929,2007,3,5,Before 2020,62,596551.0,302947.0,616420.0,505244.5714285714,496993.1
2007-03-04,U,400292,214735,615027,2007,3,6,Before 2020,63,304060.0,195652.0,584607.0,505403.5714285714,486581.1
2007-03-05,W,861145,558483,1419628,2007,3,0,Before 2020,64,214735.0,597444.0,247767.0,508129.71428571426,474252.0333333333
2007-03-06,W,1004928,611416,1616344,2007,3,1,Before 2020,65,558483.0,610100.0,162712.0,502563.85714285716,484609.23333333334
2007-03-07,W,1000287,611040,1611327,2007,3,2,Before 2020,66,611416.0,617882.0,500675.0,502751.85714285716,499566.0333333333
2007-03-08,W,1019684,625383,1645067,2007,3,3,Before 2020,67,611040.0,616136.0,564981.0,501774.4285714286,503244.86666666664
2007-03-09,W,1021269,616768,1638037,2007,3,4,Before 2020,68,625383.0,596551.0,593113.0,503095.4285714286,505258.26666666666
2007-03-10,A,645222,343183,988405,2007,3,5,Before 2020,69,616768.0,304060.0,591797.0,505983.5714285714,506046.76666666666
2007-03-11,U,435861,237257,673118,2007,3,6,Before 2020,70,343183.0,214735.0,582089.0,511572.5714285714,497759.63333333336
2007-03-12,W,1009154,613447,1622601,2007,3,0,Before 2020,71,237257.0,558483.0,292046.0,514790.0,486265.23333333334
2007-03-13,W,1053169,648460,1701629,2007,3,1,Before 2020,72,613447.0,611416.0,201895.0,522642.0,496978.6
2007-03-14,W,1010219,631196,1641415,2007,3,2,Before 2020,73,648460.0,611040.0,530211.0,527934.0,511864.1
2007-03-15,W,1011742,635295,1647037,2007,3,3,Before 2020,74,631196.0,625383.0,607127.0,530813.4285714285,515230.26666666666
2007-03-16,W,1019835,638871,1658706,2007,3,4,Before 2020,75,635295.0,616768.0,596676.0,532229.4285714285,516169.2
2007-03-17,A,622487,432315,1054802,2007,3,5,Before 2020,76,638871.0,343183.0,604415.0,535387.0,517575.7
2007-03-18,U,420366,236110,656476,2007,3,6,Before 2020,77,432315.0,237257.0,589591.0,548120.1428571428,511839.0333333333
2007-03-19,W,1007874,607303,1615177,2007,3,0,Before 2020,78,236110.0,613447.0,306944.0,547956.2857142857,500056.3333333333
2007-03-20,W,1031451,620644,1652095,2007,3,1,Before 2020,79,607303.0,648460.0,226617.0,547078.5714285715,510068.3
2007-03-21,W,970928,596843,1567771,2007,3,2,Before 2020,80,620644.0,631196.0,466950.0,543104.8571428572,523202.5333333333
2007-03-22,W,1025487,620409,1645896,2007,3,3,Before 2020,81,596843.0,635295.0,626057.0,538197.2857142857,527532.3
2007-03-23,W,997803,601679,1599482,2007,3,4,Before 2020,82,620409.0,638871.0,631249.0,536070.7142857143,527344.0333333333
2007-03-24,A,619377,326859,946236,2007,3,5,Before 2020,83,601679.0,432315.0,631479.0,530757.5714285715,526358.3666666667
2007-03-25,U,442112,267216,709328,2007,3,6,Before 2020,84,326859.0,236110.0,617663.0,515692.4285714286,516204.36666666664
2007-03-26,W,1011806,604279,1616085,2007,3,0,Before 2020,85,267216.0,607303.0,302947.0,520136.14285714284,504522.8
2007-03-27,W,1010067,606509,1616576,2007,3,1,Before 2020,86,604279.0,620644.0,195652.0,519704.14285714284,514567.2
2007-03-28,W,981180,608639,1589819,2007,3,2,Before 2020,87,606509.0,596843.0,597444.0,517684.85714285716,528262.4333333333
2007-03-29,W,1014456,626073,1640529,2007,3,3,Before 2020,88,608639.0,620409.0,610100.0,519370.0,528635.6
2007-03-30,W,1037493,621496,1658989,2007,3,4,Before 2020,89,626073.0,601679.0,617882.0,520179.14285714284,529168.0333333333
2007-03-31,A,608037,323073,931110,2007,3,5,Before 2020,90,621496.0,326859.0,616136.0,523010.14285714284,529288.5
2007-04-01,U,425595,222200,647795,2007,4,6,Before 2020,91,323073.0,267216.0,596551.0,522469.28571428574,519519.73333333334
2007-04-02,W,936869,574727,1511596,2007,4,0,Before 2020,92,222200.0,604279.0,304060.0,516038.4285714286,507041.36666666664
2007-04-03,W,932688,564461,1497149,2007,4,1,Before 2020,93,574727.0,606509.0,214735.0,511816.71428571426,516063.6
2007-04-04,W,874823,565985,1440808,2007,4,2,Before 2020,94,564461.0,608639.0,558483.0,505809.85714285716,527721.1333333333
2007-04-05,W,892666,577450,1470116,2007,4,3,Before 2020,95,565985.0,626073.0,611416.0,499716.4285714286,527971.2
2007-04-06,W,822387,508529,1330916,2007,4,4,Before 2020,96,577450.0,621496.0,611040.0,492770.28571428574,526839.0
2007-04-07,A,547926,279962,827888,2007,4,5,Before 2020,97,508529.0,323073.0,625383.0,476632.14285714284,523421.9666666667
2007-04-08,U,374365,189557,563922,2007,4,6,Before 2020,98,279962.0,222200.0,616768.0,470473.4285714286,511907.93333333335
2007-04-09,W,1002171,601020,1603191,2007,4,0,Before 2020,99,189557.0,574727.0,343183.0,465810.14285714284,497667.56666666665
2007-04-10,W,1048978,629888,1678866,2007,4,1,Before 2020,100,601020.0,564461.0,237257.0,469566.28571428574,506262.13333333336
2007-04-11,W,921761,585857,1507618,2007,4,2,Before 2020,101,629888.0,565985.0,613447.0,478913.0,519349.8333333333
2007-04-12,W,1015749,617734,1633483,2007,4,3,Before 2020,102,585857.0,577450.0,648460.0,481751.85714285716,518430.1666666667
2007-04-13,W,946466,621763,1568229,2007,4,4,Before 2020,103,617734.0,508529.0,631196.0,487506.71428571426,517405.9666666667
2007-04-14,A,619468,349162,968630,2007,4,5,Before 2020,104,621763.0,279962.0,635295.0,503683.0,517091.5333333333
2007-04-15,U,447385,250988,698373,2007,4,6,Before 2020,105,349162.0,189557.0,638871.0,513568.71428571426,507553.76666666666
2007-04-16,W,1057373,622244,1679617,2007,4,0,Before 2020,106,250988.0,601020.0,432315.0,522344.5714285714,494624.3333333333
2007-04-17,W,1058244,631795,1690039,2007,4,1,Before 2020,107,622244.0,629888.0,236110.0,525376.5714285715,500955.3
2007-04-18,W,1030970,617779,1648749,2007,4,2,Before 2020,108,631795.0,585857.0,607303.0,525649.0,514144.8
2007-04-19,W,987896,617546,1605442,2007,4,3,Before 2020,109,617779.0,617734.0,620644.0,530209.2857142857,514494.0
2007-04-20,W,1049980,647296,1697276,2007,4,4,Before 2020,110,617546.0,621763.0,596843.0,530182.4285714285,514390.73333333334
2007-04-21,A,672236,371504,1043740,2007,4,5,Before 2020,111,647296.0,349162.0,620409.0,533830.0,516072.5
2007-04-22,U,474187,271708,745895,2007,4,6,Before 2020,112,371504.0,250988.0,601679.0,537021.7142857143,507775.6666666667
2007-04-23,W,1021947,617017,1638964,2007,4,0,Before 2020,113,271708.0,622244.0,326859.0,539981.7142857143,496776.63333333336
2007-04-24,W,1054294,631249,1685543,2007,4,1,Before 2020,114,617017.0,631795.0,267216.0,539235.0,506448.56666666665
2007-04-25,W,927830,604311,1532141,2007,4,2,Before 2020,115,631249.0,617779.0,604279.0,539157.0,518583.0
2007-04-26,W,954930,604957,1559887,2007,4,3,Before 2020,116,604311.0,617546.0,606509.0,537233.0,518584.06666666665
2007-04-27,W,1017433,617985,1635418,2007,4,4,Before 2020,117,604957.0,647296.0,608639.0,535434.5714285715,518532.3333333333
2007-04-28,A,657645,320088,977733,2007,4,5,Before 2020,118,617985.0,371504.0,626073.0,531247.2857142857,518843.86666666664
2007-04-29,U,467869,237595,705464,2007,4,6,Before 2020,119,320088.0,271708.0,621496.0,523902.14285714284,508644.36666666664
2007-04-30,W,1030435,599953,1630388,2007,4,0,Before 2020,120,237595.0,617017.0,323073.0,519028.85714285716,495847.6666666667
2007-05-01,W,1096741,680365,1777106,2007,5,1,Before 2020,121,599953.0,631249.0,222200.0,516591.14285714284,505077.0
2007-05-02,W,1067338,617675,1685013,2007,5,2,Before 2020,122,680365.0,604311.0,574727.0,523607.71428571426,520349.1666666667
2007-05-03,W,1102282,631926,1734208,2007,5,3,Before 2020,123,617675.0,604957.0,564461.0,525516.8571428572,521780.76666666666
2007-05-04,W,1081903,642564,1724467,2007,5,4,Before 2020,124,631926.0,617985.0,565985.0,529369.5714285715,524029.6
2007-05-05,A,664729,360852,1025581,2007,5,5,Before 2020,125,642564.0,320088.0,577450.0,532880.8571428572,526582.2333333333
2007-05-06,U,470694,266988,737682,2007,5,6,Before 2020,126,360852.0,237595.0,508529.0,538704.2857142857,519362.3
2007-05-07,W,1059535,610376,1669911,2007,5,0,Before 2020,127,266988.0,599953.0,279962.0,542903.2857142857,511310.93333333335
2007-05-08,W,1079400,648555,1727955,2007,5,1,Before 2020,128,610376.0,680365.0,189557.0,544392.2857142857,522324.73333333334
2007-05-09,W,1061512,645132,1706644,2007,5,2,Before 2020,129,648555.0,617675.0,601020.0,539848.0,537624.6666666666
2007-05-10,W,1065947,654856,1720803,2007,5,3,Before 2020,130,645132.0,631926.0,629888.0,543770.4285714285,539095.0666666667
2007-05-11,W,1050841,668098,1718939,2007,5,4,Before 2020,131,654856.0,642564.0,585857.0,547046.1428571428,539927.3333333334
2007-05-12,A,660001,329029,989030,2007,5,5,Before 2020,132,668098.0,360852.0,617734.0,550693.8571428572,542668.7
2007-05-13,U,446076,224489,670565,2007,5,6,Before 2020,133,329029.0,266988.0,621763.0,546147.7142857143,533045.2
2007-05-14,W,1017451,586905,1604356,2007,5,0,Before 2020,134,224489.0,610376.0,349162.0,540076.4285714285,519802.73333333334
2007-05-15,W,999166,604844,1604010,2007,5,1,Before 2020,135,586905.0,648555.0,250988.0,536723.4285714285,527727.5
2007-05-16,W,1028004,625297,1653301,2007,5,2,Before 2020,136,604844.0,645132.0,622244.0,530479.0,539522.7
2007-05-17,W,1043033,627116,1670149,2007,5,3,Before 2020,137,625297.0,654856.0,631795.0,527645.4285714285,539624.4666666667
2007-05-18,W,1044582,643462,1688044,2007,5,4,Before 2020,138,627116.0,668098.0,617779.0,523682.5714285714,539468.5
2007-05-19,A,684079,343947,1028026,2007,5,5,Before 2020,139,643462.0,329029.0,617546.0,520163.14285714284,540324.6
2007-05-20,U,422463,233007,655470,2007,5,6,Before 2020,140,343947.0,224489.0,647296.0,522294.28571428574,531204.6333333333
2007-05-21,W,1039954,614276,1654230,2007,5,0,Before 2020,141,233007.0,586905.0,371504.0,523511.14285714284,517395.0
2007-05-22,W,1044661,627087,1671748,2007,5,1,Before 2020,142,614276.0,604844.0,271708.0,527421.2857142857,525487.4
2007-05-23,W,1028065,623366,1651431,2007,5,2,Before 2020,143,627087.0,625297.0,617017.0,530598.8571428572,537333.3666666667
2007-05-24,W,1009067,617536,1626603,2007,5,3,Before 2020,144,623366.0,627116.0,631249.0,530323.0,537545.0
2007-05-25,W,995233,611019,1606252,2007,5,4,Before 2020,145,617536.0,643462.0,604311.0,528954.4285714285,537087.9
2007-05-26,A,556682,307727,864409,2007,5,5,Before 2020,146,611019.0,343947.0,604957.0,524319.7142857143,537311.5
2007-05-27,U,451833,270636,722469,2007,5,6,Before 2020,147,307727.0,233007.0,617985.0,519145.4285714286,527403.8333333334
2007-05-28,U,415256,254935,670191,2007,5,0,Before 2020,148,270636.0,614276.0,320088.0,524521.0,515825.5333333333
2007-05-29,W,1024735,622662,1647397,2007,5,1,Before 2020,149,254935.0,627087.0,237595.0,473186.5714285714,513653.76666666666
2007-05-30,W,1055384,637763,1693147,2007,5,2,Before 2020,150,622662.0,623366.0,599953.0,472554.4285714286,526489.3333333334
2007-05-31,W,997007,612977,1609984,2007,5,3,Before 2020,151,637763.0,617536.0,680365.0,474611.14285714284,527749.6666666666
2007-06-01,W,1079848,654251,1734099,2007,6,4,Before 2020,152,612977.0,611019.0,617675.0,473959.85714285716,525503.4
2007-06-02,A,680844,367035,1047879,2007,6,5,Before 2020,153,654251.0,307727.0,631926.0,480135.85714285716,526722.6
2007-06-03,U,461358,263646,725004,2007,6,6,Before 2020,154,367035.0,270636.0,642564.0,488608.4285714286,517892.9
2007-06-04,W,988557,611310,1599867,2007,6,0,Before 2020,155,263646.0,254935.0,360852.0,487609.85714285716,505262.3
2007-06-05,W,1067413,643474,1710887,2007,6,1,Before 2020,156,611310.0,622662.0,266988.0,538520.5714285715,513610.9
2007-06-06,W,1047624,641107,1688731,2007,6,2,Before 2020,157,643474.0,637763.0,610376.0,541493.7142857143,526160.4333333333
2007-06-07,W,1041490,656169,1697659,2007,6,3,Before 2020,158,641107.0,612977.0,648555.0,541971.4285714285,527184.8
2007-06-08,W,1025937,653397,1679334,2007,6,4,Before 2020,159,656169.0,654251.0,645132.0,548141.7142857143,527438.6
2007-06-09,A,661835,402393,1064228,2007,6,5,Before 2020,160,653397.0,367035.0,654856.0,548019.7142857143,527714.1
2007-06-10,U,466294,291979,758273,2007,6,6,Before 2020,161,402393.0,263646.0,668098.0,553070.8571428572,519298.6666666667
2007-06-11,W,1000007,645161,1645168,2007,6,0,Before 2020,162,291979.0,611310.0,329029.0,557118.4285714285,506761.36666666664
2007-06-12,W,1015390,660899,1676289,2007,6,1,Before 2020,163,645161.0,643474.0,224489.0,561954.2857142857,517299.1
2007-06-13,W,955467,654913,1610380,2007,6,2,Before 2020,164,660899.0,641107.0,586905.0,564443.5714285715,531846.1
2007-06-14,W,944081,653008,1597089,2007,6,3,Before 2020,165,654913.0,656169.0,604844.0,566415.8571428572,534113.0333333333
2007-06-15,W,1018966,670995,1689961,2007,6,4,Before 2020,166,653008.0,653397.0,625297.0,565964.2857142857,535718.5
2007-06-16,A,633038,363871,996909,2007,6,5,Before 2020,167,670995.0,402393.0,627116.0,568478.2857142857,537241.7666666667
2007-06-17,U,464411,257682,722093,2007,6,6,Before 2020,168,363871.0,291979.0,643462.0,562975.1428571428,528466.9333333333
2007-06-18,W,898272,590320,1488592,2007,6,0,Before 2020,169,257682.0,645161.0,343947.0,558075.5714285715,515607.6
2007-06-19,W,954392,618913,1573305,2007,6,1,Before 2020,170,590320.0,660899.0,233007.0,550241.1428571428,523820.0333333333
2007-06-20,W,952574,625805,1578379,2007,6,2,Before 2020,171,618913.0,654913.0,614276.0,544243.1428571428,536683.5666666667
2007-06-21,W,941671,626907,1568578,2007,6,3,Before 2020,172,625805.0,653008.0,627087.0,540084.8571428572,537067.8666666667
2007-06-22,W,915690,623048,1538738,2007,6,4,Before 2020,173,626907.0,670995.0,623366.0,536356.1428571428,537061.8666666667
2007-06-23,A,576598,336644,913242,2007,6,5,Before 2020,174,623048.0,363871.0,617536.0,529506.5714285715,537051.2666666667
2007-06-24,U,451145,346881,798026,2007,6,6,Before 2020,175,336644.0,257682.0,611019.0,525617.0,527688.2
2007-06-25,W,922491,619299,1541790,2007,6,0,Before 2020,176,346881.0,590320.0,307727.0,538359.7142857143,518883.6
2007-06-26,W,887917,623390,1511307,2007,6,1,Before 2020,177,619299.0,618913.0,270636.0,542499.5714285715,529269.3333333334
2007-06-27,W,905210,627568,1532778,2007,6,2,Before 2020,178,623390.0,625805.0,254935.0,543139.1428571428,541027.8
2007-06-28,W,927302,620611,1547913,2007,6,3,Before 2020,179,627568.0,626907.0,622662.0,543391.0,553448.9
2007-06-29,W,968906,708650,1677556,2007,6,4,Before 2020,180,620611.0,623048.0,637763.0,542491.5714285715,553380.5333333333
2007-06-30,A,680629,447188,1127817,2007,6,5,Before 2020,181,708650.0,336644.0,612977.0,554720.4285714285,555743.4333333333
2007-07-01,U,495101,354648,849749,2007,7,6,Before 2020,182,447188.0,346881.0,654251.0,570512.4285714285,550217.1333333333
2007-07-02,W,955129,644079,1599208,2007,7,0,Before 2020,183,354648.0,619299.0,367035.0,571622.0,540230.3666666667
2007-07-03,W,1048504,848262,1896766,2007,7,1,Before 2020,184,644079.0,623390.0,263646.0,575162.0,549465.1666666666
2007-07-04,U,486961,349716,836677,2007,7,2,Before 2020,185,848262.0,627568.0,611310.0,607286.5714285715,568952.3666666667
2007-07-05,W,933153,655871,1589024,2007,7,3,Before 2020,186,349716.0,620611.0,643474.0,567593.4285714285,560232.5666666667
2007-07-06,W,956208,696508,1652716,2007,7,4,Before 2020,187,655871.0,708650.0,641107.0,572630.5714285715,560645.8
2007-07-07,A,640418,398525,1038943,2007,7,5,Before 2020,188,696508.0,447188.0,656169.0,570896.0,562492.5
2007-07-08,U,443791,287948,731739,2007,7,6,Before 2020,189,398525.0,354648.0,653397.0,563944.1428571428,553904.3666666667
2007-07-09,W,896820,587889,1484709,2007,7,0,Before 2020,190,287948.0,644079.0,402393.0,554415.5714285715,541722.7333333333
2007-07-10,W,939774,610001,1549775,2007,7,1,Before 2020,191,587889.0,848262.0,291979.0,546388.4285714285,547905.9333333333
2007-07-11,W,973860,629790,1603650,2007,7,2,Before 2020,192,610001.0,349716.0,645161.0,512351.14285714284,558506.6666666666
2007-07-12,W,962640,631002,1593642,2007,7,3,Before 2020,193,629790.0,655871.0,660899.0,552361.7142857143,557994.3
2007-07-13,W,956346,676306,1632652,2007,7,4,Before 2020,194,631002.0,696508.0,654913.0,548809.0,556997.7333333333
2007-07-14,A,687968,383132,1071100,2007,7,5,Before 2020,195,676306.0,398525.0,653008.0,545923.0,557710.8333333334
2007-07-15,U,489228,289728,778956,2007,7,6,Before 2020,196,383132.0,287948.0,670995.0,543724.0,548714.9666666667
2007-07-16,W,939642,627282,1566924,2007,7,0,Before 2020,197,289728.0,587889.0,363871.0,543978.2857142857,536006.0666666667
2007-07-17,W,945057,637429,1582486,2007,7,1,Before 2020,198,627282.0,610001.0,257682.0,549605.8571428572,544786.4333333333
2007-07-18,W,939708,654848,1594556,2007,7,2,Before 2020,199,637429.0,629790.0,590320.0,553524.1428571428,557444.6666666666
2007-07-19,W,935717,648112,1583829,2007,7,3,Before 2020,200,654848.0,631002.0,618913.0,557103.8571428572,559595.6
2007-07-20,W,959207,655992,1615199,2007,7,4,Before 2020,201,648112.0,676306.0,625805.0,559548.1428571428,560568.9
2007-07-21,A,685445,366356,1051801,2007,7,5,Before 2020,202,655992.0,383132.0,626907.0,556646.1428571428,561575.1333333333
2007-07-22,U,480317,266827,747144,2007,7,6,Before 2020,203,366356.0,289728.0,623048.0,554249.5714285715,552890.1
2007-07-23,W,937452,613805,1551257,2007,7,0,Before 2020,204,266827.0,627282.0,336644.0,550978.0,541016.0666666667
2007-07-24,W,935763,624166,1559929,2007,7,1,Before 2020,205,613805.0,637429.0,346881.0,549052.7142857143,550254.7666666667
2007-07-25,W,939278,626658,1565936,2007,7,2,Before 2020,206,624166.0,654848.0,619299.0,547158.0,559497.6
2007-07-26,W,919288,624338,1543626,2007,7,3,Before 2020,207,626658.0,648112.0,623390.0,543130.8571428572,559742.9
2007-07-27,W,923332,625772,1549104,2007,7,4,Before 2020,208,624338.0,655992.0,627568.0,539734.5714285715,559774.5
2007-07-28,A,641760,380163,1021923,2007,7,5,Before 2020,209,625772.0,366356.0,620611.0,535417.4285714285,559714.6333333333
2007-07-29,U,457951,272684,730635,2007,7,6,Before 2020,210,380163.0,266827.0,708650.0,537389.8571428572,551699.7
2007-07-30,W,917757,620439,1538196,2007,7,0,Before 2020,211,272684.0,613805.0,447188.0,538226.5714285715,537167.5
2007-07-31,W,946285,637331,1583616,2007,7,1,Before 2020,212,620439.0,624166.0,354648.0,539174.2857142857,542942.5333333333
2007-08-01,W,974958,643448,1618406,2007,8,2,Before 2020,213,637331.0,626658.0,644079.0,541055.0,552365.3
2007-08-02,W,944912,650901,1595813,2007,8,3,Before 2020,214,643448.0,624338.0,848262.0,543453.5714285715,552344.2666666667
2007-08-03,W,976842,692273,1669115,2007,8,4,Before 2020,215,650901.0,625772.0,349716.0,547248.2857142857,545765.5666666667
2007-08-04,A,646378,422115,1068493,2007,8,5,Before 2020,216,692273.0,380163.0,655871.0,556748.4285714285,557184.1333333333
2007-08-05,U,457228,332786,790014,2007,8,6,Before 2020,217,422115.0,272684.0,696508.0,562741.5714285715,549392.2666666667
2007-08-06,W,908881,591244,1500125,2007,8,0,Before 2020,218,332786.0,620439.0,398525.0,571327.5714285715,537268.2
2007-08-07,W,930259,609984,1540243,2007,8,1,Before 2020,219,591244.0,637331.0,287948.0,567156.8571428572,543692.1666666666
2007-08-08,W,911127,598593,1509720,2007,8,2,Before 2020,220,609984.0,643448.0,587889.0,563250.1428571428,554426.7
2007-08-09,W,921233,610768,1532001,2007,8,3,Before 2020,221,598593.0,650901.0,610001.0,556842.2857142857,554783.5
2007-08-10,W,942284,617817,1560101,2007,8,4,Before 2020,222,610768.0,692273.0,629790.0,551109.0,554809.0666666667
2007-08-11,A,710009,379200,1089209,2007,8,5,Before 2020,223,617817.0,422115.0,631002.0,540472.4285714285,554409.9666666667
2007-08-12,U,472709,262521,735230,2007,8,6,Before 2020,224,379200.0,332786.0,676306.0,534341.7142857143,546016.5666666667
2007-08-13,W,901029,574616,1475645,2007,8,0,Before 2020,225,262521.0,591244.0,383132.0,524303.8571428572,532223.7333333333
2007-08-14,W,905711,605080,1510791,2007,8,1,Before 2020,226,574616.0,609984.0,289728.0,521928.4285714286,538606.5333333333
2007-08-15,W,906121,603458,1509579,2007,8,2,Before 2020,227,605080.0,598593.0,627282.0,521227.85714285716,549118.2666666667
2007-08-16,W,910468,620464,1530932,2007,8,3,Before 2020,228,603458.0,610768.0,637429.0,521922.85714285716,548324.1333333333
2007-08-17,W,940525,629675,1570200,2007,8,4,Before 2020,229,620464.0,617817.0,654848.0,523308.0,547758.6333333333
2007-08-18,A,613516,367895,981411,2007,8,5,Before 2020,230,629675.0,379200.0,648112.0,525002.0,546919.5333333333
2007-08-19,U,384648,241159,625807,2007,8,6,Before 2020,231,367895.0,262521.0,655992.0,523387.0,537578.9666666667
2007-08-20,W,869663,597026,1466689,2007,8,0,Before 2020,232,241159.0,574616.0,366356.0,520335.28571428574,523751.2
2007-08-21,W,927597,600468,1528065,2007,8,1,Before 2020,233,597026.0,605080.0,266827.0,523536.71428571426,531440.2
2007-08-22,W,929593,601469,1531062,2007,8,2,Before 2020,234,600468.0,603458.0,613805.0,522877.85714285716,542561.5666666667
2007-08-23,W,848806,578731,1427537,2007,8,3,Before 2020,235,601469.0,620464.0,624166.0,522593.71428571426,542150.3666666667
2007-08-24,W,886880,605153,1492033,2007,8,4,Before 2020,236,578731.0,629675.0,626658.0,516631.85714285716,540635.8666666667
2007-08-25,A,660678,362365,1023043,2007,8,5,Before 2020,237,605153.0,367895.0,624338.0,513128.71428571426,539919.0333333333
2007-08-26,U,491356,274617,765973,2007,8,6,Before 2020,238,362365.0,241159.0,625772.0,512338.71428571426,531186.6
2007-08-27,W,952232,609440,1561672,2007,8,0,Before 2020,239,274617.0,597026.0,380163.0,517118.4285714286,519481.43333333335
2007-08-28,W,986289,648482,1634771,2007,8,1,Before 2020,240,609440.0,600468.0,272684.0,518891.85714285716,527124.0
2007-08-29,W,961627,640436,1602063,2007,8,2,Before 2020,241,648482.0,601469.0,620439.0,525751.0,539650.6
2007-08-30,W,968474,666661,1635135,2007,8,3,Before 2020,242,640436.0,578731.0,637331.0,531317.7142857143,540317.1666666666
2007-08-31,W,1012720,674373,1687093,2007,8,4,Before 2020,243,666661.0,605153.0,643448.0,543879.1428571428,541294.8333333334
2007-09-01,A,697334,412998,1110332,2007,9,5,Before 2020,244,674373.0,362365.0,650901.0,553767.7142857143,542325.6666666666
2007-09-02,U,506887,328760,835647,2007,9,6,Before 2020,245,412998.0,274617.0,692273.0,561001.0,534395.5666666667
2007-09-03,U,461629,275023,736652,2007,9,0,Before 2020,246,328760.0,609440.0,422115.0,568735.7142857143,522278.4666666667
2007-09-04,W,1096027,666200,1762227,2007,9,1,Before 2020,247,275023.0,648482.0,332786.0,520961.85714285716,517375.4
2007-09-05,W,1097897,689499,1787396,2007,9,2,Before 2020,248,666200.0,640436.0,591244.0,523493.0,528489.2
2007-09-06,W,1068817,689347,1758164,2007,9,3,Before 2020,249,689499.0,666661.0,609984.0,530502.0,531764.3666666667
2007-09-07,W,1043967,668804,1712771,2007,9,4,Before 2020,250,689347.0,674373.0,598593.0,533742.8571428572,534409.8
2007-09-08,A,700510,374022,1074532,2007,9,5,Before 2020,251,668804.0,412998.0,610768.0,532947.2857142857,536750.1666666666
2007-09-09,U,484803,266371,751174,2007,9,6,Before 2020,252,374022.0,328760.0,617817.0,527379.2857142857,528858.6333333333
2007-09-10,W,1072218,676612,1748830,2007,9,0,Before 2020,253,266371.0,275023.0,379200.0,518466.5714285714,517143.76666666666
2007-09-11,W,1108582,679973,1788555,2007,9,1,Before 2020,254,676612.0,666200.0,262521.0,575836.4285714285,527057.5
2007-09-12,W,1090043,680733,1770776,2007,9,2,Before 2020,255,679973.0,689499.0,574616.0,577804.0,540972.5666666667
2007-09-13,W,1073415,664991,1738406,2007,9,3,Before 2020,256,680733.0,689347.0,605080.0,576551.7142857143,544509.8
2007-09-14,W,1070397,669129,1739526,2007,9,4,Before 2020,257,664991.0,668804.0,603458.0,573072.2857142857,546506.8333333334
2007-09-15,A,642789,378741,1021530,2007,9,5,Before 2020,258,669129.0,374022.0,620464.0,573118.7142857143,548695.8666666667
2007-09-16,U,455579,272814,728393,2007,9,6,Before 2020,259,378741.0,266371.0,629675.0,573792.8571428572,540638.4333333333
2007-09-17,W,1080112,675627,1755739,2007,9,0,Before 2020,260,272814.0,676612.0,367895.0,574713.2857142857,528743.0666666667
2007-09-18,W,1104193,689330,1793523,2007,9,1,Before 2020,261,675627.0,679973.0,241159.0,574572.5714285715,539000.8
2007-09-19,W,1098945,692726,1791671,2007,9,2,Before 2020,262,689330.0,680733.0,597026.0,575909.2857142857,553939.8333333334
2007-09-20,W,1085299,682588,1767887,2007,9,3,Before 2020,263,692726.0,664991.0,600468.0,577622.5714285715,557129.8333333334
2007-09-21,W,1077275,697999,1775274,2007,9,4,Before 2020,264,682588.0,669129.0,601469.0,580136.4285714285,559867.1666666666
2007-09-22,A,678534,361587,1040121,2007,9,5,Before 2020,265,697999.0,378741.0,578731.0,584260.7142857143,563084.8333333334
2007-09-23,U,481232,269325,750557,2007,9,6,Before 2020,266,361587.0,272814.0,605153.0,581810.1428571428,555846.7
2007-09-24,W,1065887,649262,1715149,2007,9,0,Before 2020,267,269325.0,675627.0,362365.0,581311.7142857143,544652.4333333333
2007-09-25,W,1064946,664976,1729922,2007,9,1,Before 2020,268,649262.0,689330.0,274617.0,577545.2857142857,554215.6666666666
2007-09-26,W,1009515,660197,1669712,2007,9,2,Before 2020,269,664976.0,692726.0,609440.0,574066.1428571428,567227.6333333333
2007-09-27,W,1093222,675936,1769158,2007,9,3,Before 2020,270,660197.0,682588.0,648482.0,569419.1428571428,568919.5333333333
2007-09-28,W,1080223,680820,1761043,2007,9,4,Before 2020,271,675936.0,697999.0,640436.0,568468.8571428572,569834.6666666666
2007-09-29,A,678705,358750,1037455,2007,9,5,Before 2020,272,680820.0,361587.0,666661.0,566014.7142857143,571180.8
2007-09-30,U,463947,239074,703021,2007,9,6,Before 2020,273,358750.0,269325.0,674373.0,565609.4285714285,560917.1
2007-10-01,W,1088750,652510,1741260,2007,10,0,Before 2020,274,239074.0,649262.0,412998.0,561287.8571428572,546407.1333333333
2007-10-02,W,1129578,669817,1799395,2007,10,1,Before 2020,275,652510.0,664976.0,328760.0,561751.8571428572,554390.8666666667
2007-10-03,W,1141300,678734,1820034,2007,10,2,Before 2020,276,669817.0,660197.0,275023.0,562443.4285714285,565759.4333333333
2007-10-04,W,1121496,682778,1804274,2007,10,3,Before 2020,277,678734.0,675936.0,666200.0,565091.5714285715,579216.4666666667
2007-10-05,W,1108038,681736,1789774,2007,10,4,Before 2020,278,682778.0,680820.0,689499.0,566069.0,579769.0666666667
2007-10-06,A,693470,430713,1124183,2007,10,5,Before 2020,279,681736.0,358750.0,689347.0,566199.8571428572,579510.3
2007-10-07,U,450253,394647,844900,2007,10,6,Before 2020,280,430713.0,239074.0,668804.0,576480.2857142857,570889.1666666666
2007-10-08,W,857090,563619,1420709,2007,10,0,Before 2020,281,394647.0,652510.0,374022.0,598705.0,561750.6
2007-10-09,W,1119151,673318,1792469,2007,10,1,Before 2020,282,563619.0,669817.0,266371.0,586006.2857142857,568070.5
2007-10-10,W,1075443,666054,1741497,2007,10,2,Before 2020,283,673318.0,678734.0,676612.0,586506.4285714285,581635.4
2007-10-11,W,1080412,674960,1755372,2007,10,3,Before 2020,284,666054.0,682778.0,679973.0,584695.0,581283.4666666667
2007-10-12,W,1081900,669582,1751482,2007,10,4,Before 2020,285,674960.0,681736.0,680733.0,583578.1428571428,581116.3666666667
2007-10-13,A,657864,338481,996345,2007,10,5,Before 2020,286,669582.0,430713.0,664991.0,581841.8571428572,580744.6666666666
2007-10-14,U,452914,234730,687644,2007,10,6,Before 2020,287,338481.0,394647.0,669129.0,568665.8571428572,569861.0
2007-10-15,W,1087003,651751,1738754,2007,10,0,Before 2020,288,234730.0,563619.0,378741.0,545820.5714285715,555381.0333333333
2007-10-16,W,1084935,664961,1749896,2007,10,1,Before 2020,289,651751.0,673318.0,272814.0,558410.8571428572,564481.3666666667
2007-10-17,W,1096384,668523,1764907,2007,10,2,Before 2020,290,664961.0,666054.0,675627.0,557217.0,577552.9333333333
2007-10-18,W,1056395,666975,1723370,2007,10,3,Before 2020,291,668523.0,674960.0,689330.0,557569.7142857143,577316.1333333333
2007-10-19,W,974134,654836,1628970,2007,10,4,Before 2020,292,666975.0,669582.0,692726.0,556429.0,576570.9666666667
2007-10-20,A,731918,352442,1084360,2007,10,5,Before 2020,293,654836.0,338481.0,682588.0,554322.4285714285,575307.9666666667
2007-10-21,U,499779,243884,743663,2007,10,6,Before 2020,294,352442.0,234730.0,697999.0,556316.8571428572,564303.1
2007-10-22,W,1056369,648233,1704602,2007,10,0,Before 2020,295,243884.0,651751.0,361587.0,557624.5714285715,549165.9333333333
2007-10-23,W,1088752,662913,1751665,2007,10,1,Before 2020,296,648233.0,664961.0,269325.0,557122.0,558720.8
2007-10-24,W,1080803,662981,1743784,2007,10,2,Before 2020,297,662913.0,668523.0,649262.0,556829.4285714285,571840.4
2007-10-25,W,1072949,672155,1745104,2007,10,3,Before 2020,298,662981.0,666975.0,664976.0,556037.7142857143,572297.7
2007-10-26,W,1061706,659354,1721060,2007,10,4,Before 2020,299,672155.0,654836.0,660197.0,556777.7142857143,572537.0
2007-10-27,A,678861,330492,1009353,2007,10,5,Before 2020,300,659354.0,352442.0,675936.0,557423.1428571428,572508.9
2007-10-28,U,472765,233248,706013,2007,10,6,Before 2020,301,330492.0,243884.0,680820.0,554287.4285714285,560994.1
2007-10-29,W,1049394,639837,1689231,2007,10,0,Before 2020,302,233248.0,648233.0,358750.0,552768.0,546075.0333333333
2007-10-30,W,1088015,654838,1742853,2007,10,1,Before 2020,303,639837.0,662913.0,239074.0,551568.5714285715,555444.6
2007-10-31,W,1036100,646598,1682698,2007,10,2,Before 2020,304,654838.0,662981.0,652510.0,550415.0,569303.4
2007-11-01,W,1102515,662120,1764635,2007,11,3,Before 2020,305,646598.0,672155.0,669817.0,548074.5714285715,569106.3333333334
2007-11-02,W,1019370,640204,1659574,2007,11,4,Before 2020,306,662120.0,659354.0,678734.0,546641.0,568849.7666666667
2007-11-03,A,718550,331447,1049997,2007,11,5,Before 2020,307,640204.0,330492.0,682778.0,543905.2857142857,567565.4333333333
2007-11-04,U,491005,224395,715400,2007,11,6,Before 2020,308,331447.0,233248.0,681736.0,544041.7142857143,555854.4
2007-11-05,W,1074116,645467,1719583,2007,11,0,Before 2020,309,224395.0,639837.0,430713.0,542777.0,540609.7
2007-11-06,W,1063193,655389,1718582,2007,11,1,Before 2020,310,645467.0,654838.0,394647.0,543581.2857142857,547768.1666666666
2007-11-07,W,1010629,643227,1653856,2007,11,2,Before 2020,311,655389.0,646598.0,563619.0,543660.0,556459.5666666667
2007-11-08,W,1058758,663386,1722144,2007,11,3,Before 2020,312,643227.0,662120.0,673318.0,543178.4285714285,559113.1666666666
2007-11-09,W,1038131,658500,1696631,2007,11,4,Before 2020,313,663386.0,640204.0,666054.0,543359.2857142857,558782.1
2007-11-10,A,699360,323757,1023117,2007,11,5,Before 2020,314,658500.0,331447.0,674960.0,545973.0,558530.3
2007-11-11,U,462568,216467,679035,2007,11,6,Before 2020,315,323757.0,224395.0,669582.0,544874.4285714285,546823.5333333333
2007-11-12,W,843086,551847,1394933,2007,11,0,Before 2020,316,216467.0,645467.0,338481.0,543741.8571428572,531719.7
2007-11-13,W,1095253,660671,1755924,2007,11,1,Before 2020,317,551847.0,655389.0,234730.0,530367.5714285715,538831.9
2007-11-14,W,1073985,652294,1726279,2007,11,2,Before 2020,318,660671.0,643227.0,651751.0,531122.1428571428,553029.9333333333
2007-11-15,W,1056246,653620,1709866,2007,11,3,Before 2020,319,652294.0,663386.0,664961.0,532417.4285714285,553048.0333333333
2007-11-16,W,1063833,645494,1709327,2007,11,4,Before 2020,320,653620.0,658500.0,668523.0,531022.2857142857,552670.0
2007-11-17,A,651609,373784,1025393,2007,11,5,Before 2020,321,645494.0,323757.0,666975.0,529164.2857142857,551902.3666666667
2007-11-18,U,451689,224895,676584,2007,11,6,Before 2020,322,373784.0,216467.0,654836.0,536311.0,542129.3333333334
2007-11-19,W,1045626,628079,1673705,2007,11,0,Before 2020,323,224895.0,551847.0,352442.0,537515.0,527797.9666666667
2007-11-20,W,1055688,638081,1693769,2007,11,1,Before 2020,324,628079.0,660671.0,243884.0,548405.2857142857,536985.8666666667
2007-11-21,W,933046,578739,1511785,2007,11,2,Before 2020,325,638081.0,652294.0,648233.0,545178.1428571428,550125.7666666667
2007-11-22,U,294447,157890,452337,2007,11,3,Before 2020,326,578739.0,653620.0,662913.0,534670.2857142857,547809.3
2007-11-23,W,619195,356064,975259,2007,11,4,Before 2020,327,157890.0,645494.0,662981.0,463851.71428571426,530975.2
2007-11-24,A,541464,285732,827196,2007,11,5,Before 2020,328,356064.0,373784.0,672155.0,422504.5714285714,520744.63333333336
2007-11-25,U,396237,221021,617258,2007,11,6,Before 2020,329,285732.0,224895.0,659354.0,409925.71428571426,507863.86666666664
2007-11-26,W,1009519,612439,1621958,2007,11,0,Before 2020,330,221021.0,628079.0,330492.0,409372.28571428574,493252.76666666666
2007-11-27,W,1044685,629784,1674469,2007,11,1,Before 2020,331,612439.0,638081.0,233248.0,407138.0,502651.0
2007-11-28,W,1030447,627268,1657715,2007,11,2,Before 2020,332,629784.0,578739.0,639837.0,405952.71428571426,515868.86666666664
2007-11-29,W,1015386,625742,1641128,2007,11,3,Before 2020,333,627268.0,157890.0,654838.0,412885.4285714286,515449.9
2007-11-30,W,1064598,631624,1696222,2007,11,4,Before 2020,334,625742.0,356064.0,646598.0,479721.4285714286,514480.0333333333
2007-12-01,A,606838,307004,913842,2007,12,5,Before 2020,335,631624.0,285732.0,662120.0,519087.14285714284,513980.9
2007-12-02,U,423280,219797,643077,2007,12,6,Before 2020,336,307004.0,221021.0,640204.0,522126.0,502143.7
2007-12-03,W,1064265,605852,1670117,2007,12,0,Before 2020,337,219797.0,612439.0,331447.0,521951.14285714284,488130.13333333336
2007-12-04,W,1082140,625524,1707664,2007,12,1,Before 2020,338,605852.0,629784.0,224395.0,521010.14285714284,497276.9666666667
2007-12-05,W,1024462,623607,1648069,2007,12,2,Before 2020,339,625524.0,627268.0,645467.0,520401.5714285714,510647.93333333335
2007-12-06,W,1029586,619960,1649546,2007,12,3,Before 2020,340,623607.0,625742.0,655389.0,519878.5714285714,509919.26666666666
2007-12-07,W,956775,609732,1566507,2007,12,4,Before 2020,341,619960.0,631624.0,643227.0,519052.5714285714,508738.3
2007-12-08,A,636461,326501,962962,2007,12,5,Before 2020,342,609732.0,307004.0,663386.0,515925.14285714284,507621.8
2007-12-09,U,423634,215699,639333,2007,12,6,Before 2020,343,326501.0,219797.0,658500.0,518710.4285714286,496392.3
2007-12-10,W,1036018,597674,1633692,2007,12,0,Before 2020,344,215699.0,605852.0,323757.0,518125.0,481632.26666666666
2007-12-11,W,1002470,605203,1607673,2007,12,1,Before 2020,345,597674.0,625524.0,216467.0,516956.71428571426,490762.8333333333
2007-12-12,W,1051962,615293,1667255,2007,12,2,Before 2020,346,605203.0,623607.0,551847.0,514053.71428571426,503720.7
2007-12-13,W,1039827,615948,1655775,2007,12,3,Before 2020,347,615293.0,619960.0,660671.0,512866.0,505835.56666666665
2007-12-14,W,1045488,611182,1656670,2007,12,4,Before 2020,348,615948.0,609732.0,652294.0,512292.85714285716,504344.8
2007-12-15,A,606795,316867,923662,2007,12,5,Before 2020,349,611182.0,326501.0,653620.0,512500.0,502974.4
2007-12-16,U,412777,215055,627832,2007,12,6,Before 2020,350,316867.0,215699.0,645494.0,511123.71428571426,491749.3
2007-12-17,W,968005,564404,1532409,2007,12,0,Before 2020,351,215055.0,597674.0,373784.0,511031.71428571426,477401.3333333333
2007-12-18,W,1009642,582487,1592129,2007,12,1,Before 2020,352,564404.0,605203.0,224895.0,506278.85714285716,483755.3333333333
2007-12-19,W,1027855,587683,1615538,2007,12,2,Before 2020,353,582487.0,615293.0,628079.0,503033.71428571426,495675.06666666665
2007-12-20,W,1016117,578637,1594754,2007,12,3,Before 2020,354,587683.0,615948.0,638081.0,499089.4285714286,494328.5333333333
2007-12-21,W,1014168,563789,1577957,2007,12,4,Before 2020,355,578637.0,611182.0,578739.0,493759.28571428574,492347.06666666665
2007-12-22,A,613180,290854,904034,2007,12,5,Before 2020,356,563789.0,316867.0,157890.0,486988.85714285716,491848.73333333334
2007-12-23,U,347895,184560,532455,2007,12,6,Before 2020,357,290854.0,215055.0,356064.0,483272.71428571426,496280.86666666664
2007-12-24,W,531176,252649,783825,2007,12,0,Before 2020,358,184560.0,564404.0,285732.0,478916.28571428574,490564.06666666665
2007-12-25,U,249699,111582,361281,2007,12,1,Before 2020,359,252649.0,582487.0,221021.0,434379.85714285716,489461.3
2007-12-26,W,707668,399662,1107330,2007,12,2,Before 2020,360,111582.0,587683.0,612439.0,367107.71428571426,485813.3333333333
2007-12-27,W,773602,462843,1236445,2007,12,3,Before 2020,361,399662.0,578637.0,629784.0,340247.5714285714,478720.76666666666
2007-12-28,W,747807,463830,1211637,2007,12,4,Before 2020,362,462843.0,563789.0,627268.0,323705.5714285714,473156.06666666665
2007-12-29,A,546998,277819,824817,2007,12,5,Before 2020,363,463830.0,290854.0,625742.0,309425.71428571426,467708.13333333336
2007-12-30,U,412003,232213,644216,2007,12,6,Before 2020,364,277819.0,184560.0,631624.0,307563.5714285714,456110.7
2007-12-31,W,669463,405727,1075190,2007,12,0,Before 2020,365,232213.0,252649.0,307004.0,314371.14285714284,442797.0
2008-01-01,U,295571,174243,469814,2008,1,1,Before 2020,1,405727.0,111582.0,219797.0,336239.4285714286,446087.76666666666
2008-01-02,W,699149,471241,1170390,2008,1,2,Before 2020,2,174243.0,399662.0,605852.0,345191.0,444569.3
2008-01-03,W,783950,517492,1301442,2008,1,3,Before 2020,3,471241.0,462843.0,625524.0,355416.5714285714,440082.26666666666
2008-01-04,W,851632,537002,1388634,2008,1,4,Before 2020,4,517492.0,463830.0,623607.0,363223.5714285714,436481.2
2008-01-05,A,568839,280264,849103,2008,1,5,Before 2020,5,537002.0,277819.0,619960.0,373676.71428571426,433594.36666666664
2008-01-06,U,415385,207391,622776,2008,1,6,Before 2020,6,280264.0,232213.0,609732.0,374026.0,422271.1666666667
2008-01-07,W,988485,588092,1576577,2008,1,0,Before 2020,7,207391.0,405727.0,326501.0,370480.0,408859.8
2008-01-08,W,990597,592632,1583229,2008,1,1,Before 2020,8,588092.0,174243.0,215699.0,396532.14285714284,417579.5
2008-01-09,W,1023189,604515,1627704,2008,1,2,Before 2020,9,592632.0,471241.0,597674.0,456302.0,430143.93333333335
2008-01-10,W,998489,602398,1600887,2008,1,3,Before 2020,10,604515.0,517492.0,605203.0,475341.14285714284,430371.9666666667
2008-01-11,W,1022368,602428,1624796,2008,1,4,Before 2020,11,602398.0,537002.0,615293.0,487470.5714285714,430278.4666666667
2008-01-12,A,604388,299546,903934,2008,1,5,Before 2020,12,602428.0,280264.0,615948.0,496817.14285714284,429849.63333333336
2008-01-13,U,391645,202380,594025,2008,1,6,Before 2020,13,299546.0,207391.0,611182.0,499571.71428571426,419302.9
2008-01-14,W,996258,607357,1603615,2008,1,0,Before 2020,14,202380.0,588092.0,316867.0,498855.85714285716,405676.1666666667
2008-01-15,W,1013209,616432,1629641,2008,1,1,Before 2020,15,607357.0,592632.0,215055.0,501608.0,415359.1666666667
2008-01-16,W,1041939,626138,1668077,2008,1,2,Before 2020,16,616432.0,604515.0,564404.0,505008.0,428738.4
2008-01-17,W,998608,619823,1618431,2008,1,3,Before 2020,17,626138.0,602398.0,582487.0,508097.0,430796.2
2008-01-18,W,959859,585432,1545291,2008,1,4,Before 2020,18,619823.0,602428.0,587683.0,510586.28571428574,432040.73333333334
2008-01-19,A,414819,231306,646125,2008,1,5,Before 2020,19,585432.0,299546.0,578637.0,508158.28571428574,431965.7
2008-01-20,U,291354,168692,460046,2008,1,6,Before 2020,20,231306.0,202380.0,563789.0,498409.71428571426,420388.0
2008-01-21,W,611887,382753,994640,2008,1,0,Before 2020,21,168692.0,607357.0,290854.0,493597.14285714284,407218.1
2008-01-22,W,992432,615285,1607717,2008,1,1,Before 2020,22,382753.0,616432.0,184560.0,461510.85714285716,410281.4
2008-01-23,W,974052,605979,1580031,2008,1,2,Before 2020,23,615285.0,626138.0,252649.0,461347.0,424638.9
2008-01-24,W,910998,588279,1499277,2008,1,3,Before 2020,24,605979.0,619823.0,111582.0,458467.14285714284,436416.56666666665
2008-01-25,W,859813,565226,1425039,2008,1,4,Before 2020,25,588279.0,585432.0,399662.0,453960.85714285716,452306.4666666667
2008-01-26,A,572085,293979,866064,2008,1,5,Before 2020,26,565226.0,231306.0,462843.0,451074.28571428574,457825.26666666666
2008-01-27,U,413581,213177,626758,2008,1,6,Before 2020,27,293979.0,168692.0,463830.0,460027.5714285714,452196.4666666667
2008-01-28,W,1025845,623259,1649104,2008,1,0,Before 2020,28,213177.0,382753.0,277819.0,466382.5714285714,443841.36666666664
2008-01-29,W,1011729,627428,1639157,2008,1,1,Before 2020,29,623259.0,615285.0,232213.0,500740.5714285714,455356.0333333333
2008-01-30,W,882014,580657,1462671,2008,1,2,Before 2020,30,627428.0,605979.0,405727.0,502475.28571428574,468529.86666666664
2008-01-31,W,961357,626504,1587861,2008,1,3,Before 2020,31,580657.0,588279.0,174243.0,498857.85714285716,474360.86666666664
2008-02-01,W,911151,593534,1504685,2008,2,4,Before 2020,32,626504.0,565226.0,471241.0,504318.5714285714,489436.23333333334
2008-02-02,A,627807,320544,948351,2008,2,5,Before 2020,33,593534.0,293979.0,517492.0,508362.5714285714,493512.6666666667
2008-02-03,U,416661,216443,633104,2008,2,6,Before 2020,34,320544.0,213177.0,537002.0,512157.5714285714,486947.73333333334
2008-02-04,W,1004041,608975,1613016,2008,2,0,Before 2020,35,216443.0,623259.0,280264.0,512624.14285714284,476262.43333333335
2008-02-05,W,1058756,632513,1691269,2008,2,1,Before 2020,36,608975.0,627428.0,207391.0,510583.5714285714,487219.4666666667
2008-02-06,W,925504,609115,1534619,2008,2,2,Before 2020,37,632513.0,580657.0,588092.0,511310.0,501390.2
2008-02-07,W,1028104,633781,1661885,2008,2,3,Before 2020,38,609115.0,626504.0,592632.0,515375.4285714286,502090.9666666667
2008-02-08,W,1031968,622837,1654805,2008,2,4,Before 2020,39,633781.0,593534.0,604515.0,516415.0,503462.6
2008-02-09,A,627412,319751,947163,2008,2,5,Before 2020,40,622837.0,320544.0,602398.0,520601.14285714284,504073.3333333333
2008-02-10,U,300232,176228,476460,2008,2,6,Before 2020,41,319751.0,216443.0,602428.0,520487.85714285716,494651.76666666666
2008-02-11,W,818840,559672,1378512,2008,2,0,Before 2020,42,176228.0,608975.0,299546.0,514742.85714285716,480445.1
2008-02-12,W,819820,553554,1373374,2008,2,1,Before 2020,43,559672.0,632513.0,202380.0,507699.5714285714,489115.9666666667
2008-02-13,W,1039517,630232,1669749,2008,2,2,Before 2020,44,553554.0,609115.0,607357.0,496419.71428571426,500821.76666666666
2008-02-14,W,1074632,640598,1715230,2008,2,3,Before 2020,45,630232.0,633781.0,616432.0,499436.4285714286,501584.26666666666
2008-02-15,W,1036232,618258,1654490,2008,2,4,Before 2020,46,640598.0,622837.0,626138.0,500410.28571428574,502389.8
2008-02-16,A,649814,336935,986749,2008,2,5,Before 2020,47,618258.0,319751.0,619823.0,499756.14285714284,502127.13333333336
2008-02-17,U,411858,218846,630704,2008,2,6,Before 2020,48,336935.0,176228.0,585432.0,502211.0,492697.5333333333
2008-02-18,W,715974,456610,1172584,2008,2,0,Before 2020,49,218846.0,559672.0,231306.0,508299.28571428574,480478.0
2008-02-19,W,967658,595964,1563622,2008,2,1,Before 2020,50,456610.0,553554.0,168692.0,493576.14285714284,487988.13333333336
2008-02-20,W,961552,601847,1563399,2008,2,2,Before 2020,51,595964.0,630232.0,382753.0,499634.71428571426,502230.5333333333
2008-02-21,W,1001382,615384,1616766,2008,2,3,Before 2020,52,601847.0,640598.0,615285.0,495579.71428571426,509533.6666666667
2008-02-22,W,1021900,610589,1632489,2008,2,4,Before 2020,53,615384.0,618258.0,605979.0,491977.71428571426,509536.9666666667
2008-02-23,A,648822,325327,974149,2008,2,5,Before 2020,54,610589.0,336935.0,588279.0,490882.14285714284,509690.63333333336
2008-02-24,U,439134,222548,661682,2008,2,6,Before 2020,55,325327.0,218846.0,565226.0,489223.85714285716,500925.56666666665
2008-02-25,W,1003187,602866,1606053,2008,2,0,Before 2020,56,222548.0,456610.0,293979.0,489752.71428571426,489502.9666666667
2008-02-26,W,970886,605240,1576126,2008,2,1,Before 2020,57,602866.0,595964.0,213177.0,510646.4285714286,499799.2
2008-02-27,W,1019462,617002,1636464,2008,2,2,Before 2020,58,605240.0,601847.0,623259.0,511971.5714285714,512867.9666666667
2008-02-28,W,1028392,620602,1648994,2008,2,3,Before 2020,59,617002.0,615384.0,627428.0,514136.5714285714,512659.4
2008-02-29,W,1049773,618230,1668003,2008,2,4,Before 2020,60,620602.0,610589.0,580657.0,514882.0,512431.86666666664
2008-03-01,A,668866,322061,990927,2008,3,5,Before 2020,61,618230.0,325327.0,626504.0,515973.5714285714,513684.3
2008-03-02,U,465660,229531,695191,2008,3,6,Before 2020,62,322061.0,222548.0,593534.0,515507.0,503536.2
2008-03-03,W,890785,556767,1447552,2008,3,0,Before 2020,63,229531.0,602866.0,320544.0,516504.5714285714,491402.76666666666
2008-03-04,W,1053813,619343,1673156,2008,3,1,Before 2020,64,556767.0,605240.0,216443.0,509919.0,499276.86666666664
2008-03-05,W,1059027,620660,1679687,2008,3,2,Before 2020,65,619343.0,617002.0,608975.0,511933.71428571426,512706.86666666664
2008-03-06,W,1055418,624362,1679780,2008,3,3,Before 2020,66,620660.0,620602.0,632513.0,512456.28571428574,513096.36666666664
2008-03-07,W,1031200,604635,1635835,2008,3,4,Before 2020,67,624362.0,618230.0,609115.0,512993.4285714286,512824.6666666667
2008-03-08,A,590236,294749,884985,2008,3,5,Before 2020,68,604635.0,322061.0,633781.0,511051.28571428574,512675.3333333333
2008-03-09,U,415621,215690,631311,2008,3,6,Before 2020,69,294749.0,229531.0,622837.0,507149.5714285714,501374.26666666666
2008-03-10,W,1024901,606737,1631638,2008,3,0,Before 2020,70,215690.0,556767.0,319751.0,505172.28571428574,487802.7
2008-03-11,W,1062865,633917,1696782,2008,3,1,Before 2020,71,606737.0,619343.0,176228.0,512310.85714285716,497368.9
2008-03-12,W,1068268,640051,1708319,2008,3,2,Before 2020,72,633917.0,620660.0,559672.0,514392.85714285716,512625.2
2008-03-13,W,1070019,642018,1712037,2008,3,3,Before 2020,73,640051.0,624362.0,553554.0,517163.0,515304.5
2008-03-14,W,1077635,647279,1724914,2008,3,4,Before 2020,74,642018.0,604635.0,630232.0,519685.28571428574,518253.3
2008-03-15,A,645518,407380,1052898,2008,3,5,Before 2020,75,647279.0,294749.0,640598.0,525777.2857142857,518821.5333333333
2008-03-16,U,447363,243823,691186,2008,3,6,Before 2020,76,407380.0,215690.0,618258.0,541867.4285714285,511047.6
2008-03-17,W,897500,584885,1482385,2008,3,0,Before 2020,77,243823.0,606737.0,336935.0,545886.4285714285,498566.43333333335
2008-03-18,W,909978,593247,1503225,2008,3,1,Before 2020,78,584885.0,633917.0,218846.0,542764.7142857143,506831.43333333335
2008-03-19,W,945983,608639,1554622,2008,3,2,Before 2020,79,593247.0,640051.0,456610.0,536954.7142857143,519311.4666666667
2008-03-20,W,955273,600735,1556008,2008,3,3,Before 2020,80,608639.0,642018.0,595964.0,532467.2857142857,524379.1
2008-03-21,W,767583,493573,1261156,2008,3,4,Before 2020,81,600735.0,647279.0,601847.0,526569.7142857143,524538.1333333333
2008-03-22,A,589688,288852,878540,2008,3,5,Before 2020,82,493573.0,407380.0,615384.0,504611.71428571426,520929.0
2008-03-23,U,401640,192284,593924,2008,3,6,Before 2020,83,288852.0,243823.0,610589.0,487679.14285714284,510044.6
2008-03-24,W,1001268,570762,1572030,2008,3,0,Before 2020,84,192284.0,584885.0,325327.0,480316.4285714286,496101.1
2008-03-25,W,1036465,596853,1633318,2008,3,1,Before 2020,85,570762.0,593247.0,222548.0,478298.85714285716,504282.26666666666
2008-03-26,W,1050176,603440,1653616,2008,3,2,Before 2020,86,596853.0,608639.0,602866.0,478814.0,516759.1
2008-03-27,W,986130,588572,1574702,2008,3,3,Before 2020,87,603440.0,600735.0,605240.0,478071.28571428574,516778.23333333334
2008-03-28,W,1053516,604448,1657964,2008,3,4,Before 2020,88,588572.0,493573.0,617002.0,476333.71428571426,516222.63333333336
2008-03-29,A,688035,319080,1007115,2008,3,5,Before 2020,89,604448.0,288852.0,620602.0,492173.0,515804.1666666667
2008-03-30,U,442777,233663,676440,2008,3,6,Before 2020,90,319080.0,192284.0,618230.0,496491.28571428574,505753.43333333335
2008-03-31,W,1008940,622143,1631083,2008,3,0,Before 2020,91,233663.0,570762.0,322061.0,502402.5714285714,492934.5333333333
2008-04-01,W,1114418,637976,1752394,2008,4,1,Before 2020,92,622143.0,596853.0,229531.0,509742.71428571426,502937.26666666666
2008-04-02,W,1118495,661969,1780464,2008,4,2,Before 2020,93,637976.0,603440.0,556767.0,515617.4285714286,516552.1
2008-04-03,W,1112511,663802,1776313,2008,4,3,Before 2020,94,661969.0,588572.0,619343.0,523978.71428571426,520058.8333333333
2008-04-04,W,1115690,653351,1769041,2008,4,4,Before 2020,95,663802.0,604448.0,620660.0,534725.8571428572,521540.8
2008-04-05,A,765299,356215,1121514,2008,4,5,Before 2020,96,653351.0,319080.0,624362.0,541712.0,522630.5
2008-04-06,U,523895,249096,772991,2008,4,6,Before 2020,97,356215.0,233663.0,604635.0,547017.0,513692.26666666666
2008-04-07,W,1084375,638419,1722794,2008,4,0,Before 2020,98,249096.0,622143.0,294749.0,549221.7142857143,501840.9666666667
2008-04-08,W,1063269,628618,1691887,2008,4,1,Before 2020,99,638419.0,637976.0,215690.0,551546.8571428572,513296.63333333336
2008-04-09,W,1092341,646940,1739281,2008,4,2,Before 2020,100,628618.0,661969.0,606737.0,550210.0,527060.9
2008-04-10,W,994944,620427,1615371,2008,4,3,Before 2020,101,646940.0,663802.0,633917.0,548063.0,528401.0
2008-04-11,W,999556,629067,1628623,2008,4,4,Before 2020,102,620427.0,653351.0,640051.0,541866.5714285715,527951.3333333334
2008-04-12,A,664161,302616,966777,2008,4,5,Before 2020,103,629067.0,356215.0,642018.0,538397.4285714285,527585.2
2008-04-13,U,479293,216008,695301,2008,4,6,Before 2020,104,302616.0,249096.0,647279.0,530740.4285714285,516271.8
2008-04-14,W,1088485,635754,1724239,2008,4,0,Before 2020,105,216008.0,638419.0,407380.0,526013.5714285715,501896.1
2008-04-15,W,1127401,649135,1776536,2008,4,1,Before 2020,106,635754.0,628618.0,243823.0,525632.8571428572,509508.56666666665
2008-04-16,W,1064026,661463,1725489,2008,4,2,Before 2020,107,649135.0,646940.0,584885.0,528563.8571428572,523018.9666666667
2008-04-17,W,1091387,665873,1757260,2008,4,3,Before 2020,108,661463.0,620427.0,593247.0,530638.5714285715,525571.5666666667
2008-04-18,W,1097367,652105,1749472,2008,4,4,Before 2020,109,665873.0,629067.0,608639.0,537130.8571428572,527992.4333333333
2008-04-19,A,686540,340662,1027202,2008,4,5,Before 2020,110,652105.0,302616.0,600735.0,540422.0,529441.3
2008-04-20,U,519280,266945,786225,2008,4,6,Before 2020,111,340662.0,216008.0,493573.0,545857.1428571428,520772.2
2008-04-21,W,1088521,651232,1739753,2008,4,0,Before 2020,112,266945.0,635754.0,288852.0,553133.8571428572,513217.93333333335
2008-04-22,W,1085729,671423,1757152,2008,4,1,Before 2020,113,651232.0,649135.0,192284.0,555345.0,525297.2666666667
2008-04-23,W,1055157,650232,1705389,2008,4,2,Before 2020,114,671423.0,661463.0,570762.0,558529.0,541268.5666666667
2008-04-24,W,1021163,649514,1670677,2008,4,3,Before 2020,115,650232.0,665873.0,596853.0,556924.5714285715,543917.5666666667
2008-04-25,W,1054844,629468,1684312,2008,4,4,Before 2020,116,649514.0,652105.0,603440.0,554587.5714285715,545672.9333333333
2008-04-26,A,698927,319314,1018241,2008,4,5,Before 2020,117,629468.0,340662.0,588572.0,551353.7142857143,546540.5333333333
2008-04-27,U,481571,225896,707467,2008,4,6,Before 2020,118,319314.0,266945.0,604448.0,548304.0,537565.2666666667
2008-04-28,W,1009567,606882,1616449,2008,4,0,Before 2020,119,225896.0,651232.0,319080.0,542439.8571428572,524946.8666666667
2008-04-29,W,1091930,652034,1743964,2008,4,1,Before 2020,120,606882.0,671423.0,233663.0,536104.1428571428,534540.2666666667
2008-04-30,W,1104713,662503,1767216,2008,4,2,Before 2020,121,652034.0,650232.0,622143.0,533334.2857142857,548485.9666666667
2008-05-01,W,1129443,680679,1810122,2008,5,3,Before 2020,122,662503.0,649514.0,637976.0,535087.2857142857,549831.3
2008-05-02,W,1082350,641332,1723682,2008,5,4,Before 2020,123,680679.0,629468.0,661969.0,539539.4285714285,551254.7333333333
2008-05-03,A,716121,344446,1060567,2008,5,5,Before 2020,124,641332.0,319314.0,663802.0,541234.2857142857,550566.8333333334
2008-05-04,U,536640,245821,782461,2008,5,6,Before 2020,125,344446.0,225896.0,653351.0,544824.5714285715,539921.6333333333
2008-05-05,W,1111775,633266,1745041,2008,5,0,Before 2020,126,245821.0,606882.0,356215.0,547671.0,526337.3
2008-05-06,W,1122716,651484,1774200,2008,5,1,Before 2020,127,633266.0,652034.0,249096.0,551440.1428571428,535572.3333333334
2008-05-07,W,1045666,631068,1676734,2008,5,2,Before 2020,128,651484.0,662503.0,638419.0,551361.5714285715,548985.2666666667
2008-05-08,W,1112033,655364,1767397,2008,5,3,Before 2020,129,631068.0,680679.0,628618.0,546870.8571428572,548740.2333333333
2008-05-09,W,1117011,659889,1776900,2008,5,4,Before 2020,130,655364.0,641332.0,646940.0,543254.4285714285,549631.7666666667
2008-05-10,A,742741,326525,1069266,2008,5,5,Before 2020,131,659889.0,344446.0,620427.0,545905.4285714285,550063.4
2008-05-11,U,409987,193452,603439,2008,5,6,Before 2020,132,326525.0,245821.0,629067.0,543345.2857142857,540266.6666666666
2008-05-12,W,1070403,630574,1700977,2008,5,0,Before 2020,133,193452.0,633266.0,302616.0,535864.0,525746.1666666666
2008-05-13,W,1092576,652724,1745300,2008,5,1,Before 2020,134,630574.0,651484.0,216008.0,535479.4285714285,536678.1
2008-05-14,W,1083589,650904,1734493,2008,5,2,Before 2020,135,652724.0,631068.0,635754.0,535656.5714285715,551235.3
2008-05-15,W,1092014,662730,1754744,2008,5,3,Before 2020,136,650904.0,655364.0,649135.0,538490.2857142857,551740.3
2008-05-16,W,1110816,668057,1778873,2008,5,4,Before 2020,137,662730.0,659889.0,661463.0,539542.5714285715,552193.4666666667
2008-05-17,A,749048,350884,1099932,2008,5,5,Before 2020,138,668057.0,326525.0,665873.0,540709.4285714285,552413.2666666667
2008-05-18,U,518114,248679,766793,2008,5,6,Before 2020,139,350884.0,193452.0,652105.0,544189.2857142857,541913.6333333333
2008-05-19,W,1076847,614865,1691712,2008,5,0,Before 2020,140,248679.0,630574.0,340662.0,552078.8571428572,528466.1
2008-05-20,W,1085719,634661,1720380,2008,5,1,Before 2020,141,614865.0,652724.0,266945.0,549834.7142857143,537606.2
2008-05-21,W,1108988,647342,1756330,2008,5,2,Before 2020,142,634661.0,650904.0,651232.0,547254.2857142857,549863.4
2008-05-22,W,1097500,649513,1747013,2008,5,3,Before 2020,143,647342.0,662730.0,671423.0,546745.4285714285,549733.7333333333
2008-05-23,W,1074370,622769,1697139,2008,5,4,Before 2020,144,649513.0,668057.0,650232.0,544857.2857142857,549003.4
2008-05-24,A,692374,371905,1064279,2008,5,5,Before 2020,145,622769.0,350884.0,649514.0,538387.5714285715,548087.9666666667
2008-05-25,U,502997,284612,787609,2008,5,6,Before 2020,146,371905.0,248679.0,629468.0,541390.5714285715,538834.3333333334
2008-05-26,U,460848,274870,735718,2008,5,0,Before 2020,147,284612.0,614865.0,319314.0,546523.8571428572,527339.1333333333
2008-05-27,W,1026141,626634,1652775,2008,5,1,Before 2020,148,274870.0,634661.0,225896.0,497953.14285714284,525857.6666666666
2008-05-28,W,1105899,647402,1753301,2008,5,2,Before 2020,149,626634.0,647342.0,606882.0,496806.4285714286,539215.6
2008-05-29,W,1090598,653634,1744232,2008,5,3,Before 2020,150,647402.0,649513.0,652034.0,496815.0,540566.2666666667
2008-05-30,W,1079526,637842,1717368,2008,5,4,Before 2020,151,653634.0,622769.0,662503.0,497403.71428571426,540619.6
2008-05-31,A,788945,374327,1163272,2008,5,5,Before 2020,152,637842.0,371905.0,680679.0,499557.0,539797.5666666667
2008-06-01,U,566162,279274,845436,2008,6,6,Before 2020,153,374327.0,284612.0,641332.0,499903.0,529585.8333333334
2008-06-02,W,1098574,638006,1736580,2008,6,0,Before 2020,154,279274.0,274870.0,344446.0,499140.4285714286,517517.23333333334
2008-06-03,W,1073873,643040,1716913,2008,6,1,Before 2020,155,638006.0,626634.0,245821.0,551017.0,527302.5666666667
2008-06-04,W,1114498,656098,1770596,2008,6,2,Before 2020,156,643040.0,647402.0,633266.0,553360.7142857143,540543.2
2008-06-05,W,1104182,673642,1777824,2008,6,3,Before 2020,157,656098.0,653634.0,651484.0,554603.0,541304.2666666667
2008-06-06,W,1087144,661938,1749082,2008,6,4,Before 2020,158,673642.0,637842.0,631068.0,557461.2857142857,542042.8666666667
2008-06-07,A,708308,358623,1066931,2008,6,5,Before 2020,159,661938.0,374327.0,655364.0,560903.5714285715,543071.8666666667
2008-06-08,U,494209,281814,776023,2008,6,6,Before 2020,160,358623.0,279274.0,659889.0,558660.1428571428,533180.5
2008-06-09,W,1032999,630410,1663409,2008,6,0,Before 2020,161,281814.0,638006.0,326525.0,559023.0,520578.0
2008-06-10,W,1117614,685952,1803566,2008,6,1,Before 2020,162,630410.0,643040.0,193452.0,557937.8571428572,530707.5
2008-06-11,W,1100852,696784,1797636,2008,6,2,Before 2020,163,685952.0,656098.0,630574.0,564068.1428571428,547124.1666666666
2008-06-12,W,1026283,681143,1707426,2008,6,3,Before 2020,164,696784.0,673642.0,652724.0,569880.4285714285,549331.1666666666
2008-06-13,W,1084190,655268,1739458,2008,6,4,Before 2020,165,681143.0,661938.0,650904.0,570952.0,550278.4666666667
2008-06-14,A,785252,368109,1153361,2008,6,5,Before 2020,166,655268.0,358623.0,662730.0,569999.1428571428,550423.9333333333
2008-06-15,U,495972,235961,731933,2008,6,6,Before 2020,167,368109.0,281814.0,668057.0,571354.2857142857,540603.2333333333
2008-06-16,W,999214,614395,1613609,2008,6,0,Before 2020,168,235961.0,630410.0,350884.0,564803.8571428572,526200.0333333333
2008-06-17,W,1033341,643362,1676703,2008,6,1,Before 2020,169,614395.0,685952.0,248679.0,562516.0,534983.7333333333
2008-06-18,W,1043814,654284,1698098,2008,6,2,Before 2020,170,643362.0,696784.0,614865.0,556431.7142857143,548139.8333333334
2008-06-19,W,1037717,659852,1697569,2008,6,3,Before 2020,171,654284.0,681143.0,634661.0,550360.2857142857,549453.8
2008-06-20,W,996558,662324,1658882,2008,6,4,Before 2020,172,659852.0,655268.0,647342.0,547318.7142857143,550293.5
2008-06-21,A,741561,399150,1140711,2008,6,5,Before 2020,173,662324.0,368109.0,649513.0,548326.7142857143,550792.9
2008-06-22,U,531761,282226,813987,2008,6,6,Before 2020,174,399150.0,235961.0,622769.0,552761.1428571428,542447.4666666667
2008-06-23,W,1019631,625987,1645618,2008,6,0,Before 2020,175,282226.0,614395.0,371905.0,559370.4285714285,531096.0333333333
2008-06-24,W,1046337,666522,1712859,2008,6,1,Before 2020,176,625987.0,643362.0,284612.0,561026.4285714285,539565.4333333333
2008-06-25,W,1005969,662936,1668905,2008,6,2,Before 2020,177,666522.0,654284.0,274870.0,564335.0,552295.7666666667
2008-06-26,W,1052301,685526,1737827,2008,6,3,Before 2020,178,662936.0,659852.0,626634.0,565571.0,565231.3
2008-06-27,W,1019687,693555,1713242,2008,6,4,Before 2020,179,685526.0,662324.0,647402.0,569238.7142857143,567194.3666666667
2008-06-28,A,730245,483016,1213261,2008,6,5,Before 2020,180,693555.0,399150.0,653634.0,573700.2857142857,568732.8
2008-06-29,U,505046,412562,917608,2008,6,6,Before 2020,181,483016.0,282226.0,637842.0,585681.1428571428,563045.5333333333
2008-06-30,W,1037295,679631,1716926,2008,6,0,Before 2020,182,412562.0,625987.0,374327.0,604300.5714285715,555536.2
2008-07-01,W,1098281,694175,1792456,2008,7,1,Before 2020,183,679631.0,666522.0,279274.0,611964.0,565713.0
2008-07-02,W,1043654,675750,1719404,2008,7,2,Before 2020,184,694175.0,662936.0,638006.0,615914.4285714285,579543.0333333333
2008-07-03,W,1143777,905742,2049519,2008,7,3,Before 2020,185,675750.0,685526.0,643040.0,617745.0,580801.1666666666
2008-07-04,U,606974,421170,1028144,2008,7,4,Before 2020,186,905742.0,693555.0,656098.0,649204.4285714285,589557.9
2008-07-05,A,675949,409554,1085503,2008,7,5,Before 2020,187,421170.0,483016.0,673642.0,610292.2857142857,581726.9666666667
2008-07-06,U,520542,324341,844883,2008,7,6,Before 2020,188,409554.0,412562.0,661938.0,599797.7142857143,572924.0333333333
2008-07-07,W,990782,608485,1599267,2008,7,0,Before 2020,189,324341.0,679631.0,358623.0,587194.7142857143,561670.8
2008-07-08,W,1052665,666338,1719003,2008,7,1,Before 2020,190,608485.0,694175.0,281814.0,577031.0,569999.5333333333
2008-07-09,W,1093064,686636,1779700,2008,7,2,Before 2020,191,666338.0,675750.0,630410.0,573054.2857142857,582817.0
2008-07-10,W,1029219,674645,1703864,2008,7,3,Before 2020,192,686636.0,905742.0,685952.0,574609.4285714285,584691.2
2008-07-11,W,1059114,682404,1741518,2008,7,4,Before 2020,193,674645.0,421170.0,696784.0,541595.5714285715,584314.3
2008-07-12,A,718369,361910,1080279,2008,7,5,Before 2020,194,682404.0,409554.0,681143.0,578914.7142857143,583834.9666666667
2008-07-13,U,553236,291565,844801,2008,7,6,Before 2020,195,361910.0,324341.0,655268.0,572108.4285714285,573193.8666666667
2008-07-14,W,1058694,637119,1695813,2008,7,0,Before 2020,196,291565.0,608485.0,368109.0,567426.1428571428,561070.4333333333
2008-07-15,W,1088616,655456,1744072,2008,7,1,Before 2020,197,637119.0,666338.0,235961.0,571516.7142857143,570037.4333333333
2008-07-16,W,1063054,651228,1714282,2008,7,2,Before 2020,198,655456.0,686636.0,614395.0,569962.1428571428,584020.6
2008-07-17,W,1070349,656485,1726834,2008,7,3,Before 2020,199,651228.0,674645.0,643362.0,564903.8571428572,585248.3666666667
2008-07-18,W,1050847,664271,1715118,2008,7,4,Before 2020,200,656485.0,682404.0,654284.0,562309.5714285715,585685.8
2008-07-19,A,675968,342834,1018802,2008,7,5,Before 2020,201,664271.0,361910.0,659852.0,559719.1428571428,586018.7
2008-07-20,U,546570,284611,831181,2008,7,6,Before 2020,202,342834.0,291565.0,662324.0,556994.0,575451.4333333333
2008-07-21,W,1024212,635587,1659799,2008,7,0,Before 2020,203,284611.0,637119.0,399150.0,556000.5714285715,562861.0
2008-07-22,W,1077279,666303,1743582,2008,7,1,Before 2020,204,635587.0,655456.0,282226.0,555781.7142857143,570742.2333333333
2008-07-23,W,1082583,672801,1755384,2008,7,2,Before 2020,205,666303.0,651228.0,625987.0,557331.2857142857,583544.8
2008-07-24,W,1062708,695993,1758701,2008,7,3,Before 2020,206,672801.0,656485.0,666522.0,560413.1428571428,585105.2666666667
2008-07-25,W,1032058,683549,1715607,2008,7,4,Before 2020,207,695993.0,664271.0,662936.0,566057.1428571428,586087.6333333333
2008-07-26,A,733901,446775,1180676,2008,7,5,Before 2020,208,683549.0,342834.0,685526.0,568811.1428571428,586774.7333333333
2008-07-27,U,520244,291389,811633,2008,7,6,Before 2020,209,446775.0,284611.0,693555.0,583659.8571428572,578816.3666666667
2008-07-28,W,996509,622637,1619146,2008,7,0,Before 2020,210,291389.0,635587.0,483016.0,584628.1428571428,565410.8333333334
2008-07-29,W,1014276,654547,1668823,2008,7,1,Before 2020,211,622637.0,666303.0,412562.0,582778.1428571428,570064.8666666667
2008-07-30,W,1009837,641527,1651364,2008,7,2,Before 2020,212,654547.0,672801.0,679631.0,581098.7142857143,578131.0333333333
2008-07-31,W,976117,652936,1629053,2008,7,3,Before 2020,213,641527.0,695993.0,694175.0,576631.0,576860.9
2008-08-01,W,1081564,766911,1848475,2008,8,4,Before 2020,214,652936.0,683549.0,675750.0,570480.0,575486.2666666667
2008-08-02,A,764749,502705,1267454,2008,8,5,Before 2020,215,766911.0,446775.0,905742.0,582388.8571428572,578524.9666666667
2008-08-03,U,549191,403165,952356,2008,8,6,Before 2020,216,502705.0,291389.0,421170.0,590378.8571428572,565090.4
2008-08-04,W,929003,636533,1565536,2008,8,0,Before 2020,217,403165.0,622637.0,409554.0,606346.8571428572,564490.2333333333
2008-08-05,W,997379,673384,1670763,2008,8,1,Before 2020,218,636533.0,654547.0,324341.0,608332.0,572056.2
2008-08-06,W,1020516,684080,1704596,2008,8,2,Before 2020,219,673384.0,641527.0,608485.0,611023.0,583690.9666666667
2008-08-07,W,1024746,683487,1708233,2008,8,3,Before 2020,220,684080.0,652936.0,666338.0,617102.0,586210.8
2008-08-08,W,1041165,713105,1754270,2008,8,4,Before 2020,221,683487.0,766911.0,686636.0,621466.4285714285,586782.4333333333
2008-08-09,A,770627,431699,1202326,2008,8,5,Before 2020,222,713105.0,502705.0,674645.0,613779.8571428572,587664.7333333333
2008-08-10,U,542860,314698,857558,2008,8,6,Before 2020,223,431699.0,403165.0,682404.0,603636.1428571428,579566.5333333333
2008-08-11,W,969826,623874,1593700,2008,8,0,Before 2020,224,314698.0,636533.0,361910.0,590998.0,567309.6666666666
2008-08-12,W,989226,632942,1622168,2008,8,1,Before 2020,225,623874.0,673384.0,291565.0,589189.5714285715,576041.8
2008-08-13,W,973719,627548,1601267,2008,8,2,Before 2020,226,632942.0,684080.0,637119.0,583412.1428571428,587421.0333333333
2008-08-14,W,993155,638565,1631720,2008,8,3,Before 2020,227,627548.0,683487.0,655456.0,575336.1428571428,587102.0
2008-08-15,W,1038006,651338,1689344,2008,8,4,Before 2020,228,638565.0,713105.0,651228.0,568918.7142857143,586538.9666666667
2008-08-16,A,748347,414784,1163131,2008,8,5,Before 2020,229,651338.0,431699.0,656485.0,560094.8571428572,586542.6333333333
2008-08-17,U,539476,317781,857257,2008,8,6,Before 2020,230,414784.0,314698.0,664271.0,557678.4285714285,578485.9333333333
2008-08-18,W,974311,621522,1595833,2008,8,0,Before 2020,231,317781.0,623874.0,342834.0,558118.8571428572,566936.2666666667
2008-08-19,W,1012560,662493,1675053,2008,8,1,Before 2020,232,621522.0,632942.0,284611.0,557782.8571428572,576225.8666666667
2008-08-20,W,1019019,671769,1690788,2008,8,2,Before 2020,233,662493.0,627548.0,635587.0,562004.4285714285,588821.9333333333
2008-08-21,W,1006682,679508,1686190,2008,8,3,Before 2020,234,671769.0,638565.0,666303.0,568321.7142857143,590028.0
2008-08-22,W,1009399,677130,1686529,2008,8,4,Before 2020,235,679508.0,651338.0,672801.0,574170.7142857143,590468.1666666666
2008-08-23,A,750128,387758,1137886,2008,8,5,Before 2020,236,677130.0,414784.0,695993.0,577855.2857142857,590612.4666666667
2008-08-24,U,547427,295072,842499,2008,8,6,Before 2020,237,387758.0,317781.0,683549.0,573994.4285714285,580337.9666666667
2008-08-25,W,1012339,631974,1644313,2008,8,0,Before 2020,238,295072.0,621522.0,446775.0,570750.2857142857,567388.7333333333
2008-08-26,W,1051063,653148,1704211,2008,8,1,Before 2020,239,631974.0,662493.0,291389.0,572243.4285714285,573562.0333333333
2008-08-27,W,1040926,650396,1691322,2008,8,2,Before 2020,240,653148.0,671769.0,622637.0,570908.4285714285,585620.6666666666
2008-08-28,W,1022254,678635,1700889,2008,8,3,Before 2020,241,650396.0,679508.0,654547.0,567855.1428571428,586545.9666666667
2008-08-29,W,1080840,681463,1762303,2008,8,4,Before 2020,242,678635.0,677130.0,641527.0,567730.4285714285,587348.9
2008-08-30,A,766930,395205,1162135,2008,8,5,Before 2020,243,681463.0,387758.0,652936.0,568349.4285714285,588680.1
2008-08-31,U,557427,325462,882889,2008,8,6,Before 2020,244,395205.0,295072.0,766911.0,569413.2857142857,580089.0666666667
2008-09-01,U,500748,293458,794206,2008,9,0,Before 2020,245,325462.0,631974.0,502705.0,573754.7142857143,565374.1
2008-09-02,W,1131494,681719,1813213,2008,9,1,Before 2020,246,293458.0,653148.0,403165.0,525395.2857142857,558399.2
2008-09-03,W,1166955,710304,1877259,2008,9,2,Before 2020,247,681719.0,650396.0,636533.0,529476.8571428572,567684.3333333334
2008-09-04,W,1025296,653827,1679123,2008,9,3,Before 2020,248,710304.0,678635.0,673384.0,538035.1428571428,570143.3666666667
2008-09-05,W,1171756,698545,1870301,2008,9,4,Before 2020,249,653827.0,681463.0,684080.0,534491.1428571428,569491.4666666667
2008-09-06,A,778425,416356,1194781,2008,9,5,Before 2020,250,698545.0,395205.0,683487.0,536931.4285714285,569973.6333333333
2008-09-07,U,529779,273883,803662,2008,9,6,Before 2020,251,416356.0,325462.0,713105.0,539953.0,561069.2666666667
2008-09-08,W,1058699,651127,1709826,2008,9,0,Before 2020,252,273883.0,293458.0,431699.0,532584.5714285715,546428.5333333333
2008-09-09,W,1176865,712792,1889657,2008,9,1,Before 2020,253,651127.0,681719.0,314698.0,583680.1428571428,553742.8
2008-09-10,W,1167063,719905,1886968,2008,9,2,Before 2020,254,712792.0,710304.0,623874.0,588119.1428571428,567012.6
2008-09-11,W,1156490,719806,1876296,2008,9,3,Before 2020,255,719905.0,653827.0,632942.0,589490.7142857143,570213.6333333333
2008-09-12,W,1120112,700943,1821055,2008,9,4,Before 2020,256,719806.0,698545.0,627548.0,598916.2857142857,573109.1
2008-09-13,A,597639,317145,914784,2008,9,5,Before 2020,257,700943.0,416356.0,638565.0,599258.8571428572,575555.6
2008-09-14,U,399483,231026,630509,2008,9,6,Before 2020,258,317145.0,273883.0,651338.0,585085.8571428572,564841.6
2008-09-15,W,1140716,692029,1832745,2008,9,0,Before 2020,259,231026.0,651127.0,414784.0,578963.4285714285,550831.2
2008-09-16,W,1168626,731344,1899970,2008,9,1,Before 2020,260,692029.0,712792.0,317781.0,584806.5714285715,560072.7
2008-09-17,W,1172871,740575,1913446,2008,9,2,Before 2020,261,731344.0,719905.0,621522.0,587456.8571428572,573858.1333333333
2008-09-18,W,1169932,739141,1909073,2008,9,3,Before 2020,262,740575.0,719806.0,662493.0,590409.7142857143,577826.5666666667
2008-09-19,W,1174967,743560,1918527,2008,9,4,Before 2020,263,739141.0,700943.0,671769.0,593171.8571428572,580381.5
2008-09-20,A,791707,447679,1239386,2008,9,5,Before 2020,264,743560.0,317145.0,679508.0,599260.0,582774.5333333333
2008-09-21,U,551489,317922,869411,2008,9,6,Before 2020,265,447679.0,231026.0,677130.0,617907.7142857143,575046.9
2008-09-22,W,1140486,690356,1830842,2008,9,0,Before 2020,266,317922.0,692029.0,387758.0,630321.4285714285,563073.3
2008-09-23,W,1163232,707370,1870602,2008,9,1,Before 2020,267,690356.0,731344.0,295072.0,630082.4285714285,573159.9
2008-09-24,W,1148720,713572,1862292,2008,9,2,Before 2020,268,707370.0,740575.0,631974.0,626657.5714285715,586903.1666666666
2008-09-25,W,1162318,720003,1882321,2008,9,3,Before 2020,269,713572.0,739141.0,653148.0,622800.0,589623.1
2008-09-26,W,1090515,708141,1798656,2008,9,4,Before 2020,270,720003.0,743560.0,650396.0,620066.0,591851.6
2008-09-27,A,753562,409500,1163062,2008,9,5,Before 2020,271,708141.0,447679.0,678635.0,615006.1428571428,593776.4333333333
2008-09-28,U,508469,280560,789029,2008,9,6,Before 2020,272,409500.0,317922.0,681463.0,609552.0,584805.2666666667
2008-09-29,W,1074139,671489,1745628,2008,9,0,Before 2020,273,280560.0,690356.0,395205.0,604214.5714285715,571441.8333333334
2008-09-30,W,1137377,706085,1843462,2008,9,1,Before 2020,274,671489.0,707370.0,325462.0,601519.2857142857,580651.3
2008-10-01,W,1197836,724444,1922280,2008,10,2,Before 2020,275,706085.0,713572.0,293458.0,601335.7142857143,593338.7333333333
2008-10-02,W,1180204,731452,1911656,2008,10,3,Before 2020,276,724444.0,720003.0,681719.0,602888.8571428572,607704.9333333333
2008-10-03,W,1211992,706967,1918959,2008,10,4,Before 2020,277,731452.0,708141.0,710304.0,604524.4285714285,609362.7
2008-10-04,A,778642,387182,1165824,2008,10,5,Before 2020,278,706967.0,409500.0,653827.0,604356.7142857143,609251.4666666667
2008-10-05,U,512429,271121,783550,2008,10,6,Before 2020,279,387182.0,280560.0,698545.0,601168.4285714285,600363.3
2008-10-06,W,1166019,698883,1864902,2008,10,0,Before 2020,280,271121.0,671489.0,416356.0,599820.0,586115.8333333334
2008-10-07,W,1133103,689214,1822317,2008,10,1,Before 2020,281,698883.0,706085.0,273883.0,603733.4285714285,595533.4
2008-10-08,W,1141745,693515,1835260,2008,10,2,Before 2020,282,689214.0,724444.0,651127.0,601323.2857142857,609377.7666666667
2008-10-09,W,1161478,703190,1864668,2008,10,3,Before 2020,283,693515.0,731452.0,712792.0,596904.8571428572,610790.7
2008-10-10,W,1169810,716085,1885895,2008,10,4,Before 2020,284,703190.0,706967.0,719905.0,592867.4285714285,610470.6333333333
2008-10-11,A,750797,444185,1194982,2008,10,5,Before 2020,285,716085.0,387182.0,719806.0,594170.0,610343.3
2008-10-12,U,495211,436316,931527,2008,10,6,Before 2020,286,444185.0,271121.0,700943.0,602313.2857142857,601155.9333333333
2008-10-13,W,909500,599831,1509331,2008,10,0,Before 2020,287,436316.0,698883.0,317145.0,625912.5714285715,592335.0333333333
2008-10-14,W,1165787,704419,1870206,2008,10,1,Before 2020,288,599831.0,689214.0,231026.0,611762.2857142857,601757.9
2008-10-15,W,1115651,694445,1810096,2008,10,2,Before 2020,289,704419.0,693515.0,692029.0,613934.4285714285,617537.6666666666
2008-10-16,W,1166556,715760,1882316,2008,10,3,Before 2020,290,694445.0,703190.0,731344.0,614067.2857142857,617618.2
2008-10-17,W,1162723,709679,1872402,2008,10,4,Before 2020,291,715760.0,716085.0,740575.0,615863.0,617098.7333333333
2008-10-18,A,766941,425998,1192939,2008,10,5,Before 2020,292,709679.0,444185.0,739141.0,614947.8571428572,616068.8666666667
2008-10-19,U,537382,296713,834095,2008,10,6,Before 2020,293,425998.0,436316.0,743560.0,612349.7142857143,605630.7666666667
2008-10-20,W,1092061,674708,1766769,2008,10,0,Before 2020,294,296713.0,599831.0,447679.0,592406.4285714285,590735.8666666667
2008-10-21,W,1158146,701303,1859449,2008,10,1,Before 2020,295,674708.0,704419.0,317922.0,603103.1428571428,598303.5
2008-10-22,W,1149832,699333,1849165,2008,10,2,Before 2020,296,701303.0,694445.0,690356.0,602658.0,611082.8666666667
2008-10-23,W,1144729,703527,1848256,2008,10,3,Before 2020,297,699333.0,715760.0,707370.0,603356.2857142857,611382.1
2008-10-24,W,1036465,675065,1711530,2008,10,4,Before 2020,298,703527.0,709679.0,713572.0,601608.7142857143,611254.0
2008-10-25,A,718718,391521,1110239,2008,10,5,Before 2020,299,675065.0,425998.0,720003.0,596663.8571428572,609970.4333333333
2008-10-26,U,492388,269253,761641,2008,10,6,Before 2020,300,391521.0,296713.0,708141.0,591738.5714285715,599021.0333333333
2008-10-27,W,1085873,677343,1763216,2008,10,0,Before 2020,301,269253.0,674708.0,409500.0,587815.7142857143,584391.4333333333
2008-10-28,W,1129560,690269,1819829,2008,10,1,Before 2020,302,677343.0,701303.0,280560.0,588192.1428571428,593319.5333333333
2008-10-29,W,1123289,696994,1820283,2008,10,2,Before 2020,303,690269.0,699333.0,671489.0,586615.8571428572,606976.5
2008-10-30,W,1142793,709395,1852188,2008,10,3,Before 2020,304,696994.0,703527.0,706085.0,586281.7142857143,607826.6666666666
2008-10-31,W,1135299,709363,1844662,2008,10,4,Before 2020,305,709395.0,675065.0,724444.0,587120.0,607937.0
2008-11-01,A,734026,385865,1119891,2008,11,5,Before 2020,306,709363.0,391521.0,731452.0,592019.7142857143,607434.3
2008-11-02,U,525585,278142,803727,2008,11,6,Before 2020,307,385865.0,269253.0,706967.0,591211.7142857143,595914.7333333333
2008-11-03,W,1178414,690751,1869165,2008,11,0,Before 2020,308,278142.0,677343.0,387182.0,592481.5714285715,581620.5666666667
2008-11-04,W,1152333,786405,1938738,2008,11,1,Before 2020,309,690751.0,690269.0,271121.0,594397.0,591739.5333333333
2008-11-05,W,1156522,715659,1872181,2008,11,2,Before 2020,310,786405.0,696994.0,698883.0,608130.7142857143,608915.6666666666
2008-11-06,W,1101916,691666,1793582,2008,11,3,Before 2020,311,715659.0,709395.0,689214.0,610797.1428571428,609474.8666666667
2008-11-07,W,1040709,678770,1719479,2008,11,4,Before 2020,312,691666.0,709363.0,693515.0,608264.4285714285,609556.6
2008-11-08,A,675404,398288,1073692,2008,11,5,Before 2020,313,678770.0,385865.0,703190.0,603894.0,609065.1
2008-11-09,U,475132,267029,742161,2008,11,6,Before 2020,314,398288.0,278142.0,716085.0,605668.7142857143,598901.7
2008-11-10,W,1000224,656658,1656882,2008,11,0,Before 2020,315,267029.0,690751.0,444185.0,604081.1428571428,583933.1666666666
2008-11-11,W,891353,599602,1490955,2008,11,1,Before 2020,316,656658.0,786405.0,436316.0,599210.7142857143,591015.6
2008-11-12,W,1081236,679826,1761062,2008,11,2,Before 2020,317,599602.0,715659.0,599831.0,572524.5714285715,596458.4666666667
2008-11-13,W,1074912,684049,1758961,2008,11,3,Before 2020,318,679826.0,691666.0,704419.0,567405.5714285715,599124.9666666667
2008-11-14,W,1133869,683123,1816992,2008,11,4,Before 2020,319,684049.0,678770.0,694445.0,566317.4285714285,598445.9666666667
2008-11-15,A,688151,374896,1063047,2008,11,5,Before 2020,320,683123.0,398288.0,715760.0,566939.2857142857,598068.5666666667
2008-11-16,U,459244,245130,704374,2008,11,6,Before 2020,321,374896.0,267029.0,709679.0,563597.5714285715,586706.4333333333
2008-11-17,W,1080548,652199,1732747,2008,11,0,Before 2020,322,245130.0,656658.0,425998.0,560469.1428571428,571221.4666666667
2008-11-18,W,1093821,666335,1760156,2008,11,1,Before 2020,323,652199.0,599602.0,296713.0,559832.1428571428,578761.5
2008-11-19,W,1114917,670515,1785432,2008,11,2,Before 2020,324,666335.0,679826.0,674708.0,569365.4285714285,591082.2333333333
2008-11-20,W,1085367,670667,1756034,2008,11,3,Before 2020,325,670515.0,684049.0,701303.0,568035.2857142857,590942.4666666667
2008-11-21,W,1087614,657879,1745493,2008,11,4,Before 2020,326,670667.0,683123.0,699333.0,566123.5714285715,589921.2666666667
2008-11-22,A,697641,417656,1115297,2008,11,5,Before 2020,327,657879.0,374896.0,703527.0,562517.2857142857,588539.4666666667
2008-11-23,U,477070,243556,720626,2008,11,6,Before 2020,328,417656.0,245130.0,675065.0,568625.8571428572,579010.4333333333
2008-11-24,W,1060943,638066,1699009,2008,11,0,Before 2020,329,243556.0,652199.0,391521.0,568401.0,564626.8
2008-11-25,W,1088066,653433,1741499,2008,11,1,Before 2020,330,638066.0,666335.0,269253.0,566382.0,572844.9666666667
2008-11-26,W,1032378,599978,1632356,2008,11,2,Before 2020,331,653433.0,670515.0,677343.0,564538.8571428572,585650.9666666667
2008-11-27,U,350071,189458,539529,2008,11,3,Before 2020,332,599978.0,670667.0,690269.0,554462.1428571428,583072.1333333333
2008-11-28,W,668376,363454,1031830,2008,11,4,Before 2020,333,189458.0,657879.0,696994.0,485718.0,566378.4333333333
2008-11-29,A,595913,320575,916488,2008,11,5,Before 2020,334,363454.0,417656.0,709395.0,443657.28571428574,555260.4333333333
2008-11-30,U,384770,217697,602467,2008,11,6,Before 2020,335,320575.0,243556.0,709363.0,429788.5714285714,542299.7666666667
2008-12-01,W,1060059,635852,1695911,2008,12,0,Before 2020,336,217697.0,638066.0,385865.0,426094.4285714286,525910.9
2008-12-02,W,1095425,652324,1747749,2008,12,1,Before 2020,337,635852.0,653433.0,278142.0,425778.14285714284,534243.8
2008-12-03,W,1115007,658630,1773637,2008,12,2,Before 2020,338,652324.0,599978.0,690751.0,425619.71428571426,546716.5333333333
2008-12-04,W,1063682,651130,1714812,2008,12,3,Before 2020,339,658630.0,189458.0,786405.0,433998.5714285714,545645.8333333334
2008-12-05,W,1028359,628044,1656403,2008,12,4,Before 2020,340,651130.0,363454.0,715659.0,499951.71428571426,541136.6666666666
2008-12-06,A,596202,347667,943869,2008,12,5,Before 2020,341,628044.0,320575.0,691666.0,537750.2857142857,538216.1666666666
2008-12-07,U,406475,241719,648194,2008,12,6,Before 2020,342,347667.0,217697.0,678770.0,541620.5714285715,526749.5333333333
2008-12-08,W,1039370,618281,1657651,2008,12,0,Before 2020,343,241719.0,635852.0,398288.0,545052.2857142857,512181.1666666667
2008-12-09,W,1000971,619711,1620682,2008,12,1,Before 2020,344,618281.0,652324.0,267029.0,542542.1428571428,519514.26666666666
2008-12-10,W,1041145,640709,1681854,2008,12,2,Before 2020,345,619711.0,658630.0,656658.0,537883.1428571428,531270.3333333334
2008-12-11,W,1059298,653239,1712537,2008,12,3,Before 2020,346,640709.0,651130.0,599602.0,535323.0,530738.7
2008-12-12,W,1016010,626638,1642648,2008,12,4,Before 2020,347,653239.0,628044.0,679826.0,535624.2857142857,532526.6
2008-12-13,A,625939,350799,976738,2008,12,5,Before 2020,348,626638.0,347667.0,684049.0,535423.4285714285,530753.6666666666
2008-12-14,U,440496,247568,688064,2008,12,6,Before 2020,349,350799.0,241719.0,683123.0,535870.8571428572,519645.3333333333
2008-12-15,W,899917,564467,1464384,2008,12,0,Before 2020,350,247568.0,618281.0,374896.0,536706.4285714285,505126.8333333333
2008-12-16,W,906945,632719,1539664,2008,12,1,Before 2020,351,564467.0,619711.0,245130.0,529018.7142857143,511445.86666666664
2008-12-17,W,982687,615707,1598394,2008,12,2,Before 2020,352,632719.0,640709.0,652199.0,530877.0,524365.5
2008-12-18,W,995662,618571,1614233,2008,12,3,Before 2020,353,615707.0,653239.0,666335.0,527305.2857142857,523149.1
2008-12-19,W,894131,596207,1490338,2008,12,4,Before 2020,354,618571.0,626638.0,670515.0,522352.71428571426,521556.9666666667
2008-12-20,A,589697,335672,925369,2008,12,5,Before 2020,355,596207.0,350799.0,670667.0,518005.4285714286,519080.0333333333
2008-12-21,U,280044,172052,452096,2008,12,6,Before 2020,356,335672.0,247568.0,657879.0,515844.4285714286,507913.5333333333
2008-12-22,W,703302,474711,1178013,2008,12,0,Before 2020,357,172052.0,564467.0,417656.0,505056.4285714286,491719.3
2008-12-23,W,742980,501283,1244263,2008,12,1,Before 2020,358,474711.0,632719.0,243556.0,492234.14285714284,493621.13333333336
2008-12-24,W,626374,339616,965990,2008,12,2,Before 2020,359,501283.0,615707.0,638066.0,473457.5714285714,502212.0333333333
2008-12-25,U,238727,113322,352049,2008,12,3,Before 2020,360,339616.0,618571.0,653433.0,434016.0,492263.7
2008-12-26,W,564107,321342,885449,2008,12,4,Before 2020,361,113322.0,596207.0,599978.0,361837.5714285714,474260.0
2008-12-27,A,510369,254291,764660,2008,12,5,Before 2020,362,321342.0,335672.0,189458.0,322571.14285714284,464972.13333333336
2008-12-28,U,397897,219334,617231,2008,12,6,Before 2020,363,254291.0,172052.0,363454.0,310945.28571428574,467133.23333333334
2008-12-29,W,813142,503359,1316501,2008,12,0,Before 2020,364,219334.0,474711.0,320575.0,317699.85714285716,462329.23333333334
2008-12-30,W,820666,523516,1344182,2008,12,1,Before 2020,365,503359.0,501283.0,217697.0,321792.4285714286,468422.0333333333
2008-12-31,W,743027,480797,1223824,2008,12,2,Before 2020,366,523516.0,339616.0,635852.0,324968.5714285714,478616.0
2009-01-01,U,338779,238590,577369,2009,1,3,Before 2020,1,480797.0,113322.0,652324.0,345137.28571428574,473447.5
2009-01-02,W,765802,443439,1209241,2009,1,4,Before 2020,2,238590.0,321342.0,658630.0,363032.71428571426,459656.36666666664
2009-01-03,A,580506,293634,874140,2009,1,5,Before 2020,3,443439.0,254291.0,651130.0,380475.14285714284,452483.3333333333
2009-01-04,U,402180,213098,615278,2009,1,6,Before 2020,4,293634.0,219334.0,628044.0,386095.5714285714,440566.8
2009-01-05,W,1012207,591455,1603662,2009,1,0,Before 2020,5,213098.0,503359.0,347667.0,385204.71428571426,426735.26666666666
2009-01-06,W,1006184,600314,1606498,2009,1,1,Before 2020,6,591455.0,523516.0,241719.0,397789.85714285716,434861.5333333333
2009-01-07,W,991858,606481,1598339,2009,1,2,Before 2020,7,600314.0,480797.0,618281.0,408761.0,446814.7
2009-01-08,W,1000931,606524,1607455,2009,1,3,Before 2020,8,606481.0,238590.0,619711.0,426715.85714285716,446421.36666666664
2009-01-09,W,985250,625043,1610293,2009,1,4,Before 2020,9,606524.0,443439.0,640709.0,479277.85714285716,445981.8
2009-01-10,A,521906,304657,826563,2009,1,5,Before 2020,10,625043.0,293634.0,653239.0,505221.28571428574,445459.6
2009-01-11,U,390151,219600,609751,2009,1,6,Before 2020,11,304657.0,213098.0,626638.0,506796.0,433840.2
2009-01-12,W,1009651,629944,1639595,2009,1,0,Before 2020,12,219600.0,591455.0,350799.0,507724.85714285716,420272.26666666666
2009-01-13,W,952091,615363,1567454,2009,1,1,Before 2020,13,629944.0,600314.0,247568.0,513223.28571428574,429577.1
2009-01-14,W,905548,620646,1526194,2009,1,2,Before 2020,14,615363.0,606481.0,564467.0,515373.14285714284,441836.93333333335
2009-01-15,W,755677,532219,1287896,2009,1,3,Before 2020,15,620646.0,606524.0,632719.0,517396.71428571426,443709.56666666665
2009-01-16,W,822136,542180,1364316,2009,1,4,Before 2020,16,532219.0,625043.0,615707.0,506781.71428571426,440359.56666666665
2009-01-17,A,553273,302764,856037,2009,1,5,Before 2020,17,542180.0,304657.0,618571.0,494944.14285714284,437908.6666666667
2009-01-18,U,397317,224910,622227,2009,1,6,Before 2020,18,302764.0,219600.0,596207.0,494673.71428571426,427381.76666666666
2009-01-19,W,665251,409551,1074802,2009,1,0,Before 2020,19,224910.0,629944.0,335672.0,495432.28571428574,415005.2
2009-01-20,W,1018227,624553,1642780,2009,1,1,Before 2020,20,409551.0,615363.0,172052.0,463947.5714285714,417467.8333333333
2009-01-21,W,1068170,647903,1716073,2009,1,2,Before 2020,21,624553.0,620646.0,474711.0,465260.4285714286,432551.2
2009-01-22,W,1082611,657786,1740397,2009,1,3,Before 2020,22,647903.0,532219.0,501283.0,469154.28571428574,438324.26666666666
2009-01-23,W,979795,622633,1602428,2009,1,4,Before 2020,23,657786.0,542180.0,339616.0,487092.4285714286,443541.0333333333
2009-01-24,A,561515,316086,877601,2009,1,5,Before 2020,24,622633.0,302764.0,113322.0,498585.71428571426,452974.93333333335
2009-01-25,U,376302,215452,591754,2009,1,6,Before 2020,25,316086.0,224910.0,321342.0,500488.85714285716,459733.73333333334
2009-01-26,W,1024953,633365,1658318,2009,1,0,Before 2020,26,215452.0,409551.0,254291.0,499137.71428571426,456204.06666666665
2009-01-27,W,1050873,646578,1697451,2009,1,1,Before 2020,27,633365.0,624553.0,219334.0,531111.1428571428,468839.86666666664
2009-01-28,W,1044085,653089,1697174,2009,1,2,Before 2020,28,646578.0,647903.0,503359.0,534257.5714285715,483081.3333333333
2009-01-29,W,1040926,648114,1689040,2009,1,3,Before 2020,29,653089.0,657786.0,523516.0,534998.4285714285,488072.3333333333
2009-01-30,W,1059741,627734,1687475,2009,1,4,Before 2020,30,648114.0,622633.0,480797.0,533616.7142857143,492225.6
2009-01-31,A,667780,340757,1008537,2009,1,5,Before 2020,31,627734.0,316086.0,238590.0,534345.4285714285,497123.5
2009-02-01,U,459271,242773,702044,2009,2,6,Before 2020,32,340757.0,215452.0,443439.0,537869.8571428572,500529.06666666665
2009-02-02,W,1062276,628819,1691095,2009,2,0,Before 2020,33,242773.0,633365.0,293634.0,541772.8571428572,493840.2
2009-02-03,W,1058730,636578,1695308,2009,2,1,Before 2020,34,628819.0,646578.0,213098.0,541123.4285714285,505013.0333333333
2009-02-04,W,1026435,631042,1657477,2009,2,2,Before 2020,35,636578.0,653089.0,591455.0,539694.8571428572,519129.0333333333
2009-02-05,W,1064605,643718,1708323,2009,2,3,Before 2020,36,631042.0,648114.0,600314.0,536545.2857142857,520448.6
2009-02-06,W,1090042,639394,1729436,2009,2,4,Before 2020,37,643718.0,627734.0,606481.0,535917.2857142857,521895.4
2009-02-07,A,722336,387825,1110161,2009,2,5,Before 2020,38,639394.0,340757.0,606524.0,537583.0,522992.5
2009-02-08,U,469249,245082,714331,2009,2,6,Before 2020,39,387825.0,242773.0,625043.0,544307.0,515702.5333333333
2009-02-09,W,1061620,634229,1695849,2009,2,0,Before 2020,40,245082.0,628819.0,304657.0,544636.8571428572,503037.1666666667
2009-02-10,W,1121451,666014,1787465,2009,2,1,Before 2020,41,634229.0,636578.0,219600.0,545409.7142857143,514022.9
2009-02-11,W,1001838,637558,1639396,2009,2,2,Before 2020,42,666014.0,631042.0,629944.0,549614.8571428572,528903.3666666667
2009-02-12,W,943891,620278,1564169,2009,2,3,Before 2020,43,637558.0,643718.0,615363.0,550545.7142857143,529157.1666666666
2009-02-13,W,1008863,643066,1651929,2009,2,4,Before 2020,44,620278.0,639394.0,620646.0,547197.1428571428,529321.0
2009-02-14,A,711324,388028,1099352,2009,2,5,Before 2020,45,643066.0,387825.0,532219.0,547721.7142857143,530068.3333333334
2009-02-15,U,466104,262442,728546,2009,2,6,Before 2020,46,388028.0,245082.0,542180.0,547750.7142857143,525261.9666666667
2009-02-16,W,765356,486133,1251489,2009,2,0,Before 2020,47,262442.0,634229.0,302764.0,550230.7142857143,515937.36666666664
2009-02-17,W,1087248,654156,1741404,2009,2,1,Before 2020,48,486133.0,666014.0,224910.0,529074.1428571428,522049.6666666667
2009-02-18,W,1030930,637389,1668319,2009,2,2,Before 2020,49,654156.0,637558.0,409551.0,527380.1428571428,536357.8666666667
2009-02-19,W,1004978,639414,1644392,2009,2,3,Before 2020,50,637389.0,620278.0,624553.0,527356.0,543952.4666666667
2009-02-20,W,1032282,632936,1665218,2009,2,4,Before 2020,51,639414.0,643066.0,647903.0,530089.7142857143,544447.8333333334
2009-02-21,A,578539,329252,907791,2009,2,5,Before 2020,52,632936.0,388028.0,657786.0,528642.5714285715,543948.9333333333
2009-02-22,U,422899,231506,654405,2009,2,6,Before 2020,53,329252.0,262442.0,622633.0,520246.0,532997.8
2009-02-23,W,1030913,619409,1650322,2009,2,0,Before 2020,54,231506.0,486133.0,316086.0,515826.5714285714,519960.23333333334
2009-02-24,W,1072167,642992,1715159,2009,2,1,Before 2020,55,619409.0,654156.0,215452.0,534866.0,530071.0
2009-02-25,W,1082105,650665,1732770,2009,2,2,Before 2020,56,642992.0,637389.0,633365.0,533271.1428571428,544322.3333333334
2009-02-26,W,981515,624424,1605939,2009,2,3,Before 2020,57,650665.0,639414.0,646578.0,535167.7142857143,544899.0
2009-02-27,W,1045953,631269,1677222,2009,2,4,Before 2020,58,624424.0,632936.0,653089.0,533026.2857142857,544160.5333333333
2009-02-28,A,639146,349295,988441,2009,2,5,Before 2020,59,631269.0,329252.0,648114.0,532788.1428571428,543433.2
2009-03-01,U,385236,219552,604788,2009,3,6,Before 2020,60,349295.0,231506.0,627734.0,535651.4285714285,533472.5666666667
2009-03-02,W,866001,570796,1436797,2009,3,0,Before 2020,61,219552.0,619409.0,340757.0,533943.7142857143,519866.5
2009-03-03,W,1095720,642501,1738221,2009,3,1,Before 2020,62,570796.0,642992.0,242773.0,526999.0,527534.4666666667
2009-03-04,W,1098350,648398,1746748,2009,3,2,Before 2020,63,642501.0,650665.0,628819.0,526928.8571428572,540858.7333333333
2009-03-05,W,1105607,658867,1764474,2009,3,3,Before 2020,64,648398.0,624424.0,636578.0,526605.0,541511.3666666667
2009-03-06,W,1106466,653708,1760174,2009,3,4,Before 2020,65,658867.0,631269.0,631042.0,531525.4285714285,542254.3333333334
2009-03-07,A,564839,319673,884512,2009,3,5,Before 2020,66,653708.0,349295.0,643718.0,534731.0,543009.8666666667
2009-03-08,U,367983,212484,580467,2009,3,6,Before 2020,67,319673.0,219552.0,639394.0,530499.2857142857,532208.3666666667
2009-03-09,W,1073249,638209,1711458,2009,3,0,Before 2020,68,212484.0,570796.0,387825.0,529489.5714285715,517978.0333333333
2009-03-10,W,1026177,636119,1662296,2009,3,1,Before 2020,69,638209.0,642501.0,245082.0,539120.0,526324.1666666666
2009-03-11,W,1058738,649963,1708701,2009,3,2,Before 2020,70,636119.0,648398.0,634229.0,538208.2857142857,539358.7333333333
2009-03-12,W,1039462,646252,1685714,2009,3,3,Before 2020,71,649963.0,658867.0,666014.0,538431.8571428572,539883.2
2009-03-13,W,1075419,656181,1731600,2009,3,4,Before 2020,72,646252.0,653708.0,637558.0,536629.7142857143,539224.4666666667
2009-03-14,A,699923,471323,1171246,2009,3,5,Before 2020,73,656181.0,319673.0,620278.0,536983.0,539845.2333333333
2009-03-15,U,484927,286972,771899,2009,3,6,Before 2020,74,471323.0,212484.0,643066.0,558647.2857142857,534880.0666666667
2009-03-16,W,1040208,648040,1688248,2009,3,0,Before 2020,75,286972.0,638209.0,388028.0,569288.4285714285,523010.26666666666
2009-03-17,W,1110747,683241,1793988,2009,3,1,Before 2020,76,648040.0,636119.0,262442.0,570692.8571428572,531677.3333333334
2009-03-18,W,1051328,653127,1704455,2009,3,2,Before 2020,77,683241.0,649963.0,486133.0,577424.5714285715,545703.9666666667
2009-03-19,W,1073688,656286,1729974,2009,3,3,Before 2020,78,653127.0,646252.0,654156.0,577876.5714285715,551270.4333333333
2009-03-20,W,1064573,643149,1707722,2009,3,4,Before 2020,79,656286.0,656181.0,637389.0,579310.0,551341.4333333333
2009-03-21,A,684551,377094,1061645,2009,3,5,Before 2020,80,643149.0,471323.0,639414.0,577448.2857142857,551533.4333333333
2009-03-22,U,471865,260374,732239,2009,3,6,Before 2020,81,377094.0,286972.0,632936.0,563987.0,542789.4333333333
2009-03-23,W,1007657,598236,1605893,2009,3,0,Before 2020,82,260374.0,648040.0,329252.0,560187.2857142857,530370.7
2009-03-24,W,1023641,616038,1639679,2009,3,1,Before 2020,83,598236.0,683241.0,231506.0,553072.4285714285,539336.8333333334
2009-03-25,W,1052157,625381,1677538,2009,3,2,Before 2020,84,616038.0,653127.0,619409.0,543472.0,552154.5666666667
2009-03-26,W,1053676,633781,1687457,2009,3,3,Before 2020,85,625381.0,656286.0,642992.0,539508.2857142857,552353.6333333333
2009-03-27,W,969091,614690,1583781,2009,3,4,Before 2020,86,633781.0,643149.0,650665.0,536293.2857142857,552046.6
2009-03-28,A,582316,331568,913884,2009,3,5,Before 2020,87,614690.0,377094.0,624424.0,532227.7142857143,550847.4333333333
2009-03-29,U,360851,229406,590257,2009,3,6,Before 2020,88,331568.0,260374.0,631269.0,525724.0,541085.5666666667
2009-03-30,W,1044468,628992,1673460,2009,3,0,Before 2020,89,229406.0,598236.0,349295.0,521300.0,527690.1333333333
2009-03-31,W,1007561,628945,1636506,2009,3,1,Before 2020,90,628992.0,616038.0,219552.0,525693.7142857143,537013.3666666667
2009-04-01,W,1103516,658559,1762075,2009,4,2,Before 2020,91,628945.0,625381.0,570796.0,527537.5714285715,550659.8
2009-04-02,W,1017567,649643,1667210,2009,4,3,Before 2020,92,658559.0,633781.0,642501.0,532277.2857142857,553585.2333333333
2009-04-03,W,1094889,653334,1748223,2009,4,4,Before 2020,93,649643.0,614690.0,648398.0,534543.2857142857,553823.3
2009-04-04,A,696212,390735,1086947,2009,4,5,Before 2020,94,653334.0,331568.0,658867.0,540063.8571428572,553987.8333333334
2009-04-05,U,394704,236381,631085,2009,4,6,Before 2020,95,390735.0,229406.0,653708.0,548516.2857142857,545050.1
2009-04-06,W,878367,593691,1472058,2009,4,0,Before 2020,96,236381.0,628992.0,319673.0,549512.7142857143,531139.2
2009-04-07,W,948719,636189,1584908,2009,4,1,Before 2020,97,593691.0,628945.0,212484.0,544469.7142857143,540273.1333333333
2009-04-08,W,963532,642963,1606495,2009,4,2,Before 2020,98,636189.0,658559.0,638209.0,545504.5714285715,554396.6333333333
2009-04-09,W,952099,638401,1590500,2009,4,3,Before 2020,99,642963.0,649643.0,636119.0,543276.5714285715,554555.1
2009-04-10,W,866040,562197,1428237,2009,4,4,Before 2020,100,638401.0,653334.0,649963.0,541670.5714285715,554631.1666666666
2009-04-11,A,641437,349911,991348,2009,4,5,Before 2020,101,562197.0,390735.0,646252.0,528651.0,551705.6333333333
2009-04-12,U,423274,228889,652163,2009,4,6,Before 2020,102,349911.0,236381.0,656181.0,522819.0,541827.6
2009-04-13,W,937261,619681,1556942,2009,4,0,Before 2020,103,228889.0,593691.0,471323.0,521748.71428571426,527584.5333333333
2009-04-14,W,1028849,642703,1671552,2009,4,1,Before 2020,104,619681.0,636189.0,286972.0,525461.5714285715,532529.8
2009-04-15,W,1073275,682839,1756114,2009,4,2,Before 2020,105,642703.0,642963.0,648040.0,526392.1428571428,544387.5
2009-04-16,W,1082379,692868,1775247,2009,4,3,Before 2020,106,682839.0,638401.0,683241.0,532088.7142857143,545547.4666666667
2009-04-17,W,1087613,695313,1782926,2009,4,4,Before 2020,107,692868.0,562197.0,653127.0,539869.7142857143,545868.3666666667
2009-04-18,A,690066,421519,1111585,2009,4,5,Before 2020,108,695313.0,349911.0,656286.0,558886.2857142857,547274.5666666667
2009-04-19,U,398430,243756,642186,2009,4,6,Before 2020,109,421519.0,228889.0,643149.0,569116.0,539449.0
2009-04-20,W,1007645,629066,1636711,2009,4,0,Before 2020,110,243756.0,619681.0,377094.0,571239.8571428572,526135.9
2009-04-21,W,1030738,659154,1689892,2009,4,1,Before 2020,111,629066.0,642703.0,260374.0,572580.5714285715,534534.9666666667
2009-04-22,W,1040599,679753,1720352,2009,4,2,Before 2020,112,659154.0,682839.0,598236.0,574930.7142857143,547827.6333333333
2009-04-23,W,1039524,688741,1728265,2009,4,3,Before 2020,113,679753.0,692868.0,616038.0,574489.8571428572,550544.8666666667
2009-04-24,W,1084984,679180,1764164,2009,4,4,Before 2020,114,688741.0,695313.0,625381.0,573900.2857142857,552968.3
2009-04-25,A,612802,358235,971037,2009,4,5,Before 2020,115,679180.0,421519.0,633781.0,571595.5714285715,554761.6
2009-04-26,U,422437,251595,674032,2009,4,6,Before 2020,116,358235.0,243756.0,614690.0,562555.0,545576.7333333333
2009-04-27,W,972593,633164,1605757,2009,4,0,Before 2020,117,251595.0,629066.0,331568.0,563674.8571428572,533473.5666666667
2009-04-28,W,1043138,650112,1693250,2009,4,1,Before 2020,118,633164.0,659154.0,229406.0,564260.2857142857,543526.7666666667
2009-04-29,W,1045681,648841,1694522,2009,4,2,Before 2020,119,650112.0,679753.0,628992.0,562968.5714285715,557550.3
2009-04-30,W,999397,660465,1659862,2009,4,3,Before 2020,120,648841.0,688741.0,628945.0,558552.5714285715,558211.9333333333
2009-05-01,W,1116163,677684,1793847,2009,5,4,Before 2020,121,660465.0,679180.0,658559.0,554513.1428571428,559262.6
2009-05-02,A,764832,399421,1164253,2009,5,5,Before 2020,122,677684.0,358235.0,649643.0,554299.4285714285,559900.1
2009-05-03,U,528055,291070,819125,2009,5,6,Before 2020,123,399421.0,251595.0,653334.0,560183.1428571428,551559.3666666667
2009-05-04,W,1081915,667219,1749134,2009,5,0,Before 2020,124,291070.0,633164.0,390735.0,565822.4285714285,539483.9
2009-05-05,W,1091934,680732,1772666,2009,5,1,Before 2020,125,667219.0,650112.0,236381.0,570687.4285714285,548700.0333333333
2009-05-06,W,1040297,650834,1691131,2009,5,2,Before 2020,126,680732.0,648841.0,593691.0,575061.7142857143,563511.7333333333
2009-05-07,W,1071031,675865,1746896,2009,5,3,Before 2020,127,650834.0,660465.0,636189.0,575346.4285714285,565416.5
2009-05-08,W,1084713,657966,1742679,2009,5,4,Before 2020,128,675865.0,677684.0,642963.0,577546.4285714285,566739.0333333333
2009-05-09,A,674760,343099,1017859,2009,5,5,Before 2020,129,657966.0,399421.0,638401.0,574729.5714285715,567239.1333333333
2009-05-10,U,474595,249540,724135,2009,5,6,Before 2020,130,343099.0,291070.0,562197.0,566683.5714285715,557395.7333333333
2009-05-11,W,1019002,620480,1639482,2009,5,0,Before 2020,131,249540.0,667219.0,349911.0,560750.7142857143,546973.8333333334
2009-05-12,W,1070549,675570,1746119,2009,5,1,Before 2020,132,620480.0,680732.0,228889.0,554073.7142857143,555992.8
2009-05-13,W,979697,640084,1619781,2009,5,2,Before 2020,133,675570.0,650834.0,619681.0,553336.2857142857,570882.1666666666
2009-05-14,W,1074183,690670,1764853,2009,5,3,Before 2020,134,640084.0,675865.0,642703.0,551800.5714285715,571562.2666666667
2009-05-15,W,985291,650805,1636096,2009,5,4,Before 2020,135,690670.0,657966.0,682839.0,553915.5714285715,573161.1666666666
2009-05-16,A,746301,406577,1152878,2009,5,5,Before 2020,136,650805.0,343099.0,692868.0,552892.5714285715,572093.3666666667
2009-05-17,U,511550,293680,805230,2009,5,6,Before 2020,137,406577.0,249540.0,695313.0,561960.8571428572,562550.3333333334
2009-05-18,W,1045190,623839,1669029,2009,5,0,Before 2020,138,293680.0,620480.0,421519.0,568266.5714285715,549162.5666666667
2009-05-19,W,1072111,650975,1723086,2009,5,1,Before 2020,139,623839.0,675570.0,243756.0,568746.4285714285,555906.5666666667
2009-05-20,W,1085546,664197,1749743,2009,5,2,Before 2020,140,650975.0,640084.0,629066.0,565232.8571428572,569480.5333333333
2009-05-21,W,1070609,663646,1734255,2009,5,3,Before 2020,141,664197.0,690670.0,659154.0,568677.5714285715,570651.5666666667
2009-05-22,W,1052067,637603,1689670,2009,5,4,Before 2020,142,663646.0,650805.0,679753.0,564817.0,570801.3
2009-05-23,A,700549,367228,1067777,2009,5,5,Before 2020,143,637603.0,406577.0,688741.0,562931.0,569396.3
2009-05-24,U,511582,288558,800140,2009,5,6,Before 2020,144,367228.0,293680.0,679180.0,557309.7142857143,558679.2
2009-05-25,U,409208,258452,667660,2009,5,0,Before 2020,145,288558.0,623839.0,358235.0,556578.0,545658.4666666667
2009-05-26,W,998498,634549,1633047,2009,5,1,Before 2020,146,258452.0,650975.0,251595.0,504379.85714285716,542332.3666666667
2009-05-27,W,1026962,648266,1675228,2009,5,2,Before 2020,147,634549.0,664197.0,633164.0,502033.28571428574,555097.5
2009-05-28,W,1038163,663980,1702143,2009,5,3,Before 2020,148,648266.0,663646.0,650112.0,499757.4285714286,555600.9
2009-05-29,W,1064215,677893,1742108,2009,5,4,Before 2020,149,663980.0,637603.0,648841.0,499805.14285714284,556063.1666666666
2009-05-30,A,695552,385727,1081279,2009,5,5,Before 2020,150,677893.0,367228.0,660465.0,505560.85714285716,557031.5666666667
2009-05-31,U,511749,289239,800988,2009,5,6,Before 2020,151,385727.0,288558.0,677684.0,508203.5714285714,547873.6333333333
2009-06-01,W,1011224,619841,1631065,2009,6,0,Before 2020,152,289239.0,258452.0,399421.0,508300.85714285716,534925.4666666667
2009-06-02,W,1036601,635007,1671608,2009,6,1,Before 2020,153,619841.0,634549.0,291070.0,559927.8571428572,542272.8
2009-06-03,W,1092082,659178,1751260,2009,6,2,Before 2020,154,635007.0,648266.0,667219.0,559993.2857142857,553737.3666666667
2009-06-04,W,1078827,665490,1744317,2009,6,3,Before 2020,155,659178.0,663980.0,680732.0,561552.1428571428,553469.3333333334
2009-06-05,W,1074738,656345,1731083,2009,6,4,Before 2020,156,665490.0,677893.0,650834.0,561767.8571428572,552961.2666666667
2009-06-06,A,676207,368951,1045158,2009,6,5,Before 2020,157,656345.0,385727.0,675865.0,558689.5714285715,553144.9666666667
2009-06-07,U,489403,264624,754027,2009,6,6,Before 2020,158,368951.0,289239.0,657966.0,556293.0,542914.5
2009-06-08,W,1003036,633669,1636705,2009,6,0,Before 2020,159,264624.0,619841.0,343099.0,552776.5714285715,529803.1
2009-06-09,W,1017857,645412,1663269,2009,6,1,Before 2020,160,633669.0,635007.0,249540.0,554752.0,539488.7666666667
2009-06-10,W,1010707,655620,1666327,2009,6,2,Before 2020,161,645412.0,659178.0,620480.0,556238.4285714285,552684.5
2009-06-11,W,881200,627380,1508580,2009,6,3,Before 2020,162,655620.0,665490.0,675570.0,555730.1428571428,553855.8333333334
2009-06-12,W,1067730,722970,1790700,2009,6,4,Before 2020,163,627380.0,656345.0,640084.0,550285.8571428572,552249.5
2009-06-13,A,619909,429667,1049576,2009,6,5,Before 2020,164,722970.0,368951.0,690670.0,559803.7142857143,555012.3666666667
2009-06-14,U,519510,372743,892253,2009,6,6,Before 2020,165,429667.0,264624.0,650805.0,568477.4285714285,546312.2666666667
2009-06-15,W,969271,636444,1605715,2009,6,0,Before 2020,166,372743.0,633669.0,406577.0,583923.0,537043.5333333333
2009-06-16,W,913925,644994,1558919,2009,6,1,Before 2020,167,636444.0,645412.0,293680.0,584319.4285714285,544705.7666666667
2009-06-17,W,978050,671546,1649596,2009,6,2,Before 2020,168,644994.0,655620.0,623839.0,584259.7142857143,556416.2333333333
2009-06-18,W,970757,684946,1655703,2009,6,3,Before 2020,169,671546.0,627380.0,650975.0,586534.8571428572,558006.4666666667
2009-06-19,W,868477,622117,1490594,2009,6,4,Before 2020,170,684946.0,722970.0,664197.0,594758.5714285715,559138.8333333334
2009-06-20,A,757562,423217,1180779,2009,6,5,Before 2020,171,622117.0,429667.0,663646.0,580351.0,557736.1666666666
2009-06-21,U,514773,292519,807292,2009,6,6,Before 2020,172,423217.0,372743.0,637603.0,579429.5714285715,549721.8666666667
2009-06-22,W,957022,623252,1580274,2009,6,0,Before 2020,173,292519.0,636444.0,367228.0,567969.0,538219.0666666667
2009-06-23,W,978739,644145,1622884,2009,6,1,Before 2020,174,623252.0,644994.0,288558.0,566084.4285714285,546753.2
2009-06-24,W,937838,642145,1579983,2009,6,2,Before 2020,175,644145.0,671546.0,258452.0,565963.1428571428,558606.1
2009-06-25,W,969861,659105,1628966,2009,6,3,Before 2020,176,642145.0,684946.0,634549.0,561763.0,571395.8666666667
2009-06-26,W,985078,708491,1693569,2009,6,4,Before 2020,177,659105.0,622117.0,648266.0,558071.4285714285,572214.4
2009-06-27,A,692627,469970,1162597,2009,6,5,Before 2020,178,708491.0,423217.0,663980.0,570410.5714285715,574221.9
2009-06-28,U,516762,469985,986747,2009,6,6,Before 2020,179,469970.0,292519.0,677893.0,577089.5714285715,567754.9
2009-06-29,W,961592,649188,1610780,2009,6,0,Before 2020,180,469985.0,623252.0,385727.0,602441.8571428572,560824.6333333333
2009-06-30,W,962402,648809,1611211,2009,6,1,Before 2020,181,649188.0,644145.0,289239.0,606147.0,569606.6666666666
2009-07-01,W,1003064,680635,1683699,2009,7,2,Before 2020,182,648809.0,642145.0,619841.0,606813.2857142857,581592.3333333334
2009-07-02,W,1020960,713778,1734738,2009,7,3,Before 2020,183,680635.0,659105.0,635007.0,612311.8571428572,583618.8
2009-07-03,U,791721,711335,1503056,2009,7,4,Before 2020,184,713778.0,708491.0,659178.0,620122.2857142857,586244.5
2009-07-04,A,540914,394405,935319,2009,7,5,Before 2020,185,711335.0,469970.0,665490.0,620528.5714285715,587983.0666666667
2009-07-05,U,507244,364973,872217,2009,7,6,Before 2020,186,394405.0,469985.0,656345.0,609733.5714285715,578946.9
2009-07-06,W,966889,643223,1610112,2009,7,0,Before 2020,187,364973.0,649188.0,368951.0,594731.8571428572,569234.5
2009-07-07,W,977293,670829,1648122,2009,7,1,Before 2020,188,643223.0,648809.0,264624.0,593879.7142857143,578376.9
2009-07-08,W,954018,667258,1621276,2009,7,2,Before 2020,189,670829.0,680635.0,633669.0,597025.4285714285,591917.0666666667
2009-07-09,W,1002646,673821,1676467,2009,7,3,Before 2020,190,667258.0,713778.0,645412.0,595114.4285714285,593036.7
2009-07-10,W,938460,672582,1611042,2009,7,4,Before 2020,191,673821.0,711335.0,655620.0,589406.2857142857,593983.6666666666
2009-07-11,A,733100,422670,1155770,2009,7,5,Before 2020,192,672582.0,394405.0,627380.0,583870.1428571428,594549.0666666667
2009-07-12,U,525978,335349,861327,2009,7,6,Before 2020,193,422670.0,364973.0,722970.0,587908.0,587725.4
2009-07-13,W,975656,638789,1614445,2009,7,0,Before 2020,194,335349.0,643223.0,429667.0,583676.0,574804.7
2009-07-14,W,975173,644793,1619966,2009,7,1,Before 2020,195,638789.0,670829.0,372743.0,583042.5714285715,581775.4333333333
2009-07-15,W,984189,650434,1634623,2009,7,2,Before 2020,196,644793.0,667258.0,636444.0,579323.1428571428,590843.7666666667
2009-07-16,W,990574,683021,1673595,2009,7,3,Before 2020,197,650434.0,673821.0,644994.0,576919.7142857143,591310.1
2009-07-17,W,954520,667858,1622378,2009,7,4,Before 2020,198,683021.0,672582.0,671546.0,578234.0,592577.6666666666
2009-07-18,A,711371,421356,1132727,2009,7,5,Before 2020,199,667858.0,422670.0,684946.0,577559.1428571428,592454.7333333333
2009-07-19,U,493670,311785,805455,2009,7,6,Before 2020,200,421356.0,335349.0,622117.0,577371.4285714285,583668.4
2009-07-20,W,963999,643810,1607809,2009,7,0,Before 2020,201,311785.0,638789.0,423217.0,574005.1428571428,573324.0
2009-07-21,W,986777,683790,1670567,2009,7,1,Before 2020,202,643810.0,644793.0,292519.0,574722.4285714285,580677.1
2009-07-22,W,973865,654420,1628285,2009,7,2,Before 2020,203,683790.0,650434.0,623252.0,580293.4285714285,593719.4666666667
2009-07-23,W,959920,673917,1633837,2009,7,3,Before 2020,204,654420.0,683021.0,644145.0,580862.8571428572,594758.4
2009-07-24,W,968278,686977,1655255,2009,7,4,Before 2020,205,673917.0,667858.0,642145.0,579562.2857142857,595750.8
2009-07-25,A,693104,467927,1161031,2009,7,5,Before 2020,206,686977.0,421356.0,659105.0,582293.5714285715,597245.2
2009-07-26,U,490518,334490,825008,2009,7,6,Before 2020,207,467927.0,311785.0,708491.0,588946.5714285715,590872.6
2009-07-27,W,939982,648312,1588294,2009,7,0,Before 2020,208,334490.0,643810.0,469970.0,592190.1428571428,578405.9
2009-07-28,W,956278,667503,1623781,2009,7,1,Before 2020,209,648312.0,683790.0,469985.0,592833.2857142857,584350.6333333333
2009-07-29,W,958820,672872,1631692,2009,7,2,Before 2020,210,667503.0,654420.0,649188.0,590506.5714285715,590934.5666666667
2009-07-30,W,926905,680056,1606961,2009,7,3,Before 2020,211,672872.0,673917.0,648809.0,593142.5714285715,591724.0333333333
2009-07-31,W,997830,674810,1672640,2009,7,4,Before 2020,212,680056.0,686977.0,680635.0,594019.5714285715,592765.6
2009-08-01,A,712791,396785,1109576,2009,8,5,Before 2020,213,674810.0,467927.0,713778.0,592281.4285714285,592571.4333333333
2009-08-02,U,541877,324804,866681,2009,8,6,Before 2020,214,396785.0,334490.0,711335.0,582118.2857142857,582005.0
2009-08-03,W,945629,612506,1558135,2009,8,0,Before 2020,215,324804.0,648312.0,394405.0,580734.5714285715,569120.6333333333
2009-08-04,W,966555,645725,1612280,2009,8,1,Before 2020,216,612506.0,667503.0,364973.0,575619.4285714285,576390.6666666666
2009-08-05,W,965266,653026,1618292,2009,8,2,Before 2020,217,645725.0,672872.0,643223.0,572508.2857142857,585749.0666666667
2009-08-06,W,958790,673897,1632687,2009,8,3,Before 2020,218,653026.0,680056.0,670829.0,569673.1428571428,586075.8333333334
2009-08-07,W,900717,695143,1595860,2009,8,4,Before 2020,219,673897.0,674810.0,667258.0,568793.2857142857,586178.1
2009-08-08,A,714606,503501,1218107,2009,8,5,Before 2020,220,695143.0,396785.0,673821.0,571698.0,587107.6
2009-08-09,U,492623,383769,876392,2009,8,6,Before 2020,221,503501.0,324804.0,672582.0,586943.1428571428,581430.2666666667
2009-08-10,W,920020,624034,1544054,2009,8,0,Before 2020,222,383769.0,612506.0,422670.0,595366.7142857143,571803.1666666666
2009-08-11,W,950753,672387,1623140,2009,8,1,Before 2020,223,624034.0,645725.0,335349.0,597013.5714285715,578515.3
2009-08-12,W,951988,666879,1618867,2009,8,2,Before 2020,224,672387.0,653026.0,638789.0,600822.4285714285,589749.9
2009-08-13,W,946370,674767,1621137,2009,8,3,Before 2020,225,666879.0,673897.0,644793.0,602801.4285714285,590686.2333333333
2009-08-14,W,969081,683249,1652330,2009,8,4,Before 2020,226,674767.0,695143.0,650434.0,602925.7142857143,591685.3666666667
2009-08-15,A,722837,472275,1195112,2009,8,5,Before 2020,227,683249.0,503501.0,683021.0,601226.5714285715,592779.2
2009-08-16,U,473628,338169,811797,2009,8,6,Before 2020,228,472275.0,383769.0,667858.0,596765.7142857143,585754.3333333334
2009-08-17,W,854426,594551,1448977,2009,8,0,Before 2020,229,338169.0,624034.0,421356.0,590251.4285714285,574764.7
2009-08-18,W,948964,636143,1585107,2009,8,1,Before 2020,230,594551.0,672387.0,311785.0,586039.5714285715,580537.8666666667
2009-08-19,W,917526,624721,1542247,2009,8,2,Before 2020,231,636143.0,666879.0,643810.0,580861.8571428572,591349.8
2009-08-20,W,922627,630083,1552710,2009,8,3,Before 2020,232,624721.0,674767.0,683790.0,574839.2857142857,590713.5
2009-08-21,W,946374,633411,1579785,2009,8,4,Before 2020,233,630083.0,683249.0,654420.0,568455.8571428572,588923.2666666667
2009-08-22,A,713225,393634,1106859,2009,8,5,Before 2020,234,633411.0,472275.0,673917.0,561336.1428571428,588222.9666666667
2009-08-23,U,516846,283806,800652,2009,8,6,Before 2020,235,393634.0,338169.0,686977.0,550101.7142857143,578880.2
2009-08-24,W,966314,634030,1600344,2009,8,0,Before 2020,236,283806.0,594551.0,467927.0,542335.5714285715,565441.1666666666
2009-08-25,W,993279,680981,1674260,2009,8,1,Before 2020,237,634030.0,636143.0,334490.0,547975.4285714285,570977.9333333333
2009-08-26,W,921926,651492,1573418,2009,8,2,Before 2020,238,680981.0,624721.0,648312.0,554380.8571428572,582527.6333333333
2009-08-27,W,934232,664531,1598763,2009,8,3,Before 2020,239,651492.0,630083.0,667503.0,558205.2857142857,582633.6333333333
2009-08-28,W,974302,674306,1648608,2009,8,4,Before 2020,240,664531.0,633411.0,672872.0,563126.4285714285,582534.5666666667
2009-08-29,A,708836,405427,1114263,2009,8,5,Before 2020,241,674306.0,393634.0,680056.0,568968.5714285715,582582.3666666667
2009-08-30,U,505635,302535,808170,2009,8,6,Before 2020,242,405427.0,283806.0,674810.0,570653.2857142857,573428.0666666667
2009-08-31,W,975508,658827,1634335,2009,8,0,Before 2020,243,302535.0,634030.0,396785.0,573328.8571428572,561018.9
2009-09-01,W,1055167,680368,1735535,2009,9,1,Before 2020,244,658827.0,680981.0,324804.0,576871.2857142857,569753.6333333333
2009-09-02,W,1032505,682877,1715382,2009,9,2,Before 2020,245,680368.0,651492.0,612506.0,576783.7142857143,581605.7666666667
2009-09-03,W,1063234,714324,1777558,2009,9,3,Before 2020,246,682877.0,664531.0,645725.0,581267.2857142857,583951.4666666667
2009-09-04,W,1020694,678461,1699155,2009,9,4,Before 2020,247,714324.0,674306.0,653026.0,588380.5714285715,586238.1
2009-09-05,A,701349,428069,1129418,2009,9,5,Before 2020,248,678461.0,405427.0,673897.0,588974.1428571428,587085.9333333333
2009-09-06,U,503694,338561,842255,2009,9,6,Before 2020,249,428069.0,302535.0,695143.0,592208.7142857143,578891.6666666666
2009-09-07,U,463198,299374,762572,2009,9,0,Before 2020,250,338561.0,658827.0,503501.0,597355.2857142857,567005.6
2009-09-08,W,1004429,709373,1713802,2009,9,1,Before 2020,251,299374.0,680368.0,383769.0,546004.8571428572,560201.3666666667
2009-09-09,W,1097851,711047,1808898,2009,9,2,Before 2020,252,709373.0,682877.0,624034.0,550148.4285714285,571054.8333333334
2009-09-10,W,1099979,713849,1813828,2009,9,3,Before 2020,253,711047.0,714324.0,672387.0,554172.7142857143,573955.2666666667
2009-09-11,W,1114404,743271,1857675,2009,9,4,Before 2020,254,713849.0,678461.0,666879.0,554104.8571428572,575337.3333333334
2009-09-12,A,728447,482038,1210485,2009,9,5,Before 2020,255,743271.0,428069.0,674767.0,563363.4285714285,577883.7333333333
2009-09-13,U,517813,355437,873250,2009,9,6,Before 2020,256,482038.0,338561.0,683249.0,571073.2857142857,571459.4333333333
2009-09-14,W,1101985,714141,1816126,2009,9,0,Before 2020,257,355437.0,299374.0,472275.0,573484.1428571428,560532.3666666667
2009-09-15,W,1115027,729171,1844198,2009,9,1,Before 2020,258,714141.0,709373.0,338169.0,632736.5714285715,568594.5666666667
2009-09-16,W,1108929,732849,1841778,2009,9,2,Before 2020,259,729171.0,711047.0,594551.0,635564.8571428572,581627.9666666667
2009-09-17,W,1112462,745180,1857642,2009,9,3,Before 2020,260,732849.0,713849.0,636143.0,638679.4285714285,586237.9
2009-09-18,W,1102861,708997,1811858,2009,9,4,Before 2020,261,745180.0,743271.0,624721.0,643155.2857142857,589872.4666666667
2009-09-19,A,721408,415652,1137060,2009,9,5,Before 2020,262,708997.0,482038.0,630083.0,638259.0,592681.6666666666
2009-09-20,U,480835,292572,773407,2009,9,6,Before 2020,263,415652.0,355437.0,633411.0,628775.2857142857,585533.9666666667
2009-09-21,W,1076200,692304,1768504,2009,9,0,Before 2020,264,292572.0,714141.0,393634.0,619794.5714285715,574172.6666666666
2009-09-22,W,1098839,708391,1807230,2009,9,1,Before 2020,265,692304.0,729171.0,283806.0,616675.0,584128.3333333334
2009-09-23,W,1102842,718424,1821266,2009,9,2,Before 2020,266,708391.0,732849.0,634030.0,613706.4285714285,598281.1666666666
2009-09-24,W,1099145,712276,1811421,2009,9,3,Before 2020,267,718424.0,745180.0,680981.0,611645.7142857143,601094.3
2009-09-25,W,1010229,697003,1707232,2009,9,4,Before 2020,268,712276.0,708997.0,651492.0,606945.1428571428,602137.4666666667
2009-09-26,A,702445,426960,1129405,2009,9,5,Before 2020,269,697003.0,415652.0,664531.0,605231.7142857143,603654.5
2009-09-27,U,494098,295158,789256,2009,9,6,Before 2020,270,426960.0,292572.0,674306.0,606847.1428571428,595735.4666666667
2009-09-28,W,1025351,659478,1684829,2009,9,0,Before 2020,271,295158.0,692304.0,405427.0,607216.5714285715,583097.2
2009-09-29,W,1070466,701863,1772329,2009,9,1,Before 2020,272,659478.0,708391.0,302535.0,602527.1428571428,591565.5666666667
2009-09-30,W,1092412,723123,1815535,2009,9,2,Before 2020,273,701863.0,718424.0,658827.0,601594.5714285715,604876.5
2009-10-01,W,1092443,714559,1807002,2009,10,3,Before 2020,274,723123.0,712276.0,680368.0,602265.8571428572,607019.7
2009-10-02,W,1094376,710954,1805330,2009,10,4,Before 2020,275,714559.0,697003.0,682877.0,602592.0,608159.4
2009-10-03,A,715566,415308,1130874,2009,10,5,Before 2020,276,710954.0,426960.0,714324.0,604585.0,609095.3
2009-10-04,U,514280,309529,823809,2009,10,6,Before 2020,277,415308.0,295158.0,678461.0,602920.4285714285,599128.1
2009-10-05,W,1110701,690993,1801694,2009,10,0,Before 2020,278,309529.0,659478.0,428069.0,604973.4285714285,586830.3666666667
2009-10-06,W,1071550,693172,1764722,2009,10,1,Before 2020,279,690993.0,701863.0,338561.0,609475.5714285715,595594.5
2009-10-07,W,1111089,714396,1825485,2009,10,2,Before 2020,280,693172.0,723123.0,299374.0,608234.0,607414.8666666667
2009-10-08,W,1063003,714502,1777505,2009,10,3,Before 2020,281,714396.0,714559.0,709373.0,606987.2857142857,621248.9333333333
2009-10-09,W,1023705,689843,1713548,2009,10,4,Before 2020,282,714502.0,710954.0,711047.0,606979.1428571428,621419.9
2009-10-10,A,676836,433332,1110168,2009,10,5,Before 2020,283,689843.0,415308.0,713849.0,603963.2857142857,620713.1
2009-10-11,U,436381,428201,864582,2009,10,6,Before 2020,284,433332.0,309529.0,743271.0,606538.1428571428,611362.5333333333
2009-10-12,W,827772,594084,1421856,2009,10,0,Before 2020,285,428201.0,690993.0,482038.0,623491.2857142857,600860.2
2009-10-13,W,1102805,706201,1809006,2009,10,1,Before 2020,286,594084.0,693172.0,355437.0,609647.1428571428,604595.0666666667
2009-10-14,W,1077269,703009,1780278,2009,10,2,Before 2020,287,706201.0,714396.0,714141.0,611508.4285714285,616287.2
2009-10-15,W,1052994,712178,1765172,2009,10,3,Before 2020,288,703009.0,714502.0,729171.0,609881.7142857143,615916.1333333333
2009-10-16,W,1067868,708838,1776706,2009,10,4,Before 2020,289,712178.0,689843.0,732849.0,609549.7142857143,615349.7
2009-10-17,A,692682,420801,1113483,2009,10,5,Before 2020,290,708838.0,433332.0,745180.0,612263.2857142857,614549.3333333334
2009-10-18,U,494901,296936,791837,2009,10,6,Before 2020,291,420801.0,428201.0,708997.0,610473.1428571428,603736.7
2009-10-19,W,1094468,697391,1791859,2009,10,0,Before 2020,292,296936.0,594084.0,415652.0,591721.0,590001.3333333334
2009-10-20,W,1095869,709084,1804953,2009,10,1,Before 2020,293,697391.0,706201.0,292572.0,606479.1428571428,599392.6333333333
2009-10-21,W,1110910,714863,1825773,2009,10,2,Before 2020,294,709084.0,703009.0,692304.0,606891.0,613276.3666666667
2009-10-22,W,1051505,708978,1760483,2009,10,3,Before 2020,295,714863.0,712178.0,708391.0,608584.4285714285,614028.3333333334
2009-10-23,W,932000,664168,1596168,2009,10,4,Before 2020,296,708978.0,708838.0,718424.0,608127.2857142857,614047.9
2009-10-24,A,672636,394925,1067561,2009,10,5,Before 2020,297,664168.0,420801.0,712276.0,601745.8571428572,612239.3666666667
2009-10-25,U,471453,278478,749931,2009,10,6,Before 2020,298,394925.0,296936.0,697003.0,598049.2857142857,601661.0
2009-10-26,W,1045756,673242,1718998,2009,10,0,Before 2020,299,278478.0,697391.0,426960.0,595412.4285714285,587710.1666666666
2009-10-27,W,1106013,699054,1805067,2009,10,1,Before 2020,300,673242.0,709084.0,295158.0,591962.5714285715,595919.5666666667
2009-10-28,W,1091208,699543,1790751,2009,10,2,Before 2020,301,699054.0,714863.0,659478.0,590529.7142857143,609382.7666666667
2009-10-29,W,1096369,715628,1811997,2009,10,3,Before 2020,302,699543.0,708978.0,701863.0,588341.1428571428,610718.2666666667
2009-10-30,W,1035778,680089,1715867,2009,10,4,Before 2020,303,715628.0,664168.0,723123.0,589291.1428571428,611177.1
2009-10-31,A,698324,406844,1105168,2009,10,5,Before 2020,304,680089.0,394925.0,714559.0,591565.5714285715,609742.6333333333
2009-11-01,U,494777,290701,785478,2009,11,6,Before 2020,305,406844.0,278478.0,710954.0,593268.2857142857,599485.4666666667
2009-11-02,W,1099218,681759,1780977,2009,11,0,Before 2020,306,290701.0,673242.0,415308.0,595014.4285714285,585477.0333333333
2009-11-03,W,1136686,697012,1833698,2009,11,1,Before 2020,307,681759.0,699054.0,309529.0,596231.1428571428,594358.7333333333
2009-11-04,W,1105418,695322,1800740,2009,11,2,Before 2020,308,697012.0,699543.0,690993.0,595939.4285714285,607274.8333333334
2009-11-05,W,1114979,710657,1825636,2009,11,3,Before 2020,309,695322.0,715628.0,693172.0,595336.4285714285,607419.1333333333
2009-11-06,W,1015815,683216,1699031,2009,11,4,Before 2020,310,710657.0,680089.0,714396.0,594626.2857142857,608001.9666666667
2009-11-07,A,723832,419045,1142877,2009,11,5,Before 2020,311,683216.0,406844.0,714502.0,595073.0,606962.6333333333
2009-11-08,U,512125,297504,809629,2009,11,6,Before 2020,312,419045.0,290701.0,689843.0,596816.0,597114.0666666667
2009-11-09,W,1076270,673433,1749703,2009,11,0,Before 2020,313,297504.0,681759.0,433332.0,597787.8571428572,584036.1
2009-11-10,W,1090758,686972,1777730,2009,11,1,Before 2020,314,673433.0,697012.0,428201.0,596598.4285714285,592039.4666666667
2009-11-11,W,908424,620355,1528779,2009,11,2,Before 2020,315,686972.0,695322.0,594084.0,595164.1428571428,600665.1666666666
2009-11-12,W,1097428,709937,1807365,2009,11,3,Before 2020,316,620355.0,710657.0,706201.0,584454.5714285715,601540.8666666667
2009-11-13,W,1092994,693142,1786136,2009,11,4,Before 2020,317,709937.0,683216.0,703009.0,584351.7142857143,601665.4
2009-11-14,A,694924,410234,1105158,2009,11,5,Before 2020,318,693142.0,419045.0,712178.0,585769.7142857143,601336.5
2009-11-15,U,460225,274484,734709,2009,11,6,Before 2020,319,410234.0,297504.0,708838.0,584511.0,591271.7
2009-11-16,W,1061332,668884,1730216,2009,11,0,Before 2020,320,274484.0,673433.0,420801.0,581222.4285714285,576793.2333333333
2009-11-17,W,1060364,677993,1738357,2009,11,1,Before 2020,321,668884.0,686972.0,296936.0,580572.5714285715,585062.6666666666
2009-11-18,W,1043248,676849,1720097,2009,11,2,Before 2020,322,677993.0,620355.0,697391.0,579289.8571428572,597764.5666666667
2009-11-19,W,1021173,682045,1703218,2009,11,3,Before 2020,323,676849.0,709937.0,709084.0,587360.4285714285,597079.8333333334
2009-11-20,W,1105710,692325,1798035,2009,11,4,Before 2020,324,682045.0,693142.0,714863.0,583375.8571428572,596178.5333333333
2009-11-21,A,702789,482859,1185648,2009,11,5,Before 2020,325,692325.0,410234.0,708978.0,583259.1428571428,595427.2666666667
2009-11-22,U,485345,297371,782716,2009,11,6,Before 2020,326,482859.0,274484.0,664168.0,593634.1428571428,587889.9666666667
2009-11-23,W,1073100,665885,1738985,2009,11,0,Before 2020,327,297371.0,668884.0,394925.0,596903.7142857143,575663.4
2009-11-24,W,1054145,665966,1720111,2009,11,1,Before 2020,328,665885.0,677993.0,278478.0,596475.2857142857,584695.4
2009-11-25,W,997101,612769,1609870,2009,11,2,Before 2020,329,665966.0,676849.0,673242.0,594757.1428571428,597611.6666666666
2009-11-26,U,329214,188829,518043,2009,11,3,Before 2020,330,612769.0,682045.0,699054.0,585602.8571428572,595595.9
2009-11-27,W,647293,378145,1025438,2009,11,4,Before 2020,331,188829.0,692325.0,699543.0,515143.4285714286,578588.4
2009-11-28,A,587950,342511,930461,2009,11,5,Before 2020,332,378145.0,482859.0,715628.0,470260.5714285714,567875.1333333333
2009-11-29,U,399383,238190,637573,2009,11,6,Before 2020,333,342511.0,297371.0,680089.0,450210.85714285716,555437.9
2009-11-30,W,1048329,650622,1698951,2009,11,0,Before 2020,334,238190.0,665885.0,406844.0,441756.4285714286,540707.9333333333
2009-12-01,W,1130467,682786,1813253,2009,12,1,Before 2020,335,650622.0,665966.0,290701.0,439576.0,548833.8666666667
2009-12-02,W,1094833,673684,1768517,2009,12,2,Before 2020,336,682786.0,612769.0,681759.0,441978.85714285716,561903.3666666667
2009-12-03,W,1098849,686030,1784879,2009,12,3,Before 2020,337,673684.0,188829.0,697012.0,450681.0,561634.2
2009-12-04,W,973336,652626,1625962,2009,12,4,Before 2020,338,686030.0,378145.0,695322.0,521709.71428571426,561268.1333333333
2009-12-05,A,671524,385396,1056920,2009,12,5,Before 2020,339,652626.0,342511.0,710657.0,560921.2857142857,559844.9333333333
2009-12-06,U,461240,276654,737894,2009,12,6,Before 2020,340,385396.0,238190.0,683216.0,567047.7142857143,549002.9
2009-12-07,W,1034149,643604,1677753,2009,12,0,Before 2020,341,276654.0,650622.0,419045.0,572542.5714285715,535450.8333333334
2009-12-08,W,1031237,661097,1692334,2009,12,1,Before 2020,342,643604.0,682786.0,297504.0,571540.0,542936.1333333333
2009-12-09,W,985064,649445,1634509,2009,12,2,Before 2020,343,661097.0,673684.0,673433.0,568441.5714285715,555055.9
2009-12-10,W,875574,598439,1474013,2009,12,3,Before 2020,344,649445.0,686030.0,686972.0,564978.8571428572,554256.3
2009-12-11,W,980494,627993,1608487,2009,12,4,Before 2020,345,598439.0,652626.0,620355.0,552465.8571428572,551305.2
2009-12-12,A,653142,371427,1024569,2009,12,5,Before 2020,346,627993.0,385396.0,709937.0,548946.8571428572,551559.8
2009-12-13,U,457587,265706,723293,2009,12,6,Before 2020,347,371427.0,276654.0,693142.0,546951.2857142857,540276.1333333333
2009-12-14,W,1003184,616209,1619393,2009,12,0,Before 2020,348,265706.0,643604.0,410234.0,545387.2857142857,526028.2666666667
2009-12-15,W,988681,619534,1608215,2009,12,1,Before 2020,349,616209.0,661097.0,274484.0,541473.7142857143,532894.1
2009-12-16,W,968963,614739,1583702,2009,12,2,Before 2020,350,619534.0,649445.0,668884.0,535536.1428571428,544395.7666666667
2009-12-17,W,995849,624996,1620845,2009,12,3,Before 2020,351,614739.0,598439.0,677993.0,530578.1428571428,542590.9333333333
2009-12-18,W,1005529,623684,1629213,2009,12,4,Before 2020,352,624996.0,627993.0,676849.0,534372.0,540824.3666666667
2009-12-19,A,612039,350048,962087,2009,12,5,Before 2020,353,623684.0,371427.0,682045.0,533756.4285714285,539052.2
2009-12-20,U,441105,257984,699089,2009,12,6,Before 2020,354,350048.0,265706.0,692325.0,530702.2857142857,527985.6333333333
2009-12-21,W,848265,548679,1396944,2009,12,0,Before 2020,355,257984.0,616209.0,482859.0,529599.1428571428,513507.6
2009-12-22,W,818602,546637,1365239,2009,12,1,Before 2020,356,548679.0,619534.0,297371.0,519952.0,515701.6
2009-12-23,W,778855,498841,1277696,2009,12,2,Before 2020,357,546637.0,614739.0,665885.0,509538.14285714284,524010.4666666667
2009-12-24,W,584096,303611,887707,2009,12,3,Before 2020,358,498841.0,624996.0,665966.0,492981.28571428574,518442.3333333333
2009-12-25,U,249347,121545,370892,2009,12,4,Before 2020,359,303611.0,623684.0,612769.0,447069.14285714284,506363.8333333333
2009-12-26,A,464351,237093,701444,2009,12,5,Before 2020,360,121545.0,350048.0,188829.0,375335.0,489989.7
2009-12-27,U,368183,207527,575710,2009,12,6,Before 2020,361,237093.0,257984.0,378145.0,359198.5714285714,491598.5
2009-12-28,W,740043,469843,1209886,2009,12,0,Before 2020,362,207527.0,548679.0,342511.0,351990.4285714286,485911.23333333334
2009-12-29,W,753943,488944,1242887,2009,12,1,Before 2020,363,469843.0,546637.0,238190.0,340728.14285714284,490155.63333333336
2009-12-30,W,760344,500436,1260780,2009,12,2,Before 2020,364,488944.0,498841.0,650622.0,332486.28571428574,498514.1
2009-12-31,W,750868,461311,1212179,2009,12,3,Before 2020,365,500436.0,303611.0,682786.0,332714.14285714284,493507.9
2010-01-01,U,348324,217060,565384,2010,1,4,Before 2020,1,461311.0,121545.0,673684.0,355242.71428571426,486125.4
2010-01-02,A,484655,264011,748666,2010,1,5,Before 2020,2,217060.0,237093.0,686030.0,368887.71428571426,470904.6
2010-01-03,U,354762,200944,555706,2010,1,6,Before 2020,3,264011.0,207527.0,652626.0,372733.14285714284,456837.3
2010-01-04,W,938766,569397,1508163,2010,1,0,Before 2020,4,200944.0,469843.0,385396.0,371792.71428571426,441781.23333333334
2010-01-05,W,970860,589044,1559904,2010,1,1,Before 2020,5,569397.0,488944.0,276654.0,386014.71428571426,447914.6
2010-01-06,W,980962,598511,1579473,2010,1,2,Before 2020,6,589044.0,500436.0,643604.0,400314.71428571426,458327.6
2010-01-07,W,901941,616491,1518432,2010,1,3,Before 2020,7,598511.0,461311.0,661097.0,414325.4285714286,456824.5
2010-01-08,W,937662,597434,1535096,2010,1,4,Before 2020,8,616491.0,217060.0,649445.0,436494.0,455337.63333333336
2010-01-09,A,550886,310265,861151,2010,1,5,Before 2020,9,597434.0,264011.0,598439.0,490833.14285714284,453603.93333333335
2010-01-10,U,372942,216331,589273,2010,1,6,Before 2020,10,310265.0,200944.0,627993.0,497440.85714285716,443998.13333333336
2010-01-11,W,983964,609826,1593790,2010,1,0,Before 2020,11,216331.0,569397.0,371427.0,499639.0,430276.06666666665
2010-01-12,W,1012053,626651,1638704,2010,1,1,Before 2020,12,609826.0,589044.0,265706.0,505414.5714285714,438222.7
2010-01-13,W,1031317,632953,1664270,2010,1,2,Before 2020,13,626651.0,598511.0,616209.0,510787.0,450254.2
2010-01-14,W,1036398,641827,1678225,2010,1,3,Before 2020,14,632953.0,616491.0,619534.0,515707.28571428574,450812.3333333333
2010-01-15,W,1043125,634202,1677327,2010,1,4,Before 2020,15,641827.0,597434.0,614739.0,519326.71428571426,451555.43333333335
2010-01-16,A,616904,348293,965197,2010,1,5,Before 2020,16,634202.0,310265.0,624996.0,524579.2857142857,452204.2
2010-01-17,U,437665,251971,689636,2010,1,6,Before 2020,17,348293.0,216331.0,623684.0,530011.8571428572,442980.76666666666
2010-01-18,W,672311,416744,1089055,2010,1,0,Before 2020,18,251971.0,609826.0,350048.0,535103.2857142857,430590.3333333333
2010-01-19,W,1083689,661331,1745020,2010,1,1,Before 2020,19,416744.0,626651.0,257984.0,507520.14285714284,432813.5333333333
2010-01-20,W,1069450,657695,1727145,2010,1,2,Before 2020,20,661331.0,632953.0,548679.0,512474.4285714286,446258.43333333335
2010-01-21,W,1037561,659269,1696830,2010,1,3,Before 2020,21,657695.0,641827.0,546637.0,516009.0,449892.3
2010-01-22,W,1061872,642443,1704315,2010,1,4,Before 2020,22,659269.0,634202.0,498841.0,518500.71428571426,453646.7
2010-01-23,A,636107,355143,991250,2010,1,5,Before 2020,23,642443.0,348293.0,303611.0,519678.0,458433.43333333335
2010-01-24,U,416766,239968,656734,2010,1,6,Before 2020,24,355143.0,251971.0,121545.0,520656.5714285714,460151.1666666667
2010-01-25,W,1039778,645886,1685664,2010,1,0,Before 2020,25,239968.0,416744.0,237093.0,518941.85714285716,464098.6
2010-01-26,W,1037134,653753,1690887,2010,1,1,Before 2020,26,645886.0,661331.0,207527.0,551676.4285714285,477725.0333333333
2010-01-27,W,1022417,648561,1670978,2010,1,2,Before 2020,27,653753.0,657695.0,469843.0,550593.8571428572,492599.23333333334
2010-01-28,W,1002952,647250,1650202,2010,1,3,Before 2020,28,648561.0,659269.0,488944.0,549289.0,498556.5
2010-01-29,W,918474,610943,1529417,2010,1,4,Before 2020,29,647250.0,642443.0,500436.0,547572.0,503833.36666666664
2010-01-30,A,636005,358140,994145,2010,1,5,Before 2020,30,610943.0,355143.0,461311.0,543072.0,507516.93333333335
2010-01-31,U,437345,249932,687277,2010,1,6,Before 2020,31,358140.0,239968.0,217060.0,543500.1428571428,504077.9
2010-02-01,W,1091041,648428,1739469,2010,2,0,Before 2020,32,249932.0,645886.0,264011.0,544923.5714285715,505173.63333333336
2010-02-02,W,1062988,651659,1714647,2010,2,1,Before 2020,33,648428.0,653753.0,200944.0,545286.7142857143,517987.5333333333
2010-02-03,W,1114266,661280,1775546,2010,2,2,Before 2020,34,651659.0,648561.0,569397.0,544987.5714285715,533011.3666666667
2010-02-04,W,1090369,666455,1756824,2010,2,3,Before 2020,35,661280.0,647250.0,589044.0,546804.5714285715,536074.1333333333
2010-02-05,W,1047904,641303,1689207,2010,2,4,Before 2020,36,666455.0,610943.0,598511.0,549548.1428571428,538654.5
2010-02-06,A,616747,354178,970925,2010,2,5,Before 2020,37,641303.0,358140.0,616491.0,553885.2857142857,540080.9
2010-02-07,U,417214,248644,665858,2010,2,6,Before 2020,38,354178.0,249932.0,597434.0,553319.2857142857,531337.1333333333
2010-02-08,W,1006311,637392,1643703,2010,2,0,Before 2020,39,248644.0,648428.0,310265.0,553135.2857142857,519710.8
2010-02-09,W,913022,646792,1559814,2010,2,1,Before 2020,40,637392.0,651659.0,216331.0,551558.7142857143,530615.0333333333
2010-02-10,W,939412,645430,1584842,2010,2,2,Before 2020,41,646792.0,661280.0,609826.0,550863.4285714285,544963.7333333333
2010-02-11,W,921768,657486,1579254,2010,2,3,Before 2020,42,645430.0,666455.0,626651.0,548599.1428571428,546150.5333333333
2010-02-12,W,886702,608456,1495158,2010,2,4,Before 2020,43,657486.0,641303.0,632953.0,547317.8571428572,547178.3666666667
2010-02-13,A,641619,385945,1027564,2010,2,5,Before 2020,44,608456.0,354178.0,641827.0,542625.4285714285,546361.8
2010-02-14,U,486887,309746,796633,2010,2,6,Before 2020,45,385945.0,248644.0,634202.0,547163.5714285715,537832.4
2010-02-15,W,722405,483572,1205977,2010,2,0,Before 2020,46,309746.0,637392.0,348293.0,555892.4285714285,527017.2
2010-02-16,W,1028597,665769,1694366,2010,2,1,Before 2020,47,483572.0,646792.0,251971.0,533918.1428571428,531526.5
2010-02-17,W,1028817,663479,1692296,2010,2,2,Before 2020,48,665769.0,645430.0,416744.0,536629.1428571428,545319.7666666667
2010-02-18,W,1026992,673127,1700119,2010,2,3,Before 2020,49,663479.0,657486.0,661331.0,539207.5714285715,553544.2666666667
2010-02-19,W,1030451,658459,1688910,2010,2,4,Before 2020,50,673127.0,608456.0,657695.0,541442.0,553937.4666666667
2010-02-20,A,625306,379346,1004652,2010,2,5,Before 2020,51,658459.0,385945.0,659269.0,548585.2857142857,553962.9333333333
2010-02-21,U,418101,256673,674774,2010,2,6,Before 2020,52,379346.0,309746.0,642443.0,547642.5714285715,544632.1666666666
2010-02-22,W,953759,633739,1587498,2010,2,0,Before 2020,53,256673.0,483572.0,355143.0,540060.7142857143,531773.1666666666
2010-02-23,W,1015116,659707,1674823,2010,2,1,Before 2020,54,633739.0,665769.0,239968.0,561513.1428571428,541059.7
2010-02-24,W,996077,660548,1656625,2010,2,2,Before 2020,55,659707.0,663479.0,645886.0,560647.1428571428,555051.0
2010-02-25,W,1000799,668380,1669179,2010,2,3,Before 2020,56,660548.0,673127.0,653753.0,560228.4285714285,555539.7333333333
2010-02-26,W,999789,649111,1648900,2010,2,4,Before 2020,57,668380.0,658459.0,648561.0,559550.2857142857,556027.3
2010-02-27,A,603577,372769,976346,2010,2,5,Before 2020,58,649111.0,379346.0,647250.0,558214.8571428572,556045.6333333333
2010-02-28,U,418652,259369,678021,2010,2,6,Before 2020,59,372769.0,256673.0,610943.0,557275.2857142857,546896.2666666667
2010-03-01,W,893861,606818,1500679,2010,3,0,Before 2020,60,259369.0,633739.0,358140.0,557660.4285714285,535177.1333333333
2010-03-02,W,1032445,666762,1699207,2010,3,1,Before 2020,61,606818.0,659707.0,249932.0,553814.5714285715,543466.4
2010-03-03,W,1062280,674355,1736635,2010,3,2,Before 2020,62,666762.0,660548.0,648428.0,554822.4285714285,557360.7333333333
2010-03-04,W,1051738,680673,1732411,2010,3,3,Before 2020,63,674355.0,668380.0,651659.0,556794.8571428572,558224.9666666667
2010-03-05,W,1036156,664445,1700601,2010,3,4,Before 2020,64,680673.0,649111.0,661280.0,558551.0,559192.1
2010-03-06,A,662470,399749,1062219,2010,3,5,Before 2020,65,664445.0,372769.0,666455.0,560741.5714285715,559297.6
2010-03-07,U,418097,257932,676029,2010,3,6,Before 2020,66,399749.0,259369.0,641303.0,564595.8571428572,550407.4
2010-03-08,W,1013812,651269,1665081,2010,3,0,Before 2020,67,257932.0,606818.0,354178.0,564390.5714285715,537628.3666666667
2010-03-09,W,1025242,665192,1690434,2010,3,1,Before 2020,68,651269.0,666762.0,248644.0,570740.7142857143,547531.4
2010-03-10,W,1030470,670440,1700910,2010,3,2,Before 2020,69,665192.0,674355.0,637392.0,570516.4285714285,561416.3333333334
2010-03-11,W,994390,664881,1659271,2010,3,3,Before 2020,70,670440.0,680673.0,646792.0,569957.1428571428,562517.9333333333
2010-03-12,W,1013971,662812,1676783,2010,3,4,Before 2020,71,664881.0,664445.0,645430.0,567701.1428571428,563120.9
2010-03-13,A,593823,443491,1037314,2010,3,5,Before 2020,72,662812.0,399749.0,657486.0,567467.8571428572,563700.3
2010-03-14,U,428683,273849,702532,2010,3,6,Before 2020,73,443491.0,257932.0,608456.0,573716.7142857143,556567.1333333333
2010-03-15,W,996747,648605,1645352,2010,3,0,Before 2020,74,273849.0,651269.0,385945.0,575990.5714285715,545413.5666666667
2010-03-16,W,1036185,679563,1715748,2010,3,1,Before 2020,75,648605.0,665192.0,309746.0,575610.0,554168.9
2010-03-17,W,1043518,689789,1733307,2010,3,2,Before 2020,76,679563.0,670440.0,483572.0,577663.0,566496.1333333333
2010-03-18,W,1036643,690207,1726850,2010,3,3,Before 2020,77,689789.0,664881.0,665769.0,580427.1428571428,573370.0333333333
2010-03-19,W,1022766,663983,1686749,2010,3,4,Before 2020,78,690207.0,662812.0,663479.0,584045.1428571428,574184.6333333333
2010-03-20,A,505581,325253,830834,2010,3,5,Before 2020,79,663983.0,443491.0,673127.0,584212.4285714285,574201.4333333333
2010-03-21,U,405115,271794,676909,2010,3,6,Before 2020,80,325253.0,273849.0,658459.0,567321.2857142857,562605.6333333333
2010-03-22,W,981316,617250,1598566,2010,3,0,Before 2020,81,271794.0,648605.0,379346.0,567027.7142857143,549716.8
2010-03-23,W,1012454,638684,1651138,2010,3,1,Before 2020,82,617250.0,679563.0,256673.0,562548.4285714285,557646.9333333333
2010-03-24,W,987466,633221,1620687,2010,3,2,Before 2020,83,638684.0,689789.0,633739.0,556708.5714285715,570380.6333333333
2010-03-25,W,949845,629016,1578861,2010,3,3,Before 2020,84,633221.0,690207.0,659707.0,548627.4285714285,570363.3666666667
2010-03-26,W,971169,632589,1603758,2010,3,4,Before 2020,85,629016.0,663983.0,660548.0,539885.8571428572,569340.3333333334
2010-03-27,A,608093,373225,981318,2010,3,5,Before 2020,86,632589.0,325253.0,668380.0,535401.0,568408.3666666667
2010-03-28,U,413535,260956,674491,2010,3,6,Before 2020,87,373225.0,271794.0,649111.0,542254.1428571428,558569.8666666667
2010-03-29,W,852199,601592,1453791,2010,3,0,Before 2020,88,260956.0,617250.0,372769.0,540705.8571428572,545631.3666666667
2010-03-30,W,884276,625592,1509868,2010,3,1,Before 2020,89,601592.0,638684.0,259369.0,538469.0,553258.8
2010-03-31,W,901476,645780,1547256,2010,3,2,Before 2020,90,625592.0,633221.0,606818.0,536598.7142857143,565466.2333333333
2010-04-01,W,949879,673448,1623327,2010,4,3,Before 2020,91,645780.0,629016.0,666762.0,538392.8571428572,566764.9666666667
2010-04-02,W,881173,601009,1482182,2010,4,4,Before 2020,92,673448.0,632589.0,674355.0,544740.2857142857,566987.8333333334
2010-04-03,A,583966,340842,924808,2010,4,5,Before 2020,93,601009.0,373225.0,680673.0,540228.8571428572,564542.9666666667
2010-04-04,U,400341,234963,635304,2010,4,6,Before 2020,94,340842.0,260956.0,664445.0,535602.7142857143,553215.2666666667
2010-04-05,W,975213,657842,1633055,2010,4,0,Before 2020,95,234963.0,601592.0,399749.0,531889.4285714285,538899.2
2010-04-06,W,984899,664805,1649704,2010,4,1,Before 2020,96,657842.0,625592.0,257932.0,539925.1428571428,547502.3
2010-04-07,W,940753,666668,1607421,2010,4,2,Before 2020,97,664805.0,645780.0,651269.0,545527.0,561064.7333333333
2010-04-08,W,988825,683625,1672450,2010,4,3,Before 2020,98,666668.0,673448.0,665192.0,548511.0,561578.0333333333
2010-04-09,W,948808,679699,1628507,2010,4,4,Before 2020,99,683625.0,601009.0,670440.0,549964.8571428572,562192.4666666667
2010-04-10,A,663179,440432,1103611,2010,4,5,Before 2020,100,679699.0,340842.0,664881.0,561206.2857142857,562501.1
2010-04-11,U,440552,289141,729693,2010,4,6,Before 2020,101,440432.0,234963.0,662812.0,575433.4285714285,555019.4666666667
2010-04-12,W,1008809,689027,1697836,2010,4,0,Before 2020,102,289141.0,657842.0,443491.0,583173.1428571428,542563.7666666667
2010-04-13,W,1031798,679327,1711125,2010,4,1,Before 2020,103,689027.0,664805.0,273849.0,587628.1428571428,550748.3
2010-04-14,W,1043690,714316,1758006,2010,4,2,Before 2020,104,679327.0,666668.0,648605.0,589702.7142857143,564264.2333333333
2010-04-15,W,1040113,728178,1768291,2010,4,3,Before 2020,105,714316.0,683625.0,679563.0,596509.5714285715,566454.6
2010-04-16,W,1005953,706984,1712937,2010,4,4,Before 2020,106,728178.0,679699.0,689789.0,602874.2857142857,568075.1
2010-04-17,A,643599,438658,1082257,2010,4,5,Before 2020,107,706984.0,440432.0,690207.0,606772.1428571428,568648.2666666667
2010-04-18,U,443588,309798,753386,2010,4,6,Before 2020,108,438658.0,289141.0,663983.0,606518.7142857143,560263.3
2010-04-19,W,1006105,663348,1669453,2010,4,0,Before 2020,109,309798.0,689027.0,325253.0,609469.7142857143,548457.1333333333
2010-04-20,W,1023621,685488,1709109,2010,4,1,Before 2020,110,663348.0,679327.0,271794.0,605801.2857142857,559726.9666666667
2010-04-21,W,1010968,682322,1693290,2010,4,2,Before 2020,111,685488.0,714316.0,617250.0,606681.4285714285,573516.7666666667
2010-04-22,W,976688,683400,1660088,2010,4,3,Before 2020,112,682322.0,728178.0,638684.0,602110.8571428572,575685.8333333334
2010-04-23,W,996166,671480,1667646,2010,4,4,Before 2020,113,683400.0,706984.0,633221.0,595714.0,577176.3666666667
2010-04-24,A,588835,385430,974265,2010,4,5,Before 2020,114,671480.0,438658.0,629016.0,590642.0,578451.6666666666
2010-04-25,U,387151,264966,652117,2010,4,6,Before 2020,115,385430.0,309798.0,632589.0,583038.0,570332.1333333333
2010-04-26,W,1014665,682134,1696799,2010,4,0,Before 2020,116,264966.0,663348.0,373225.0,576633.4285714285,558078.0333333333
2010-04-27,W,1022698,697232,1719930,2010,4,1,Before 2020,117,682134.0,685488.0,260956.0,579317.1428571428,568375.0
2010-04-28,W,981925,695381,1677306,2010,4,2,Before 2020,118,697232.0,682322.0,601592.0,580994.8571428572,582917.5333333333
2010-04-29,W,971157,697327,1668484,2010,4,3,Before 2020,119,695381.0,683400.0,625592.0,582860.4285714285,586043.8333333334
2010-04-30,W,1032120,707210,1739330,2010,4,4,Before 2020,120,697327.0,671480.0,645780.0,584850.0,588435.0
2010-05-01,A,668743,455658,1124401,2010,5,5,Before 2020,121,707210.0,385430.0,673448.0,589954.2857142857,590482.6666666666
2010-05-02,U,458651,314736,773387,2010,5,6,Before 2020,122,455658.0,264966.0,601009.0,599986.8571428572,583223.0
2010-05-03,W,1051064,673932,1724996,2010,5,0,Before 2020,123,314736.0,682134.0,340842.0,607096.8571428572,573680.5666666667
2010-05-04,W,1047595,687646,1735241,2010,5,1,Before 2020,124,673932.0,697232.0,234963.0,605925.1428571428,584783.5666666667
2010-05-05,W,1033684,692081,1725765,2010,5,2,Before 2020,125,687646.0,695381.0,657842.0,604555.7142857143,599873.0
2010-05-06,W,1030345,690306,1720651,2010,5,3,Before 2020,126,692081.0,697327.0,664805.0,604084.2857142857,601014.3
2010-05-07,W,959307,650935,1610242,2010,5,4,Before 2020,127,690306.0,707210.0,666668.0,603081.2857142857,601864.3333333334
2010-05-08,A,608071,379017,987088,2010,5,5,Before 2020,128,650935.0,455658.0,683625.0,595042.0,601339.9
2010-05-09,U,439376,282516,721892,2010,5,6,Before 2020,129,379017.0,314736.0,679699.0,584093.2857142857,591186.3
2010-05-10,W,982426,680635,1663061,2010,5,0,Before 2020,130,282516.0,673932.0,440432.0,579490.4285714285,577946.8666666667
2010-05-11,W,948970,668287,1617257,2010,5,1,Before 2020,131,680635.0,687646.0,289141.0,580448.0,585953.6333333333
2010-05-12,W,987926,682843,1670769,2010,5,2,Before 2020,132,668287.0,692081.0,689027.0,577682.4285714285,598591.8333333334
2010-05-13,W,955701,664390,1620091,2010,5,3,Before 2020,133,682843.0,690306.0,679327.0,576362.7142857143,598385.7
2010-05-14,W,1022640,708596,1731236,2010,5,4,Before 2020,134,664390.0,650935.0,714316.0,572660.4285714285,597887.8
2010-05-15,A,632980,428608,1061588,2010,5,5,Before 2020,135,708596.0,379017.0,728178.0,580897.7142857143,597697.1333333333
2010-05-16,U,446820,316780,763600,2010,5,6,Before 2020,136,428608.0,282516.0,706984.0,587982.1428571428,587711.4666666667
2010-05-17,W,951092,643233,1594325,2010,5,0,Before 2020,137,316780.0,680635.0,438658.0,592877.0,574704.6666666666
2010-05-18,W,976377,669846,1646223,2010,5,1,Before 2020,138,643233.0,668287.0,309798.0,587533.8571428572,581523.8333333334
2010-05-19,W,1009046,668811,1677857,2010,5,2,Before 2020,139,669846.0,682843.0,663348.0,587756.5714285715,593525.4333333333
2010-05-20,W,982640,667152,1649792,2010,5,3,Before 2020,140,668811.0,664390.0,685488.0,585752.0,593707.5333333333
2010-05-21,W,949316,656659,1605975,2010,5,4,Before 2020,141,667152.0,708596.0,682322.0,586146.5714285715,593096.3333333334
2010-05-22,A,646961,413263,1060224,2010,5,5,Before 2020,142,656659.0,428608.0,683400.0,578727.0,592240.9
2010-05-23,U,490423,322958,813381,2010,5,6,Before 2020,143,413263.0,316780.0,671480.0,576534.8571428572,583236.3333333334
2010-05-24,W,974382,650835,1625217,2010,5,0,Before 2020,144,322958.0,643233.0,385430.0,577417.4285714285,571618.9333333333
2010-05-25,W,1005290,690144,1695434,2010,5,1,Before 2020,145,650835.0,669846.0,264966.0,578503.4285714285,580465.7666666667
2010-05-26,W,1004824,688396,1693220,2010,5,2,Before 2020,146,690144.0,668811.0,682134.0,581403.1428571428,594638.3666666667
2010-05-27,W,995700,697901,1693601,2010,5,3,Before 2020,147,688396.0,667152.0,697232.0,584201.0,594847.1
2010-05-28,W,994671,694492,1689163,2010,5,4,Before 2020,148,697901.0,656659.0,695381.0,588593.7142857143,594869.4
2010-05-29,A,645684,455979,1101663,2010,5,5,Before 2020,149,694492.0,413263.0,697327.0,593998.4285714285,594839.7666666667
2010-05-30,U,480340,367778,848118,2010,5,6,Before 2020,150,455979.0,322958.0,707210.0,600100.7142857143,586794.8333333334
2010-05-31,U,347857,243566,591423,2010,5,0,Before 2020,151,367778.0,650835.0,455658.0,606503.5714285715,575480.4333333333
2010-06-01,W,1024767,669261,1694028,2010,6,1,Before 2020,152,243566.0,690144.0,314736.0,548322.2857142857,568410.7
2010-06-02,W,990049,663107,1653156,2010,6,2,Before 2020,153,669261.0,688396.0,673932.0,545339.0,580228.2
2010-06-03,W,1042401,688706,1731107,2010,6,3,Before 2020,154,663107.0,697901.0,687646.0,541726.2857142857,579867.3666666667
2010-06-04,W,1013014,679386,1692400,2010,6,4,Before 2020,155,688706.0,694492.0,692081.0,540412.7142857143,579902.7
2010-06-05,A,596776,390596,987372,2010,6,5,Before 2020,156,679386.0,455979.0,690306.0,538254.7142857143,579479.5333333333
2010-06-06,U,455093,308756,763849,2010,6,6,Before 2020,157,390596.0,367778.0,650935.0,528914.2857142857,569489.2
2010-06-07,W,1001595,679492,1681087,2010,6,0,Before 2020,158,308756.0,243566.0,379017.0,520482.5714285714,558083.2333333333
2010-06-08,W,931456,652565,1584021,2010,6,1,Before 2020,159,679492.0,669261.0,282516.0,582757.7142857143,568099.0666666667
2010-06-09,W,1032439,707821,1740260,2010,6,2,Before 2020,160,652565.0,663107.0,680635.0,580372.5714285715,580434.0333333333
2010-06-10,W,1019373,707755,1727128,2010,6,3,Before 2020,161,707821.0,688706.0,668287.0,586760.2857142857,581340.2333333333
2010-06-11,W,979074,845329,1824403,2010,6,4,Before 2020,162,707755.0,679386.0,682843.0,589481.5714285715,582655.8333333334
2010-06-12,A,600914,444278,1045192,2010,6,5,Before 2020,163,845329.0,390596.0,664390.0,613187.7142857143,588072.0333333333
2010-06-13,U,451434,348910,800344,2010,6,6,Before 2020,164,444278.0,308756.0,708596.0,620856.5714285715,580734.9666666667
2010-06-14,W,955902,662467,1618369,2010,6,0,Before 2020,165,348910.0,679492.0,428608.0,626592.8571428572,568745.4333333333
2010-06-15,W,948177,686852,1635029,2010,6,1,Before 2020,166,662467.0,652565.0,316780.0,624160.7142857143,576540.7333333333
2010-06-16,W,1003968,723671,1727639,2010,6,2,Before 2020,167,686852.0,707821.0,643233.0,629058.8571428572,588876.4666666667
2010-06-17,W,954409,719629,1674038,2010,6,3,Before 2020,168,723671.0,707755.0,669846.0,631323.1428571428,591557.7333333333
2010-06-18,W,940534,693973,1634507,2010,6,4,Before 2020,169,719629.0,845329.0,668811.0,633019.4285714285,593217.1666666666
2010-06-19,A,673052,472662,1145714,2010,6,5,Before 2020,170,693973.0,444278.0,667152.0,611397.1428571428,594055.9
2010-06-20,U,465420,301730,767150,2010,6,6,Before 2020,171,472662.0,348910.0,656659.0,615452.0,587572.9
2010-06-21,W,868542,626192,1494734,2010,6,0,Before 2020,172,301730.0,662467.0,413263.0,608712.0,575741.9333333333
2010-06-22,W,916810,666558,1583368,2010,6,1,Before 2020,173,626192.0,686852.0,322958.0,603529.8571428572,582839.5666666667
2010-06-23,W,820493,627767,1448260,2010,6,2,Before 2020,174,666558.0,723671.0,650835.0,600630.7142857143,594292.9
2010-06-24,W,931520,691266,1622786,2010,6,3,Before 2020,175,627767.0,719629.0,690144.0,586930.1428571428,593523.9666666667
2010-06-25,W,941751,750414,1692165,2010,6,4,Before 2020,176,691266.0,693973.0,688396.0,582878.2857142857,593561.3666666667
2010-06-26,A,646770,467943,1114713,2010,6,5,Before 2020,177,750414.0,472662.0,697901.0,590941.2857142857,595628.6333333333
2010-06-27,U,439815,441824,881639,2010,6,6,Before 2020,178,467943.0,301730.0,694492.0,590267.1428571428,587963.3666666667
2010-06-28,W,911187,698735,1609922,2010,6,0,Before 2020,179,441824.0,626192.0,455979.0,610280.5714285715,579541.1
2010-06-29,W,919886,716597,1636483,2010,6,1,Before 2020,180,698735.0,666558.0,367778.0,620643.8571428572,587632.9666666667
2010-06-30,W,939032,726101,1665133,2010,6,2,Before 2020,181,716597.0,627767.0,243566.0,627792.2857142857,599260.2666666667
2010-07-01,W,997162,802022,1799184,2010,7,3,Before 2020,182,726101.0,691266.0,669261.0,641840.0,615344.7666666667
2010-07-02,W,948286,728895,1677181,2010,7,4,Before 2020,183,802022.0,750414.0,663107.0,657662.2857142857,619770.1333333333
2010-07-03,A,688185,498374,1186559,2010,7,5,Before 2020,184,728895.0,467943.0,688706.0,654588.1428571428,621963.0666666667
2010-07-04,U,517771,431068,948839,2010,7,6,Before 2020,185,498374.0,441824.0,679386.0,658935.4285714285,615618.6666666666
2010-07-05,U,490386,338754,829140,2010,7,0,Before 2020,186,431068.0,698735.0,390596.0,657398.8571428572,607341.4
2010-07-06,W,906377,637312,1543689,2010,7,1,Before 2020,187,338754.0,716597.0,308756.0,605973.0,605613.3333333334
2010-07-07,W,911994,656096,1568090,2010,7,2,Before 2020,188,637312.0,726101.0,679492.0,594646.5714285715,616565.2
2010-07-08,W,913888,665000,1578888,2010,7,3,Before 2020,189,656096.0,802022.0,652565.0,584645.8571428572,615785.3333333334
2010-07-09,W,930427,676348,1606775,2010,7,4,Before 2020,190,665000.0,728895.0,707821.0,565071.2857142857,616199.8333333334
2010-07-10,A,625843,418254,1044097,2010,7,5,Before 2020,191,676348.0,498374.0,707755.0,557564.5714285715,615150.7333333333
2010-07-11,U,441707,304804,746511,2010,7,6,Before 2020,192,418254.0,431068.0,845329.0,546118.8571428572,605500.7
2010-07-12,W,916793,645066,1561859,2010,7,0,Before 2020,193,304804.0,338754.0,444278.0,528081.1428571428,587483.2
2010-07-13,W,944367,664923,1609290,2010,7,1,Before 2020,194,645066.0,637312.0,348910.0,571840.0,594176.1333333333
2010-07-14,W,938980,670046,1609026,2010,7,2,Before 2020,195,664923.0,656096.0,662467.0,575784.4285714285,604709.9
2010-07-15,W,934492,715607,1650099,2010,7,3,Before 2020,196,670046.0,665000.0,686852.0,577777.2857142857,604962.5333333333
2010-07-16,W,928476,753901,1682377,2010,7,4,Before 2020,197,715607.0,676348.0,723671.0,585006.8571428572,605921.0333333333
2010-07-17,A,653987,518643,1172630,2010,7,5,Before 2020,198,753901.0,418254.0,719629.0,596085.8571428572,606928.7
2010-07-18,U,453952,378151,832103,2010,7,6,Before 2020,199,518643.0,304804.0,693973.0,610427.1428571428,600229.1666666666
2010-07-19,W,927114,681084,1608198,2010,7,0,Before 2020,200,378151.0,645066.0,472662.0,620905.2857142857,589701.7666666667
2010-07-20,W,938739,692212,1630951,2010,7,1,Before 2020,201,681084.0,664923.0,301730.0,626050.7142857143,596649.1666666666
2010-07-21,W,951550,705647,1657197,2010,7,2,Before 2020,202,692212.0,670046.0,626192.0,629949.1428571428,609665.2333333333
2010-07-22,W,927185,670399,1597584,2010,7,3,Before 2020,203,705647.0,715607.0,666558.0,635035.0,612313.7333333333
2010-07-23,W,879035,677196,1556231,2010,7,4,Before 2020,204,670399.0,753901.0,627767.0,628576.7142857143,612441.7666666667
2010-07-24,A,571189,416540,987729,2010,7,5,Before 2020,205,677196.0,518643.0,691266.0,617618.8571428572,614089.4
2010-07-25,U,472911,351173,824084,2010,7,6,Before 2020,206,416540.0,378151.0,750414.0,603032.7142857143,604931.8666666667
2010-07-26,W,915404,658817,1574221,2010,7,0,Before 2020,207,351173.0,681084.0,467943.0,599178.7142857143,591623.8333333334
2010-07-27,W,935330,670382,1605712,2010,7,1,Before 2020,208,658817.0,692212.0,441824.0,595997.7142857143,597986.3
2010-07-28,W,908070,667607,1575677,2010,7,2,Before 2020,209,670382.0,705647.0,698735.0,592879.1428571428,605604.9
2010-07-29,W,933636,684987,1618623,2010,7,3,Before 2020,210,667607.0,670399.0,716597.0,587444.8571428572,604567.3
2010-07-30,W,943778,683141,1626919,2010,7,4,Before 2020,211,684987.0,677196.0,726101.0,589528.8571428572,603513.6333333333
2010-07-31,A,657365,450680,1108045,2010,7,5,Before 2020,212,683141.0,416540.0,802022.0,590378.1428571428,602081.6333333333
2010-08-01,U,491220,348968,840188,2010,8,6,Before 2020,213,450680.0,351173.0,728895.0,595255.2857142857,590370.2333333333
2010-08-02,W,913649,660658,1574307,2010,8,0,Before 2020,214,348968.0,658817.0,498374.0,594940.2857142857,577706.0
2010-08-03,W,927125,668186,1595311,2010,8,1,Before 2020,215,660658.0,670382.0,431068.0,595203.2857142857,583115.4666666667
2010-08-04,W,880047,663305,1543352,2010,8,2,Before 2020,216,668186.0,667607.0,338754.0,594889.5714285715,591019.4
2010-08-05,W,949218,698256,1647474,2010,8,3,Before 2020,217,663305.0,684987.0,637312.0,594275.0,601837.7666666667
2010-08-06,W,947220,791899,1739119,2010,8,4,Before 2020,218,698256.0,683141.0,656096.0,596170.5714285715,603869.2333333333
2010-08-07,A,668567,551140,1219707,2010,8,5,Before 2020,219,791899.0,450680.0,665000.0,611707.4285714285,608396.0
2010-08-08,U,464239,415228,879467,2010,8,6,Before 2020,220,551140.0,348968.0,676348.0,626058.8571428572,604600.6666666666
2010-08-09,W,902342,647949,1550291,2010,8,0,Before 2020,221,415228.0,660658.0,418254.0,635524.5714285715,595896.6666666666
2010-08-10,W,909752,662126,1571878,2010,8,1,Before 2020,222,647949.0,668186.0,304804.0,633709.0,603553.1666666666
2010-08-11,W,902498,661211,1563709,2010,8,2,Before 2020,223,662126.0,663305.0,645066.0,632843.2857142857,615463.9
2010-08-12,W,908352,666665,1575017,2010,8,3,Before 2020,224,661211.0,698256.0,664923.0,632544.1428571428,616002.0666666667
2010-08-13,W,918501,665794,1584295,2010,8,4,Before 2020,225,666665.0,791899.0,670046.0,628031.1428571428,616060.1333333333
2010-08-14,A,688021,460503,1148524,2010,8,5,Before 2020,226,665794.0,551140.0,715607.0,610016.1428571428,615918.4
2010-08-15,U,507105,359893,866998,2010,8,6,Before 2020,227,460503.0,415228.0,753901.0,597068.0,607414.9333333333
2010-08-16,W,907011,648950,1555961,2010,8,0,Before 2020,228,359893.0,647949.0,518643.0,589163.0,594281.3333333334
2010-08-17,W,909673,659235,1568908,2010,8,1,Before 2020,229,648950.0,662126.0,378151.0,589306.0,598624.9
2010-08-18,W,935381,676787,1612168,2010,8,2,Before 2020,230,659235.0,661211.0,681084.0,588893.0,607994.3666666667
2010-08-19,W,940943,688195,1629138,2010,8,3,Before 2020,231,676787.0,666665.0,692212.0,591118.1428571428,607851.1333333333
2010-08-20,W,928525,688864,1617389,2010,8,4,Before 2020,232,688195.0,665794.0,705647.0,594193.8571428572,607717.2333333333
2010-08-21,A,662928,462355,1125283,2010,8,5,Before 2020,233,688864.0,460503.0,670399.0,597489.5714285715,607157.8
2010-08-22,U,470110,336654,806764,2010,8,6,Before 2020,234,462355.0,359893.0,677196.0,597754.1428571428,600223.0
2010-08-23,W,941694,650532,1592226,2010,8,0,Before 2020,235,336654.0,648950.0,416540.0,594434.2857142857,588871.6
2010-08-24,W,962622,674401,1637023,2010,8,1,Before 2020,236,650532.0,659235.0,351173.0,594660.2857142857,596671.3333333334
2010-08-25,W,973800,689560,1663360,2010,8,2,Before 2020,237,674401.0,676787.0,658817.0,596826.8571428572,607445.6
2010-08-26,W,978212,694660,1672872,2010,8,3,Before 2020,238,689560.0,688195.0,670382.0,598651.5714285715,608470.3666666667
2010-08-27,W,991691,700296,1691987,2010,8,4,Before 2020,239,694660.0,688864.0,667607.0,599575.1428571428,609279.6333333333
2010-08-28,A,678949,458504,1137453,2010,8,5,Before 2020,240,700296.0,462355.0,684987.0,601208.2857142857,610369.2666666667
2010-08-29,U,471725,334378,806103,2010,8,6,Before 2020,241,458504.0,336654.0,683141.0,600658.1428571428,602819.8333333334
2010-08-30,W,960273,673150,1633423,2010,8,0,Before 2020,242,334378.0,650532.0,450680.0,600333.0,591194.4
2010-08-31,W,980388,693348,1673736,2010,8,1,Before 2020,243,673150.0,674401.0,348968.0,603564.1428571428,598610.0666666667
2010-09-01,W,1014776,696657,1711433,2010,9,2,Before 2020,244,693348.0,689560.0,660658.0,606270.8571428572,610089.4
2010-09-02,W,964759,679832,1644591,2010,9,3,Before 2020,245,696657.0,694660.0,668186.0,607284.7142857143,611289.3666666667
2010-09-03,W,996297,721206,1717503,2010,9,4,Before 2020,246,679832.0,700296.0,663305.0,605166.4285714285,611677.5666666667
2010-09-04,A,671418,475332,1146750,2010,9,5,Before 2020,247,721206.0,458504.0,698256.0,608153.5714285715,613607.6
2010-09-05,U,497194,399389,896583,2010,9,6,Before 2020,248,475332.0,334378.0,791899.0,610557.5714285715,606176.8
2010-09-06,U,453040,319536,772576,2010,9,0,Before 2020,249,399389.0,673150.0,551140.0,619844.8571428572,593093.1333333333
2010-09-07,W,1067665,723135,1790800,2010,9,1,Before 2020,250,319536.0,693348.0,415228.0,569328.5714285715,585373.0
2010-09-08,W,1078904,744212,1823116,2010,9,2,Before 2020,251,723135.0,696657.0,647949.0,573583.8571428572,595636.5666666667
2010-09-09,W,1053439,729328,1782767,2010,9,3,Before 2020,252,744212.0,679832.0,662126.0,580377.4285714285,598845.3333333334
2010-09-10,W,1067844,740993,1808837,2010,9,4,Before 2020,253,729328.0,721206.0,661211.0,587448.2857142857,601085.4
2010-09-11,A,620475,438303,1058778,2010,9,5,Before 2020,254,740993.0,475332.0,666665.0,590275.0,603744.8
2010-09-12,U,478785,343875,822660,2010,9,6,Before 2020,255,438303.0,399389.0,665794.0,584985.1428571428,596132.7333333333
2010-09-13,W,1064113,722939,1787052,2010,9,0,Before 2020,256,343875.0,319536.0,460503.0,577054.5714285715,585402.1
2010-09-14,W,1073013,743702,1816715,2010,9,1,Before 2020,257,722939.0,723135.0,359893.0,634683.5714285715,594149.9666666667
2010-09-15,W,1077313,757144,1834457,2010,9,2,Before 2020,258,743702.0,744212.0,648950.0,637621.7142857143,606943.6
2010-09-16,W,1030218,751525,1781743,2010,9,3,Before 2020,259,757144.0,729328.0,659235.0,639469.1428571428,610550.0666666667
2010-09-17,W,1070710,777601,1848311,2010,9,4,Before 2020,260,751525.0,740993.0,676787.0,642640.1428571428,613626.4
2010-09-18,A,602888,457774,1060662,2010,9,5,Before 2020,261,777601.0,438303.0,688195.0,647869.8571428572,616986.8666666667
2010-09-19,U,463244,335858,799102,2010,9,6,Before 2020,262,457774.0,343875.0,688864.0,650651.4285714285,609306.1666666666
2010-09-20,W,1040338,712870,1753208,2010,9,0,Before 2020,263,335858.0,722939.0,462355.0,649506.1428571428,597539.3
2010-09-21,W,1068204,750363,1818567,2010,9,1,Before 2020,264,712870.0,743702.0,336654.0,648067.7142857143,605889.8
2010-09-22,W,1038052,751724,1789776,2010,9,2,Before 2020,265,750363.0,757144.0,650532.0,649019.2857142857,619680.1
2010-09-23,W,1067715,767134,1834849,2010,9,3,Before 2020,266,751724.0,751525.0,674401.0,648245.0,623053.1666666666
2010-09-24,W,966185,750033,1716218,2010,9,4,Before 2020,267,767134.0,777601.0,689560.0,650474.8571428572,626144.2666666667
2010-09-25,A,647044,486430,1133474,2010,9,5,Before 2020,268,750033.0,457774.0,694660.0,646536.5714285715,628160.0333333333
2010-09-26,U,439578,331103,770681,2010,9,6,Before 2020,269,486430.0,335858.0,700296.0,650630.2857142857,621219.0333333333
2010-09-27,W,1030264,725559,1755823,2010,9,0,Before 2020,270,331103.0,712870.0,458504.0,649951.0,608912.6
2010-09-28,W,1049114,732828,1781942,2010,9,1,Before 2020,271,725559.0,750363.0,334378.0,651763.7142857143,617814.4333333333
2010-09-29,W,1044807,734953,1779760,2010,9,2,Before 2020,272,732828.0,751724.0,673150.0,649258.7142857143,631096.1
2010-09-30,W,1040445,748851,1789296,2010,9,3,Before 2020,273,734953.0,767134.0,693348.0,646862.8571428572,633156.2
2010-10-01,W,1095244,742857,1838101,2010,10,4,Before 2020,274,748851.0,750033.0,696657.0,644251.0,635006.3
2010-10-02,A,620784,423372,1044156,2010,10,5,Before 2020,275,742857.0,486430.0,679832.0,643225.8571428572,636546.3
2010-10-03,U,451850,307659,759509,2010,10,6,Before 2020,276,423372.0,331103.0,721206.0,634217.5714285715,627997.6333333333
2010-10-04,W,1049060,710406,1759466,2010,10,0,Before 2020,277,307659.0,725559.0,475332.0,630868.4285714285,614212.7333333333
2010-10-05,W,1062843,726247,1789090,2010,10,1,Before 2020,278,710406.0,732828.0,399389.0,628703.7142857143,622048.5333333333
2010-10-06,W,1057375,730113,1787488,2010,10,2,Before 2020,279,726247.0,734953.0,319536.0,627763.5714285715,632943.8
2010-10-07,W,1048120,753345,1801465,2010,10,3,Before 2020,280,730113.0,748851.0,723135.0,627072.1428571428,646629.7
2010-10-08,W,1060557,753053,1813610,2010,10,4,Before 2020,281,753345.0,742857.0,744212.0,627714.1428571428,647636.7
2010-10-09,A,683056,503343,1186399,2010,10,5,Before 2020,282,753053.0,423372.0,729328.0,629170.7142857143,647931.4
2010-10-10,U,453193,489078,942271,2010,10,6,Before 2020,283,503343.0,307659.0,740993.0,640595.1428571428,640398.5666666667
2010-10-11,W,824834,627449,1452283,2010,10,0,Before 2020,284,489078.0,710406.0,438303.0,666512.1428571428,632001.4
2010-10-12,W,1068010,736048,1804058,2010,10,1,Before 2020,285,627449.0,726247.0,343875.0,654661.1428571428,638306.2666666667
2010-10-13,W,1024910,726372,1751282,2010,10,2,Before 2020,286,736048.0,730113.0,722939.0,656061.2857142857,651378.7
2010-10-14,W,1060257,750943,1811200,2010,10,3,Before 2020,287,726372.0,753345.0,743702.0,655526.8571428572,651493.1333333333
2010-10-15,W,1067602,753653,1821255,2010,10,4,Before 2020,288,750943.0,753053.0,757144.0,655183.7142857143,651734.5
2010-10-16,A,674323,477876,1152199,2010,10,5,Before 2020,289,753653.0,503343.0,751525.0,655269.4285714285,651618.1333333333
2010-10-17,U,470817,337407,808224,2010,10,6,Before 2020,290,477876.0,489078.0,777601.0,651631.2857142857,642496.5
2010-10-18,W,1038903,717627,1756530,2010,10,0,Before 2020,291,337407.0,627449.0,457774.0,629964.0,627823.3666666667
2010-10-19,W,1057820,729779,1787599,2010,10,1,Before 2020,292,717627.0,736048.0,335858.0,642846.5714285715,636485.1333333333
2010-10-20,W,1061125,733950,1795075,2010,10,2,Before 2020,293,729779.0,726372.0,712870.0,641951.0,649615.8333333334
2010-10-21,W,1053153,747116,1800269,2010,10,3,Before 2020,294,733950.0,750943.0,750363.0,643033.5714285715,650318.5
2010-10-22,W,987323,727707,1715030,2010,10,4,Before 2020,295,747116.0,753653.0,751724.0,642486.8571428572,650210.2666666667
2010-10-23,A,624770,451848,1076618,2010,10,5,Before 2020,296,727707.0,477876.0,767134.0,638780.2857142857,649409.7
2010-10-24,U,443462,319622,763084,2010,10,6,Before 2020,297,451848.0,337407.0,750033.0,635062.0,638900.1666666666
2010-10-25,W,1030602,710784,1741386,2010,10,0,Before 2020,298,319622.0,717627.0,486430.0,632521.2857142857,624553.1333333333
2010-10-26,W,948119,691241,1639360,2010,10,1,Before 2020,299,710784.0,729779.0,331103.0,631543.7142857143,632031.6
2010-10-27,W,1051715,739161,1790876,2010,10,2,Before 2020,300,691241.0,733950.0,725559.0,626038.2857142857,644036.2
2010-10-28,W,1023047,735281,1758328,2010,10,3,Before 2020,301,739161.0,747116.0,732828.0,626782.7142857143,644489.6
2010-10-29,W,1027443,725760,1753203,2010,10,4,Before 2020,302,735281.0,727707.0,734953.0,625092.0,644571.3666666667
2010-10-30,A,653147,447410,1100557,2010,10,5,Before 2020,303,725760.0,451848.0,748851.0,624813.8571428572,644264.9333333333
2010-10-31,U,451532,321535,773067,2010,10,6,Before 2020,304,447410.0,319622.0,742857.0,624179.8571428572,634216.9
2010-11-01,W,1050239,702890,1753129,2010,11,0,Before 2020,305,321535.0,710784.0,423372.0,624453.1428571428,620172.8333333334
2010-11-02,W,1053066,711219,1764285,2010,11,1,Before 2020,306,702890.0,691241.0,307659.0,623325.4285714285,629490.1
2010-11-03,W,1067432,725866,1793298,2010,11,2,Before 2020,307,711219.0,739161.0,710406.0,626179.4285714285,642942.1
2010-11-04,W,1036639,731024,1767663,2010,11,3,Before 2020,308,725866.0,735281.0,726247.0,624280.1428571428,643457.4333333333
2010-11-05,W,1034503,723652,1758155,2010,11,4,Before 2020,309,731024.0,725760.0,730113.0,623672.0,643616.6666666666
2010-11-06,A,641520,455652,1097172,2010,11,5,Before 2020,310,723652.0,447410.0,753345.0,623370.8571428572,643401.3
2010-11-07,U,453831,305880,759711,2010,11,6,Before 2020,311,455652.0,321535.0,753053.0,624548.2857142857,633478.2
2010-11-08,W,1046515,709569,1756084,2010,11,0,Before 2020,312,305880.0,702890.0,503343.0,622311.8571428572,618572.4333333333
2010-11-09,W,1058688,721276,1779964,2010,11,1,Before 2020,313,709569.0,711219.0,489078.0,623266.0,625446.6333333333
2010-11-10,W,1065459,729087,1794546,2010,11,2,Before 2020,314,721276.0,725866.0,627449.0,624702.7142857143,633186.5666666667
2010-11-11,W,882944,660145,1543089,2010,11,3,Before 2020,315,729087.0,731024.0,736048.0,625162.8571428572,636574.5
2010-11-12,W,951645,714781,1666426,2010,11,4,Before 2020,316,660145.0,723652.0,726372.0,615037.2857142857,634044.4
2010-11-13,A,600900,436971,1037871,2010,11,5,Before 2020,317,714781.0,455652.0,750943.0,613770.0,633658.0333333333
2010-11-14,U,483592,306831,790423,2010,11,6,Before 2020,318,436971.0,305880.0,753653.0,611101.2857142857,623192.3
2010-11-15,W,1013081,704470,1717551,2010,11,0,Before 2020,319,306831.0,709569.0,477876.0,611237.1428571428,608298.2333333333
2010-11-16,W,1041704,720439,1762143,2010,11,1,Before 2020,320,704470.0,721276.0,337407.0,610508.7142857143,615851.3666666667
2010-11-17,W,1033004,717114,1750118,2010,11,2,Before 2020,321,720439.0,729087.0,717627.0,610389.1428571428,628619.1
2010-11-18,W,984043,712787,1696830,2010,11,3,Before 2020,322,717114.0,660145.0,729779.0,608678.7142857143,628602.0
2010-11-19,W,1038686,715507,1754193,2010,11,4,Before 2020,323,712787.0,714781.0,733950.0,616199.0,628035.6
2010-11-20,A,640618,545276,1185894,2010,11,5,Before 2020,324,715507.0,436971.0,747116.0,616302.7142857143,627420.8333333334
2010-11-21,U,437682,295297,732979,2010,11,6,Before 2020,325,545276.0,306831.0,727707.0,631774.8571428572,620692.8333333334
2010-11-22,W,957125,667375,1624500,2010,11,0,Before 2020,326,295297.0,704470.0,451848.0,630127.1428571428,606279.1666666666
2010-11-23,W,1006493,698730,1705223,2010,11,1,Before 2020,327,667375.0,720439.0,319622.0,624827.8571428572,613463.4
2010-11-24,W,898974,621938,1520912,2010,11,2,Before 2020,328,698730.0,717114.0,710784.0,621726.5714285715,626100.3333333334
2010-11-25,U,312756,195258,508014,2010,11,3,Before 2020,329,621938.0,712787.0,691241.0,608130.0,623138.8
2010-11-26,W,557867,369071,926938,2010,11,4,Before 2020,330,195258.0,715507.0,739161.0,534197.2857142857,606606.0333333333
2010-11-27,A,517892,340136,858028,2010,11,5,Before 2020,331,369071.0,545276.0,735281.0,484706.4285714286,594269.7
2010-11-28,U,401514,271093,672607,2010,11,6,Before 2020,332,340136.0,295297.0,725760.0,455400.71428571426,581098.2
2010-11-29,W,974393,658026,1632419,2010,11,0,Before 2020,333,271093.0,667375.0,447410.0,451943.0,565942.6333333333
2010-11-30,W,970873,672281,1643154,2010,11,1,Before 2020,334,658026.0,698730.0,321535.0,450607.4285714286,572963.1666666666
2010-12-01,W,999878,678039,1677917,2010,12,2,Before 2020,335,672281.0,621938.0,702890.0,446829.0,584654.7
2010-12-02,W,1008349,688764,1697113,2010,12,3,Before 2020,336,678039.0,195258.0,711219.0,454843.4285714286,583826.3333333334
2010-12-03,W,985527,691211,1676738,2010,12,4,Before 2020,337,688764.0,369071.0,725866.0,525344.2857142857,583077.8333333334
2010-12-04,A,586500,407739,994239,2010,12,5,Before 2020,338,691211.0,340136.0,731024.0,571364.2857142857,581922.6666666666
2010-12-05,U,406680,277309,683989,2010,12,6,Before 2020,339,407739.0,271093.0,723652.0,581021.8571428572,571146.5
2010-12-06,W,944575,641755,1586330,2010,12,0,Before 2020,340,277309.0,658026.0,455652.0,581909.8571428572,556268.4
2010-12-07,W,954467,652015,1606482,2010,12,1,Before 2020,341,641755.0,672281.0,305880.0,579585.4285714285,562471.8333333334
2010-12-08,W,968593,662398,1630991,2010,12,2,Before 2020,342,652015.0,678039.0,709569.0,576690.2857142857,574009.6666666666
2010-12-09,W,957337,667827,1625164,2010,12,3,Before 2020,343,662398.0,688764.0,721276.0,574455.8571428572,572437.3
2010-12-10,W,986800,682824,1669624,2010,12,4,Before 2020,344,667827.0,691211.0,729087.0,571464.8571428572,570655.6666666666
2010-12-11,A,573203,388409,961612,2010,12,5,Before 2020,345,682824.0,407739.0,660145.0,570266.7142857143,569113.5666666667
2010-12-12,U,330377,249350,579727,2010,12,6,Before 2020,346,388409.0,277309.0,714781.0,567505.2857142857,560055.7
2010-12-13,W,829736,598167,1427903,2010,12,0,Before 2020,347,249350.0,641755.0,436971.0,563511.1428571428,544541.3333333334
2010-12-14,W,888812,623467,1512279,2010,12,1,Before 2020,348,598167.0,652015.0,306831.0,557284.2857142857,549914.5333333333
2010-12-15,W,922552,640490,1563042,2010,12,2,Before 2020,349,623467.0,662398.0,704470.0,553206.0,560469.0666666667
2010-12-16,W,919713,644539,1564252,2010,12,3,Before 2020,350,640490.0,667827.0,720439.0,550076.2857142857,558336.4
2010-12-17,W,932601,642967,1575568,2010,12,4,Before 2020,351,644539.0,682824.0,717114.0,546749.4285714285,555806.4
2010-12-18,A,570331,370965,941296,2010,12,5,Before 2020,352,642967.0,388409.0,712787.0,541055.5714285715,553334.8333333334
2010-12-19,U,404153,269162,673315,2010,12,6,Before 2020,353,370965.0,249350.0,715507.0,538563.5714285715,541940.7666666667
2010-12-20,W,791684,573110,1364794,2010,12,0,Before 2020,354,269162.0,598167.0,545276.0,541393.8571428572,527062.6
2010-12-21,W,786351,574097,1360448,2010,12,1,Before 2020,355,573110.0,623467.0,295297.0,537814.2857142857,527990.4
2010-12-22,W,786757,558711,1345468,2010,12,2,Before 2020,356,574097.0,640490.0,667375.0,530761.4285714285,537283.7333333333
2010-12-23,W,740052,489295,1229347,2010,12,3,Before 2020,357,558711.0,644539.0,698730.0,519078.71428571426,533661.6
2010-12-24,W,513353,261461,774814,2010,12,4,Before 2020,358,489295.0,642967.0,621938.0,496901.0,526680.4333333333
2010-12-25,U,233266,128261,361527,2010,12,5,Before 2020,359,261461.0,370965.0,195258.0,442400.14285714284,514664.5333333333
2010-12-26,U,346331,215163,561494,2010,12,6,Before 2020,360,128261.0,269162.0,369071.0,407728.14285714284,512431.3
2010-12-27,W,673638,435925,1109563,2010,12,0,Before 2020,361,215163.0,573110.0,340136.0,400014.0,507301.0333333333
2010-12-28,W,717933,490978,1208911,2010,12,1,Before 2020,362,435925.0,574097.0,271093.0,380416.14285714284,510494.0
2010-12-29,W,731000,513271,1244271,2010,12,2,Before 2020,363,490978.0,558711.0,658026.0,368542.0,517823.5
2010-12-30,W,754297,524961,1279258,2010,12,3,Before 2020,364,513271.0,489295.0,672281.0,362050.5714285714,512998.3333333333
2010-12-31,W,609114,391713,1000827,2010,12,4,Before 2020,365,524961.0,261461.0,678039.0,367145.71428571426,508087.6666666667
2011-01-01,U,342872,239754,582626,2011,1,5,Before 2020,1,391713.0,128261.0,688764.0,385753.14285714284,498543.4666666667
2011-01-02,U,364165,225886,590051,2011,1,6,Before 2020,2,239754.0,215163.0,691211.0,401680.71428571426,483576.4666666667
2011-01-03,W,925770,581035,1506805,2011,1,0,Before 2020,3,225886.0,435925.0,407739.0,403212.5714285714,468065.63333333336
2011-01-04,W,946232,621057,1567289,2011,1,1,Before 2020,4,581035.0,490978.0,277309.0,423942.5714285714,473842.1666666667
2011-01-05,W,950712,624027,1574739,2011,1,2,Before 2020,5,621057.0,513271.0,641755.0,442525.28571428574,485300.43333333335
2011-01-06,W,939518,625246,1564764,2011,1,3,Before 2020,6,624027.0,524961.0,652015.0,458347.5714285714,484709.5
2011-01-07,W,927173,622084,1549257,2011,1,4,Before 2020,7,625246.0,391713.0,662398.0,472674.0,483817.2
2011-01-08,A,540394,333951,874345,2011,1,5,Before 2020,8,622084.0,239754.0,667827.0,505584.14285714284,482473.4
2011-01-09,U,380762,237361,618123,2011,1,6,Before 2020,9,333951.0,225886.0,682824.0,519040.85714285716,471344.2
2011-01-10,W,966448,639852,1606300,2011,1,0,Before 2020,10,237361.0,581035.0,388409.0,520680.14285714284,456495.43333333335
2011-01-11,W,923590,654856,1578446,2011,1,1,Before 2020,11,639852.0,621057.0,249350.0,529082.5714285715,464876.86666666664
2011-01-12,W,960115,657426,1617541,2011,1,2,Before 2020,12,654856.0,624027.0,598167.0,533911.0,478393.73333333334
2011-01-13,W,969691,661269,1630960,2011,1,3,Before 2020,13,657426.0,625246.0,623467.0,538682.2857142857,480369.0333333333
2011-01-14,W,983953,656551,1640504,2011,1,4,Before 2020,14,661269.0,622084.0,640490.0,543828.4285714285,481629.1
2011-01-15,A,567710,355580,923290,2011,1,5,Before 2020,15,656551.0,333951.0,644539.0,548752.2857142857,482164.4666666667
2011-01-16,U,386280,260631,646911,2011,1,6,Before 2020,16,355580.0,237361.0,642967.0,551842.1428571428,472532.5
2011-01-17,W,613773,422788,1036561,2011,1,0,Before 2020,17,260631.0,639852.0,370965.0,555166.4285714285,459787.9666666667
2011-01-18,W,991055,678327,1669382,2011,1,1,Before 2020,18,422788.0,654856.0,269162.0,524157.28571428574,461515.4
2011-01-19,W,1006033,679355,1685388,2011,1,2,Before 2020,19,678327.0,657426.0,573110.0,527510.2857142857,475154.23333333334
2011-01-20,W,975376,674347,1649723,2011,1,3,Before 2020,20,679355.0,661269.0,574097.0,530643.0,478695.73333333334
2011-01-21,W,853208,598356,1451564,2011,1,4,Before 2020,21,674347.0,656551.0,558711.0,532511.2857142857,482037.4
2011-01-22,A,522699,330666,853365,2011,1,5,Before 2020,22,598356.0,355580.0,489295.0,524197.71428571426,483358.9
2011-01-23,U,375396,253697,629093,2011,1,6,Before 2020,23,330666.0,260631.0,261461.0,520638.5714285714,478071.26666666666
2011-01-24,W,972155,654573,1626728,2011,1,0,Before 2020,24,253697.0,422788.0,128261.0,519648.0,477812.4666666667
2011-01-25,W,1006376,680037,1686413,2011,1,1,Before 2020,25,654573.0,678327.0,215163.0,552760.1428571428,495356.2
2011-01-26,W,1014944,681652,1696596,2011,1,2,Before 2020,26,680037.0,679355.0,435925.0,553004.4285714285,510852.0
2011-01-27,W,994412,685346,1679758,2011,1,3,Before 2020,27,681652.0,674347.0,490978.0,553332.5714285715,519042.9
2011-01-28,W,930518,655861,1586379,2011,1,4,Before 2020,28,685346.0,598356.0,513271.0,554903.8571428572,525521.8333333334
2011-01-29,A,617408,381200,998608,2011,1,5,Before 2020,29,655861.0,330666.0,524961.0,563118.8571428572,530274.8333333334
2011-01-30,U,406547,254689,661236,2011,1,6,Before 2020,30,381200.0,253697.0,391713.0,570338.0,525482.8
2011-01-31,W,1001892,670399,1672291,2011,1,0,Before 2020,31,254689.0,654573.0,239754.0,570479.7142857143,520915.3333333333
2011-02-01,W,814985,640223,1455208,2011,2,1,Before 2020,32,670399.0,680037.0,225886.0,572740.5714285715,535270.1666666666
2011-02-02,W,219234,209287,428521,2011,2,2,Before 2020,33,640223.0,681652.0,581035.0,567052.8571428572,549081.4
2011-02-03,W,732420,580480,1312900,2011,2,3,Before 2020,34,209287.0,685346.0,621057.0,499572.14285714284,536689.8
2011-02-04,W,933210,715546,1648756,2011,2,4,Before 2020,35,580480.0,655861.0,624027.0,484591.28571428574,535337.2333333333
2011-02-05,A,615765,400440,1016205,2011,2,5,Before 2020,36,715546.0,381200.0,625246.0,493117.71428571426,538387.8666666667
2011-02-06,U,402275,273038,675313,2011,2,6,Before 2020,37,400440.0,254689.0,622084.0,495866.28571428574,530894.3333333334
2011-02-07,W,996782,693321,1690103,2011,2,0,Before 2020,38,273038.0,670399.0,333951.0,498487.5714285714,519259.4666666667
2011-02-08,W,986388,697441,1683829,2011,2,1,Before 2020,39,693321.0,640223.0,237361.0,501762.14285714284,531238.4666666667
2011-02-09,W,941631,676705,1618336,2011,2,2,Before 2020,40,697441.0,209287.0,639852.0,509936.14285714284,546574.4666666667
2011-02-10,W,940692,676869,1617561,2011,2,3,Before 2020,41,676705.0,580480.0,654856.0,576710.1428571428,547802.9
2011-02-11,W,965062,659696,1624758,2011,2,4,Before 2020,42,676869.0,715546.0,657426.0,590480.0,548536.6666666666
2011-02-12,A,663253,415060,1078313,2011,2,5,Before 2020,43,659696.0,400440.0,661269.0,582501.4285714285,548612.3333333334
2011-02-13,U,474048,303381,777429,2011,2,6,Before 2020,44,415060.0,273038.0,656551.0,584590.0,540405.3666666667
2011-02-14,W,1064293,708790,1773083,2011,2,0,Before 2020,45,303381.0,693321.0,355580.0,588924.7142857143,528633.0333333333
2011-02-15,W,1041367,702586,1743953,2011,2,1,Before 2020,46,708790.0,697441.0,260631.0,591134.5714285715,540406.7
2011-02-16,W,1050045,709634,1759679,2011,2,2,Before 2020,47,702586.0,676705.0,422788.0,591869.5714285715,555138.5333333333
2011-02-17,W,1046143,719471,1765614,2011,2,3,Before 2020,48,709634.0,676869.0,678327.0,596573.7142857143,564700.0666666667
2011-02-18,W,1053474,710682,1764156,2011,2,4,Before 2020,49,719471.0,659696.0,679355.0,602659.7142857143,566071.5333333333
2011-02-19,A,675487,431010,1106497,2011,2,5,Before 2020,50,710682.0,415060.0,674347.0,609943.4285714285,567115.7666666667
2011-02-20,U,385554,261695,647249,2011,2,6,Before 2020,51,431010.0,303381.0,598356.0,612222.0,559004.5333333333
2011-02-21,W,706507,504444,1210951,2011,2,0,Before 2020,52,261695.0,708790.0,330666.0,606266.8571428572,547782.5
2011-02-22,W,1004067,692661,1696728,2011,2,1,Before 2020,53,504444.0,702586.0,253697.0,577074.5714285715,553575.1
2011-02-23,W,1026312,701009,1727321,2011,2,2,Before 2020,54,692661.0,709634.0,654573.0,575656.7142857143,568207.2333333333
2011-02-24,W,1030542,708692,1739234,2011,2,3,Before 2020,55,701009.0,719471.0,680037.0,574424.5714285715,569755.1
2011-02-25,W,1015416,691267,1706683,2011,2,4,Before 2020,56,708692.0,710682.0,681652.0,572884.7142857143,570710.2666666667
2011-02-26,A,601634,393242,994876,2011,2,5,Before 2020,57,691267.0,431010.0,685346.0,570111.1428571428,571030.7666666667
2011-02-27,U,419643,278593,698236,2011,2,6,Before 2020,58,393242.0,261695.0,655861.0,564715.7142857143,561293.9666666667
2011-02-28,W,1007930,681614,1689544,2011,2,0,Before 2020,59,278593.0,504444.0,381200.0,567129.7142857143,548718.3666666667
2011-03-01,W,1064543,709683,1774226,2011,3,1,Before 2020,60,681614.0,692661.0,254689.0,592439.7142857143,558732.1666666666
2011-03-02,W,1038790,702291,1741081,2011,3,2,Before 2020,61,709683.0,701009.0,670399.0,594871.4285714285,573898.6333333333
2011-03-03,W,1057767,709973,1767740,2011,3,3,Before 2020,62,702291.0,708692.0,640223.0,595054.5714285715,574961.7
2011-03-04,W,1019568,681216,1700784,2011,3,4,Before 2020,63,709973.0,691267.0,209287.0,595237.5714285715,577286.7
2011-03-05,A,581121,375814,956935,2011,3,5,Before 2020,64,681216.0,393242.0,580480.0,593801.7142857143,593017.6666666666
2011-03-06,U,428668,275314,703982,2011,3,6,Before 2020,65,375814.0,278593.0,715546.0,591312.0,586195.4666666667
2011-03-07,W,889994,640899,1530893,2011,3,0,Before 2020,66,275314.0,681614.0,400440.0,590843.5714285715,571521.0666666667
2011-03-08,W,1054432,710380,1764812,2011,3,1,Before 2020,67,640899.0,709683.0,273038.0,585027.1428571428,579536.3666666667
2011-03-09,W,1014632,697366,1711998,2011,3,2,Before 2020,68,710380.0,702291.0,693321.0,585126.7142857143,594114.4333333333
2011-03-10,W,1019921,707389,1727310,2011,3,3,Before 2020,69,697366.0,709973.0,697441.0,584423.1428571428,594249.2666666667
2011-03-11,W,1047012,708603,1755615,2011,3,4,Before 2020,70,707389.0,681216.0,676705.0,584054.0,594580.8666666667
2011-03-12,A,630826,500559,1131385,2011,3,5,Before 2020,71,708603.0,375814.0,676869.0,587966.4285714285,595644.1333333333
2011-03-13,U,429046,284406,713452,2011,3,6,Before 2020,72,500559.0,275314.0,659696.0,605787.1428571428,589767.1333333333
2011-03-14,W,1019671,686277,1705948,2011,3,0,Before 2020,73,284406.0,640899.0,415060.0,607086.0,577257.4666666667
2011-03-15,W,1025714,699145,1724859,2011,3,1,Before 2020,74,686277.0,710380.0,303381.0,613568.5714285715,586298.0333333333
2011-03-16,W,1057440,725095,1782535,2011,3,2,Before 2020,75,699145.0,697366.0,708790.0,611963.5714285715,599490.1666666666
2011-03-17,W,1039329,730561,1769890,2011,3,3,Before 2020,76,725095.0,707389.0,702586.0,615924.8571428572,600033.6666666666
2011-03-18,W,1028193,706274,1734467,2011,3,4,Before 2020,77,730561.0,708603.0,709634.0,619235.1428571428,600966.1666666666
2011-03-19,A,661882,426128,1088010,2011,3,5,Before 2020,78,706274.0,500559.0,719471.0,618902.4285714285,600854.1666666666
2011-03-20,U,397653,263022,660675,2011,3,6,Before 2020,79,426128.0,284406.0,710682.0,608269.4285714285,591076.0666666667
2011-03-21,W,1009091,661503,1670594,2011,3,0,Before 2020,80,263022.0,686277.0,431010.0,605214.5714285715,576154.0666666667
2011-03-22,W,964687,653024,1617711,2011,3,1,Before 2020,81,661503.0,699145.0,261695.0,601675.4285714285,583837.1666666666
2011-03-23,W,1000324,667467,1667791,2011,3,2,Before 2020,82,653024.0,725095.0,504444.0,595086.7142857143,596881.4666666667
2011-03-24,W,984660,671765,1656425,2011,3,3,Before 2020,83,667467.0,730561.0,692661.0,586854.1428571428,602315.5666666667
2011-03-25,W,995334,661865,1657199,2011,3,4,Before 2020,84,671765.0,706274.0,701009.0,578454.7142857143,601619.0333333333
2011-03-26,A,603928,387317,991245,2011,3,5,Before 2020,85,661865.0,426128.0,708692.0,572110.5714285715,600314.2333333333
2011-03-27,U,421290,276610,697900,2011,3,6,Before 2020,86,387317.0,263022.0,691267.0,566566.1428571428,589601.7333333333
2011-03-28,W,1005055,674351,1679406,2011,3,0,Before 2020,87,276610.0,661503.0,393242.0,568507.2857142857,575779.8333333334
2011-03-29,W,1018975,688681,1707656,2011,3,1,Before 2020,88,674351.0,653024.0,278593.0,570342.7142857143,585150.1333333333
2011-03-30,W,1022399,692860,1715259,2011,3,2,Before 2020,89,688681.0,667467.0,681614.0,575436.5714285715,598819.7333333333
2011-03-31,W,958648,709483,1668131,2011,3,3,Before 2020,90,692860.0,671765.0,709683.0,579064.1428571428,599194.6
2011-04-01,W,960123,712981,1673104,2011,4,4,Before 2020,91,709483.0,661865.0,702291.0,584452.4285714285,599187.9333333333
2011-04-02,A,688873,457067,1145940,2011,4,5,Before 2020,92,712981.0,387317.0,709973.0,591754.7142857143,599544.2666666667
2011-04-03,U,450017,305328,755345,2011,4,6,Before 2020,93,457067.0,276610.0,681216.0,601719.0,591114.0666666667
2011-04-04,W,1021955,695709,1717664,2011,4,0,Before 2020,94,305328.0,674351.0,375814.0,605821.5714285715,578584.4666666667
2011-04-05,W,1063835,723943,1787778,2011,4,1,Before 2020,95,695709.0,688681.0,275314.0,608872.7142857143,589247.6333333333
2011-04-06,W,1032831,725191,1758022,2011,4,2,Before 2020,96,723943.0,692860.0,640899.0,613910.1428571428,604201.9333333333
2011-04-07,W,982880,719890,1702770,2011,4,3,Before 2020,97,725191.0,709483.0,710380.0,618528.8571428572,607011.6666666666
2011-04-08,W,1006956,701186,1708142,2011,4,4,Before 2020,98,719890.0,712981.0,697366.0,620015.5714285715,607328.6666666666
2011-04-09,A,675312,462038,1137350,2011,4,5,Before 2020,99,701186.0,457067.0,707389.0,618330.5714285715,607456.0
2011-04-10,U,483207,359065,842272,2011,4,6,Before 2020,100,462038.0,305328.0,708603.0,619040.7142857143,599277.6333333333
2011-04-11,W,999639,696423,1696062,2011,4,0,Before 2020,101,359065.0,695709.0,500559.0,626717.4285714285,587626.3666666667
2011-04-12,W,1036334,717458,1753792,2011,4,1,Before 2020,102,696423.0,723943.0,284406.0,626819.4285714285,594155.1666666666
2011-04-13,W,1040300,721206,1761506,2011,4,2,Before 2020,103,717458.0,725191.0,686277.0,625893.0,608590.2333333333
2011-04-14,W,1016435,720731,1737166,2011,4,3,Before 2020,104,721206.0,719890.0,699145.0,625323.7142857143,609754.5333333333
2011-04-15,W,966032,691935,1657967,2011,4,4,Before 2020,105,720731.0,701186.0,725095.0,625443.8571428572,610474.0666666667
2011-04-16,A,587114,398192,985306,2011,4,5,Before 2020,106,691935.0,462038.0,730561.0,624122.2857142857,609368.7333333333
2011-04-17,U,452131,306186,758317,2011,4,6,Before 2020,107,398192.0,359065.0,706274.0,615001.4285714285,598289.7666666667
2011-04-18,W,861574,655013,1516587,2011,4,0,Before 2020,108,306186.0,696423.0,426128.0,607447.2857142857,584953.5
2011-04-19,W,862770,627085,1489855,2011,4,1,Before 2020,109,655013.0,717458.0,263022.0,601531.5714285715,592583.0
2011-04-20,W,895201,684367,1579568,2011,4,2,Before 2020,110,627085.0,721206.0,661503.0,588621.1428571428,604718.4333333333
2011-04-21,W,919676,685284,1604960,2011,4,3,Before 2020,111,684367.0,720731.0,653024.0,583358.4285714285,605480.5666666667
2011-04-22,W,767236,583531,1350767,2011,4,4,Before 2020,112,685284.0,691935.0,667467.0,578294.5714285715,606555.9
2011-04-23,A,644228,421767,1065995,2011,4,5,Before 2020,113,583531.0,398192.0,671765.0,562808.2857142857,603758.0333333333
2011-04-24,U,415484,274724,690208,2011,4,6,Before 2020,114,421767.0,306186.0,661865.0,566176.1428571428,595424.7666666667
2011-04-25,W,970581,685301,1655882,2011,4,0,Before 2020,115,274724.0,655013.0,387317.0,561681.5714285715,582520.0666666667
2011-04-26,W,1009393,717303,1726696,2011,4,1,Before 2020,116,685301.0,627085.0,276610.0,566008.4285714285,592452.8666666667
2011-04-27,W,960037,712176,1672213,2011,4,2,Before 2020,117,717303.0,684367.0,674351.0,578896.7142857143,607142.6333333333
2011-04-28,W,972352,710559,1682911,2011,4,3,Before 2020,118,712176.0,685284.0,688681.0,582869.4285714285,608403.4666666667
2011-04-29,W,1083692,738332,1822024,2011,4,4,Before 2020,119,710559.0,583531.0,692860.0,586480.1428571428,609132.7333333333
2011-04-30,A,677693,452569,1130262,2011,4,5,Before 2020,120,738332.0,421767.0,709483.0,608594.5714285715,610648.4666666667
2011-05-01,U,474621,320956,795577,2011,5,6,Before 2020,121,452569.0,274724.0,712981.0,612994.8571428572,602084.6666666666
2011-05-02,W,1040468,694159,1734627,2011,5,0,Before 2020,122,320956.0,685301.0,457067.0,619599.4285714285,589017.1666666666
2011-05-03,W,1063059,708526,1771585,2011,5,1,Before 2020,123,694159.0,717303.0,305328.0,620864.8571428572,596920.2333333333
2011-05-04,W,1068494,718706,1787200,2011,5,2,Before 2020,124,708526.0,712176.0,695709.0,619611.0,610360.1666666666
2011-05-05,W,1045556,720006,1765562,2011,5,3,Before 2020,125,718706.0,710559.0,723943.0,620543.8571428572,611126.7333333333
2011-05-06,W,1054724,732966,1787690,2011,5,4,Before 2020,126,720006.0,738332.0,725191.0,621893.4285714285,610995.5
2011-05-07,A,642855,443268,1086123,2011,5,5,Before 2020,127,732966.0,452569.0,719890.0,621126.8571428572,611254.6666666666
2011-05-08,U,474170,325850,800020,2011,5,6,Before 2020,128,443268.0,320956.0,701186.0,619798.1428571428,602033.9333333333
2011-05-09,W,996746,680206,1676952,2011,5,0,Before 2020,129,325850.0,694159.0,462038.0,620497.2857142857,589522.7333333333
2011-05-10,W,1050936,734088,1785024,2011,5,1,Before 2020,130,680206.0,708526.0,359065.0,618504.0,596795.0
2011-05-11,W,1022323,724069,1746392,2011,5,2,Before 2020,131,734088.0,718706.0,696423.0,622155.7142857143,609295.7666666667
2011-05-12,W,1026861,739195,1766056,2011,5,3,Before 2020,132,724069.0,720006.0,717458.0,622921.8571428572,610217.3
2011-05-13,W,1005681,728981,1734662,2011,5,4,Before 2020,133,739195.0,732966.0,721206.0,625663.1428571428,610941.8666666667
2011-05-14,A,574990,412250,987240,2011,5,5,Before 2020,134,728981.0,443268.0,720731.0,625093.8571428572,611201.0333333333
2011-05-15,U,386219,279473,665692,2011,5,6,Before 2020,135,412250.0,325850.0,691935.0,620662.7142857143,600918.3333333334
2011-05-16,W,1002206,683002,1685208,2011,5,0,Before 2020,136,279473.0,680206.0,398192.0,614037.4285714285,587169.6
2011-05-17,W,1012424,694950,1707374,2011,5,1,Before 2020,137,683002.0,734088.0,306186.0,614436.8571428572,596663.2666666667
2011-05-18,W,996766,688457,1685223,2011,5,2,Before 2020,138,694950.0,724069.0,655013.0,608845.7142857143,609622.0666666667
2011-05-19,W,1014161,705964,1720125,2011,5,3,Before 2020,139,688457.0,739195.0,627085.0,603758.2857142857,610736.8666666667
2011-05-20,W,1027404,710957,1738361,2011,5,4,Before 2020,140,705964.0,728981.0,684367.0,599011.0,613366.1666666666
2011-05-21,A,625518,421143,1046661,2011,5,5,Before 2020,141,710957.0,412250.0,685284.0,596436.1428571428,614252.5
2011-05-22,U,460481,321421,781902,2011,5,6,Before 2020,142,421143.0,279473.0,583531.0,597706.5714285715,605447.8
2011-05-23,W,997460,682656,1680116,2011,5,0,Before 2020,143,321421.0,683002.0,421767.0,603699.1428571428,596710.8
2011-05-24,W,1019381,719974,1739355,2011,5,1,Before 2020,144,682656.0,694950.0,274724.0,603649.7142857143,605407.1
2011-05-25,W,932486,676081,1608567,2011,5,2,Before 2020,145,719974.0,688457.0,685301.0,607224.5714285715,620248.7666666667
2011-05-26,W,954623,693660,1648283,2011,5,3,Before 2020,146,676081.0,705964.0,717303.0,605456.5714285715,619941.4333333333
2011-05-27,W,1005068,695755,1700823,2011,5,4,Before 2020,147,693660.0,710957.0,712176.0,603698.8571428572,619153.3333333334
2011-05-28,A,586663,420778,1007441,2011,5,5,Before 2020,148,695755.0,421143.0,710559.0,601527.1428571428,618605.9666666667
2011-05-29,U,392008,306407,698415,2011,5,6,Before 2020,149,420778.0,321421.0,738332.0,601475.0,608946.6
2011-05-30,U,512702,387955,900657,2011,5,0,Before 2020,150,306407.0,682656.0,452569.0,599330.1428571428,594549.1
2011-05-31,W,976956,683927,1660883,2011,5,1,Before 2020,151,387955.0,719974.0,320956.0,557230.0,592395.3
2011-06-01,W,1077060,728801,1805861,2011,6,2,Before 2020,152,683927.0,676081.0,694159.0,552080.4285714285,604494.3333333334
2011-06-02,W,1037191,707569,1744760,2011,6,3,Before 2020,153,728801.0,693660.0,708526.0,559611.8571428572,605649.0666666667
2011-06-03,W,1084952,753705,1838657,2011,6,4,Before 2020,154,707569.0,695755.0,718706.0,561598.8571428572,605617.1666666666
2011-06-04,A,660496,465907,1126403,2011,6,5,Before 2020,155,753705.0,420778.0,720006.0,569877.4285714285,606783.8
2011-06-05,U,498740,355072,853812,2011,6,6,Before 2020,156,465907.0,306407.0,732966.0,576324.4285714285,598313.8333333334
2011-06-06,W,1026379,723353,1749732,2011,6,0,Before 2020,157,355072.0,387955.0,443268.0,583276.5714285715,585717.3666666667
2011-06-07,W,1023477,727689,1751166,2011,6,1,Before 2020,158,723353.0,683927.0,325850.0,631190.5714285715,595053.5333333333
2011-06-08,W,1027909,731488,1759397,2011,6,2,Before 2020,159,727689.0,728801.0,680206.0,637442.2857142857,608448.1666666666
2011-06-09,W,925826,677601,1603427,2011,6,3,Before 2020,160,731488.0,707569.0,734088.0,637826.1428571428,610157.5666666667
2011-06-10,W,991111,699233,1690344,2011,6,4,Before 2020,161,677601.0,753705.0,724069.0,633545.0,608274.6666666666
2011-06-11,A,639456,452885,1092341,2011,6,5,Before 2020,162,699233.0,465907.0,739195.0,625763.2857142857,607446.8
2011-06-12,U,492490,388957,881447,2011,6,6,Before 2020,163,452885.0,355072.0,728981.0,623903.0,597903.1333333333
2011-06-13,W,1005818,726932,1732750,2011,6,0,Before 2020,164,388957.0,723353.0,412250.0,628743.7142857143,586569.0
2011-06-14,W,1009778,739810,1749588,2011,6,1,Before 2020,165,726932.0,727689.0,279473.0,629255.0,597058.4
2011-06-15,W,927263,708511,1635774,2011,6,2,Before 2020,166,739810.0,731488.0,683002.0,630986.5714285715,612402.9666666667
2011-06-16,W,960885,741999,1702884,2011,6,3,Before 2020,167,708511.0,677601.0,694950.0,627704.1428571428,613253.2666666667
2011-06-17,W,1038570,787772,1826342,2011,6,4,Before 2020,168,741999.0,699233.0,688457.0,636903.8571428572,614821.5666666667
2011-06-18,A,668147,502500,1170647,2011,6,5,Before 2020,169,787772.0,452885.0,705964.0,649552.2857142857,618132.0666666667
2011-06-19,U,479157,352290,831447,2011,6,6,Before 2020,170,502500.0,388957.0,710957.0,656640.1428571428,611349.9333333333
2011-06-20,W,863375,666828,1530203,2011,6,0,Before 2020,171,352290.0,726932.0,421143.0,651402.0,599394.3666666667
2011-06-21,W,928457,698702,1627159,2011,6,1,Before 2020,172,666828.0,739810.0,321421.0,642815.7142857143,607583.8666666667
2011-06-22,W,906400,695241,1601641,2011,6,2,Before 2020,173,698702.0,708511.0,682656.0,636943.1428571428,620159.9
2011-06-23,W,918605,692002,1610607,2011,6,3,Before 2020,174,695241.0,741999.0,719974.0,635047.4285714285,620579.4
2011-06-24,W,923487,714821,1638308,2011,6,4,Before 2020,175,692002.0,787772.0,676081.0,627905.0,619647.0
2011-06-25,A,672716,511370,1184086,2011,6,5,Before 2020,176,714821.0,502500.0,693660.0,617483.4285714285,620938.3333333334
2011-06-26,U,513140,561689,1074829,2011,6,6,Before 2020,177,511370.0,352290.0,695755.0,618750.5714285715,614862.0
2011-06-27,W,915375,702396,1617771,2011,6,0,Before 2020,178,561689.0,666828.0,420778.0,648664.7142857143,610393.1333333333
2011-06-28,W,974240,768178,1742418,2011,6,1,Before 2020,179,702396.0,698702.0,306407.0,653745.8571428572,619780.4
2011-06-29,W,966399,754551,1720950,2011,6,2,Before 2020,180,768178.0,695241.0,387955.0,663671.0,635172.7666666667
2011-06-30,W,947943,753565,1701508,2011,6,3,Before 2020,181,754551.0,692002.0,683927.0,672143.8571428572,647392.6333333333
2011-07-01,W,940403,723107,1663510,2011,7,4,Before 2020,182,753565.0,714821.0,728801.0,680938.5714285715,649713.9
2011-07-02,A,701711,514859,1216570,2011,7,5,Before 2020,183,723107.0,511370.0,707569.0,682122.2857142857,649524.1
2011-07-03,U,546895,441925,988820,2011,7,6,Before 2020,184,514859.0,561689.0,753705.0,682620.7142857143,643100.4333333333
2011-07-04,U,502623,375468,878091,2011,7,0,Before 2020,185,441925.0,702396.0,465907.0,665511.5714285715,632707.7666666667
2011-07-05,W,944119,684091,1628210,2011,7,1,Before 2020,186,375468.0,768178.0,355072.0,618807.5714285715,629693.1333333333
2011-07-06,W,961177,711577,1672754,2011,7,2,Before 2020,187,684091.0,754551.0,723353.0,606795.1428571428,640660.4333333333
2011-07-07,W,960396,717952,1678348,2011,7,3,Before 2020,188,711577.0,753565.0,727689.0,600656.0,640267.9
2011-07-08,W,973648,738968,1712616,2011,7,4,Before 2020,189,717952.0,723107.0,731488.0,595568.4285714285,639943.3333333334
2011-07-09,A,688403,487196,1175599,2011,7,5,Before 2020,190,738968.0,514859.0,677601.0,597834.2857142857,640192.6666666666
2011-07-10,U,487215,355799,843014,2011,7,6,Before 2020,191,487196.0,441925.0,699233.0,593882.4285714285,633845.8333333334
2011-07-11,W,899672,654659,1554331,2011,7,0,Before 2020,192,355799.0,375468.0,452885.0,581578.7142857143,622398.0333333333
2011-07-12,W,953976,695840,1649816,2011,7,1,Before 2020,193,654659.0,684091.0,388957.0,621463.1428571428,629123.8333333334
2011-07-13,W,968000,712673,1680673,2011,7,2,Before 2020,194,695840.0,711577.0,726932.0,623141.5714285715,639353.2666666667
2011-07-14,W,963077,746693,1709770,2011,7,3,Before 2020,195,712673.0,717952.0,739810.0,623298.1428571428,638877.9666666667
2011-07-15,W,960761,767058,1727819,2011,7,4,Before 2020,196,746693.0,738968.0,708511.0,627404.0,639107.4
2011-07-16,A,671209,512671,1183880,2011,7,5,Before 2020,197,767058.0,487196.0,741999.0,631416.8571428572,641058.9666666667
2011-07-17,U,487492,390269,877761,2011,7,6,Before 2020,198,512671.0,355799.0,787772.0,635056.1428571428,633414.7
2011-07-18,W,912074,708169,1620243,2011,7,0,Before 2020,199,390269.0,654659.0,502500.0,639980.4285714285,620164.6
2011-07-19,W,938830,721231,1660061,2011,7,1,Before 2020,200,708169.0,695840.0,352290.0,647624.7142857143,627020.2333333333
2011-07-20,W,908375,711617,1619992,2011,7,2,Before 2020,201,721231.0,712673.0,666828.0,651252.0,639318.2666666667
2011-07-21,W,901635,693073,1594708,2011,7,3,Before 2020,202,711617.0,746693.0,698702.0,651101.1428571428,640811.2333333333
2011-07-22,W,890894,700452,1591346,2011,7,4,Before 2020,203,693073.0,767058.0,695241.0,643441.1428571428,640623.6
2011-07-23,A,641738,478455,1120193,2011,7,5,Before 2020,204,700452.0,512671.0,692002.0,633926.0,640797.3
2011-07-24,U,440442,346005,786447,2011,7,6,Before 2020,205,478455.0,390269.0,714821.0,629038.0,633679.0666666667
2011-07-25,W,932136,698802,1630938,2011,7,0,Before 2020,206,346005.0,708169.0,511370.0,622714.5714285715,621385.2
2011-07-26,W,958271,708596,1666867,2011,7,1,Before 2020,207,698802.0,721231.0,561689.0,621376.4285714285,627632.9333333333
2011-07-27,W,926794,697817,1624611,2011,7,2,Before 2020,208,708596.0,711617.0,702396.0,619571.4285714285,632529.8333333334
2011-07-28,W,916275,689617,1605892,2011,7,3,Before 2020,209,697817.0,693073.0,768178.0,617600.0,632377.2
2011-07-29,W,942044,711542,1653586,2011,7,4,Before 2020,210,689617.0,700452.0,754551.0,617106.2857142857,629758.5
2011-07-30,A,677527,472828,1150355,2011,7,5,Before 2020,211,711542.0,478455.0,753565.0,618690.5714285715,628324.8666666667
2011-07-31,U,491214,372586,863800,2011,7,6,Before 2020,212,472828.0,346005.0,723107.0,617886.7142857143,618966.9666666667
2011-08-01,W,951492,707492,1658984,2011,8,0,Before 2020,213,372586.0,698802.0,514859.0,621684.0,607282.9333333333
2011-08-02,W,921043,682755,1603798,2011,8,1,Before 2020,214,707492.0,708596.0,441925.0,622925.4285714285,613704.0333333333
2011-08-03,W,984399,715612,1700011,2011,8,2,Before 2020,215,682755.0,697817.0,375468.0,619233.8571428572,621731.7
2011-08-04,W,953514,745527,1699041,2011,8,3,Before 2020,216,715612.0,689617.0,684091.0,621776.0,633069.8333333334
2011-08-05,W,968013,822093,1790106,2011,8,4,Before 2020,217,745527.0,711542.0,711577.0,629763.1428571428,635117.7
2011-08-06,A,682517,569511,1252028,2011,8,5,Before 2020,218,822093.0,472828.0,717952.0,645556.1428571428,638801.5666666667
2011-08-07,U,479588,426721,906309,2011,8,6,Before 2020,219,569511.0,372586.0,738968.0,659368.0,633853.5333333333
2011-08-08,W,912362,692657,1605019,2011,8,0,Before 2020,220,426721.0,707492.0,487196.0,667101.5714285715,623445.3
2011-08-09,W,958406,713624,1672030,2011,8,1,Before 2020,221,692657.0,682755.0,355799.0,664982.2857142857,630294.0
2011-08-10,W,963575,720504,1684079,2011,8,2,Before 2020,222,713624.0,715612.0,654659.0,669392.1428571428,642221.5
2011-08-11,W,957398,709254,1666652,2011,8,3,Before 2020,223,720504.0,745527.0,695840.0,670091.0,644416.3333333334
2011-08-12,W,955597,709694,1665291,2011,8,4,Before 2020,224,709254.0,822093.0,712673.0,664909.1428571428,644863.4666666667
2011-08-13,A,627401,457851,1085252,2011,8,5,Before 2020,225,709694.0,569511.0,746693.0,648852.1428571428,644764.1666666666
2011-08-14,U,470358,358606,828964,2011,8,6,Before 2020,226,457851.0,426721.0,767058.0,632900.7142857143,635136.1
2011-08-15,W,936932,668224,1605156,2011,8,0,Before 2020,227,358606.0,692657.0,512671.0,623170.0,621521.0333333333
2011-08-16,W,945179,688071,1633250,2011,8,1,Before 2020,228,668224.0,713624.0,390269.0,619679.5714285715,626706.1333333333
2011-08-17,W,943997,692781,1636778,2011,8,2,Before 2020,229,688071.0,720504.0,708169.0,616029.1428571428,636632.8666666667
2011-08-18,W,951134,707426,1658560,2011,8,3,Before 2020,230,692781.0,709254.0,721231.0,612068.7142857143,636119.9333333333
2011-08-19,W,981727,751679,1733406,2011,8,4,Before 2020,231,707426.0,709694.0,711617.0,611807.5714285715,635659.7666666667
2011-08-20,A,622722,472815,1095537,2011,8,5,Before 2020,232,751679.0,457851.0,693073.0,617805.4285714285,636995.1666666666
2011-08-21,U,536280,420416,956696,2011,8,6,Before 2020,233,472815.0,358606.0,700452.0,619943.1428571428,629653.2333333333
2011-08-22,W,968715,704225,1672940,2011,8,0,Before 2020,234,420416.0,668224.0,478455.0,628773.1428571428,620318.7
2011-08-23,W,914499,688649,1603148,2011,8,1,Before 2020,235,704225.0,688071.0,346005.0,633916.1428571428,627844.3666666667
2011-08-24,W,999361,728732,1728093,2011,8,2,Before 2020,236,688649.0,692781.0,698802.0,633998.7142857143,639265.8333333334
2011-08-25,W,1003797,744805,1748602,2011,8,3,Before 2020,237,728732.0,707426.0,708596.0,639134.5714285715,640263.5
2011-08-26,W,997931,710247,1708178,2011,8,4,Before 2020,238,744805.0,751679.0,697817.0,644474.4285714285,641470.4666666667
2011-08-27,A,691082,463528,1154610,2011,8,5,Before 2020,239,710247.0,472815.0,689617.0,638555.5714285715,641884.8
2011-08-28,U,488275,339049,827324,2011,8,6,Before 2020,240,463528.0,420416.0,711542.0,637228.8571428572,634348.5
2011-08-29,W,988033,712733,1700766,2011,8,0,Before 2020,241,339049.0,704225.0,472828.0,625605.0,621932.0666666667
2011-08-30,W,991793,719656,1711449,2011,8,1,Before 2020,242,712733.0,688649.0,372586.0,626820.4285714285,629928.9
2011-08-31,W,1011858,728047,1739905,2011,8,2,Before 2020,243,719656.0,728732.0,707492.0,631250.0,641497.9
2011-09-01,W,1047270,739620,1786890,2011,9,3,Before 2020,244,728047.0,744805.0,682755.0,631152.1428571428,642183.0666666667
2011-09-02,W,1001837,741985,1743822,2011,9,4,Before 2020,245,739620.0,710247.0,715612.0,630411.4285714285,644078.5666666667
2011-09-03,A,655947,472827,1128774,2011,9,5,Before 2020,246,741985.0,463528.0,745527.0,634945.4285714285,644957.6666666666
2011-09-04,U,529593,432441,962034,2011,9,6,Before 2020,247,472827.0,339049.0,822093.0,636273.8571428572,635867.6666666666
2011-09-05,U,471000,356948,827948,2011,9,0,Before 2020,248,432441.0,712733.0,569511.0,649615.5714285715,622879.2666666667
2011-09-06,W,1116811,746632,1863443,2011,9,1,Before 2020,249,356948.0,719656.0,426721.0,598789.1428571428,615793.8333333334
2011-09-07,W,1079256,773670,1852926,2011,9,2,Before 2020,250,746632.0,728047.0,692657.0,602642.8571428572,626457.5333333333
2011-09-08,W,1058730,770455,1829185,2011,9,3,Before 2020,251,773670.0,739620.0,713624.0,609160.4285714285,629157.9666666667
2011-09-09,W,1049654,754824,1804478,2011,9,4,Before 2020,252,770455.0,741985.0,720504.0,613565.4285714285,631052.3333333334
2011-09-10,A,665138,486616,1151754,2011,9,5,Before 2020,253,754824.0,472827.0,709254.0,615399.5714285715,632196.3333333334
2011-09-11,U,483138,356915,840053,2011,9,6,Before 2020,254,486616.0,432441.0,709694.0,617369.4285714285,624775.0666666667
2011-09-12,W,1077578,756209,1833787,2011,9,0,Before 2020,255,356915.0,356948.0,457851.0,606580.0,613015.7666666667
2011-09-13,W,1101495,775124,1876619,2011,9,1,Before 2020,256,756209.0,746632.0,358606.0,663617.2857142857,622961.0333333333
2011-09-14,W,1068594,768114,1836708,2011,9,2,Before 2020,257,775124.0,773670.0,668224.0,667687.5714285715,636844.9666666667
2011-09-15,W,1078395,780369,1858764,2011,9,3,Before 2020,258,768114.0,770455.0,688071.0,666893.8571428572,640174.6333333333
2011-09-16,W,1061833,774553,1836386,2011,9,4,Before 2020,259,780369.0,754824.0,692781.0,668310.1428571428,643251.2333333333
2011-09-17,A,684347,511704,1196051,2011,9,5,Before 2020,260,774553.0,486616.0,707426.0,671128.5714285715,645976.9666666667
2011-09-18,U,433064,328422,761486,2011,9,6,Before 2020,261,511704.0,356915.0,751679.0,674712.5714285715,639452.9
2011-09-19,W,1056731,758422,1815153,2011,9,0,Before 2020,262,328422.0,756209.0,472815.0,670642.1428571428,625344.3333333334
2011-09-20,W,1094671,787667,1882338,2011,9,1,Before 2020,263,758422.0,775124.0,420416.0,670958.2857142857,634864.5666666667
2011-09-21,W,1090762,780222,1870984,2011,9,2,Before 2020,264,787667.0,768114.0,704225.0,672750.1428571428,647106.2666666667
2011-09-22,W,1076129,770485,1846614,2011,9,3,Before 2020,265,780222.0,780369.0,688649.0,674479.8571428572,649639.5
2011-09-23,W,1013491,751348,1764839,2011,9,4,Before 2020,266,770485.0,774553.0,728732.0,673067.8571428572,652367.3666666667
2011-09-24,A,655360,466534,1121894,2011,9,5,Before 2020,267,751348.0,511704.0,744805.0,669752.8571428572,653121.2333333333
2011-09-25,U,448547,333394,781941,2011,9,6,Before 2020,268,466534.0,328422.0,710247.0,663300.0,643845.5333333333
2011-09-26,W,1028362,733053,1761415,2011,9,0,Before 2020,269,333394.0,758422.0,463528.0,664010.2857142857,631283.7666666667
2011-09-27,W,1059305,751659,1810964,2011,9,1,Before 2020,270,733053.0,787667.0,339049.0,660386.1428571428,640267.9333333333
2011-09-28,W,1053206,759071,1812277,2011,9,2,Before 2020,271,751659.0,780222.0,712733.0,655242.1428571428,654021.6
2011-09-29,W,1051634,753753,1805387,2011,9,3,Before 2020,272,759071.0,770485.0,719656.0,652220.5714285715,655566.2
2011-09-30,W,1066348,757321,1823669,2011,9,4,Before 2020,273,753753.0,751348.0,728047.0,649830.2857142857,656702.7666666667
2011-10-01,A,701783,480889,1182672,2011,10,5,Before 2020,274,757321.0,466534.0,739620.0,650683.5714285715,657678.5666666667
2011-10-02,U,486409,344520,830929,2011,10,6,Before 2020,275,480889.0,333394.0,741985.0,652734.2857142857,649054.2
2011-10-03,W,1091676,751034,1842710,2011,10,0,Before 2020,276,344520.0,733053.0,472827.0,654323.7142857143,635805.3666666667
2011-10-04,W,1090878,767029,1857907,2011,10,1,Before 2020,277,751034.0,751659.0,432441.0,656892.4285714285,645078.9333333333
2011-10-05,W,1083300,774142,1857442,2011,10,2,Before 2020,278,767029.0,759071.0,356948.0,659088.1428571428,656231.8666666667
2011-10-06,W,1076741,783363,1860104,2011,10,3,Before 2020,279,774142.0,753753.0,746632.0,661241.1428571428,670138.3333333334
2011-10-07,W,1074577,783590,1858167,2011,10,4,Before 2020,280,783363.0,757321.0,773670.0,665471.1428571428,671362.7
2011-10-08,A,692368,523113,1215481,2011,10,5,Before 2020,281,783590.0,480889.0,770455.0,669223.8571428572,671693.3666666667
2011-10-09,U,463310,519453,982763,2011,10,6,Before 2020,282,523113.0,344520.0,754824.0,675255.8571428572,663448.6333333333
2011-10-10,W,857528,669173,1526701,2011,10,0,Before 2020,283,519453.0,751034.0,486616.0,700246.2857142857,655602.9333333333
2011-10-11,W,1073195,770542,1843737,2011,10,1,Before 2020,284,669173.0,767029.0,356915.0,688551.8571428572,661688.1666666666
2011-10-12,W,1068602,776561,1845163,2011,10,2,Before 2020,285,770542.0,774142.0,756209.0,689053.7142857143,675475.7333333333
2011-10-13,W,1011085,773498,1784583,2011,10,3,Before 2020,286,776561.0,783363.0,775124.0,689399.2857142857,676154.1333333333
2011-10-14,W,1058024,783903,1841927,2011,10,4,Before 2020,287,773498.0,783590.0,768114.0,687990.0,676099.9333333333
2011-10-15,A,686909,508391,1195300,2011,10,5,Before 2020,288,783903.0,523113.0,780369.0,688034.7142857143,676626.2333333333
2011-10-16,U,457725,351070,808795,2011,10,6,Before 2020,289,508391.0,519453.0,774553.0,685931.5714285715,667560.3
2011-10-17,W,1060560,752887,1813447,2011,10,0,Before 2020,290,351070.0,669173.0,511704.0,661876.8571428572,653444.2
2011-10-18,W,1054603,759917,1814520,2011,10,1,Before 2020,291,752887.0,770542.0,328422.0,673836.0,661483.6333333333
2011-10-19,W,987878,738984,1726862,2011,10,2,Before 2020,292,759917.0,776561.0,758422.0,672318.1428571428,675866.8
2011-10-20,W,1019401,763556,1782957,2011,10,3,Before 2020,293,738984.0,773498.0,787667.0,666950.0,675218.8666666667
2011-10-21,W,1072848,782981,1855829,2011,10,4,Before 2020,294,763556.0,783903.0,780222.0,665529.7142857143,674415.1666666666
2011-10-22,A,678136,497703,1175839,2011,10,5,Before 2020,295,782981.0,508391.0,770485.0,665398.0,674507.1333333333
2011-10-23,U,476507,341626,818133,2011,10,6,Before 2020,296,497703.0,351070.0,751348.0,663871.1428571428,665414.4
2011-10-24,W,1054251,747402,1801653,2011,10,0,Before 2020,297,341626.0,752887.0,466534.0,662522.0,651757.0
2011-10-25,W,1066867,757975,1824842,2011,10,1,Before 2020,298,747402.0,759917.0,333394.0,661738.4285714285,661119.2666666667
2011-10-26,W,1055199,756804,1812003,2011,10,2,Before 2020,299,757975.0,738984.0,733053.0,661461.0,675271.9666666667
2011-10-27,W,1061301,771358,1832659,2011,10,3,Before 2020,300,756804.0,763556.0,751659.0,664006.7142857143,676063.6666666666
2011-10-28,W,993735,758294,1752029,2011,10,4,Before 2020,301,771358.0,782981.0,759071.0,665121.2857142857,676720.3
2011-10-29,A,665331,469295,1134626,2011,10,5,Before 2020,302,758294.0,497703.0,753753.0,661594.5714285715,676694.4
2011-10-30,U,433281,318565,751846,2011,10,6,Before 2020,303,469295.0,341626.0,757321.0,657536.2857142857,667212.4666666667
2011-10-31,W,1027078,734500,1761578,2011,10,0,Before 2020,304,318565.0,747402.0,480889.0,654241.8571428572,652587.2666666667
2011-11-01,W,1098741,762893,1861634,2011,11,1,Before 2020,305,734500.0,757975.0,344520.0,652398.7142857143,661040.9666666667
2011-11-02,W,1077675,764539,1842214,2011,11,2,Before 2020,306,762893.0,756804.0,751034.0,653101.2857142857,674986.7333333333
2011-11-03,W,1011408,755888,1767296,2011,11,3,Before 2020,307,764539.0,771358.0,767029.0,654206.2857142857,675436.9
2011-11-04,W,1093806,785515,1879321,2011,11,4,Before 2020,308,755888.0,758294.0,774142.0,651996.2857142857,675065.5333333333
2011-11-05,A,686104,513654,1199758,2011,11,5,Before 2020,309,785515.0,469295.0,783363.0,655885.0,675444.6333333333
2011-11-06,U,477456,331327,808783,2011,11,6,Before 2020,310,513654.0,318565.0,783590.0,662222.0,666454.3333333334
2011-11-07,W,1061041,749043,1810084,2011,11,0,Before 2020,311,331327.0,734500.0,523113.0,664045.1428571428,651378.9
2011-11-08,W,1008764,742973,1751737,2011,11,1,Before 2020,312,749043.0,762893.0,519453.0,666122.7142857143,658909.9
2011-11-09,W,1036190,759696,1795886,2011,11,2,Before 2020,313,742973.0,764539.0,669173.0,663277.0,666360.5666666667
2011-11-10,W,970822,755282,1726104,2011,11,3,Before 2020,314,759696.0,755888.0,770542.0,662585.1428571428,669378.0
2011-11-11,W,879535,681237,1560772,2011,11,4,Before 2020,315,755282.0,785515.0,776561.0,662498.5714285715,668869.3333333334
2011-11-12,A,660488,474088,1134576,2011,11,5,Before 2020,316,681237.0,513654.0,773498.0,647601.7142857143,665691.8666666667
2011-11-13,U,463513,338816,802329,2011,11,6,Before 2020,317,474088.0,331327.0,783903.0,641949.4285714285,655711.5333333333
2011-11-14,W,1047638,741813,1789451,2011,11,0,Before 2020,318,338816.0,749043.0,508391.0,643019.2857142857,640875.3
2011-11-15,W,1079072,770828,1849900,2011,11,1,Before 2020,319,741813.0,742973.0,351070.0,641986.4285714285,648656.0333333333
2011-11-16,W,1043071,758159,1801230,2011,11,2,Before 2020,320,770828.0,759696.0,752887.0,645965.7142857143,662647.9666666667
2011-11-17,W,998699,752834,1751533,2011,11,3,Before 2020,321,758159.0,755282.0,759917.0,645746.1428571428,662823.7
2011-11-18,W,965671,743405,1709076,2011,11,4,Before 2020,322,752834.0,681237.0,738984.0,645396.4285714285,662587.6
2011-11-19,A,657115,530802,1187917,2011,11,5,Before 2020,323,743405.0,474088.0,763556.0,654277.5714285715,662734.9666666667
2011-11-20,U,456466,328721,785187,2011,11,6,Before 2020,324,530802.0,338816.0,782981.0,662379.5714285715,654976.5
2011-11-21,W,1039312,726360,1765672,2011,11,0,Before 2020,325,328721.0,741813.0,497703.0,660937.4285714285,639834.5
2011-11-22,W,986650,714844,1701494,2011,11,1,Before 2020,326,726360.0,770828.0,341626.0,658729.8571428572,647456.4
2011-11-23,W,992006,680837,1672843,2011,11,2,Before 2020,327,714844.0,758159.0,747402.0,650732.1428571428,659897.0
2011-11-24,U,340929,235194,576123,2011,11,3,Before 2020,328,680837.0,752834.0,757975.0,639686.1428571428,657678.1666666666
2011-11-25,W,652271,435428,1087699,2011,11,4,Before 2020,329,235194.0,743405.0,756804.0,565737.5714285715,640252.1333333333
2011-11-26,A,588157,348525,936682,2011,11,5,Before 2020,330,435428.0,530802.0,771358.0,521740.85714285716,629539.6
2011-11-27,U,397179,274323,671502,2011,11,6,Before 2020,331,348525.0,328721.0,758294.0,495701.28571428574,615445.1666666666
2011-11-28,W,1016597,703558,1720155,2011,11,0,Before 2020,332,274323.0,726360.0,469295.0,487930.14285714284,599312.8
2011-11-29,W,991030,708638,1699668,2011,11,1,Before 2020,333,703558.0,714844.0,318565.0,484672.71428571426,607121.5666666667
2011-11-30,W,1043354,730140,1773494,2011,11,2,Before 2020,334,708638.0,680837.0,734500.0,483786.14285714284,620124.0
2011-12-01,W,1089263,747269,1836532,2011,12,3,Before 2020,335,730140.0,235194.0,762893.0,490829.4285714286,619978.6666666666
2011-12-02,W,1095431,757734,1853165,2011,12,4,Before 2020,336,747269.0,435428.0,764539.0,563983.0,619457.8666666667
2011-12-03,A,662075,461349,1123424,2011,12,5,Before 2020,337,757734.0,348525.0,755888.0,610026.7142857143,619231.0333333333
2011-12-04,U,454576,327051,781627,2011,12,6,Before 2020,338,461349.0,274323.0,785515.0,626144.4285714285,609413.0666666667
2011-12-05,W,1051712,698735,1750447,2011,12,0,Before 2020,339,327051.0,703558.0,513654.0,633677.0,594130.9333333333
2011-12-06,W,1035064,712288,1747352,2011,12,1,Before 2020,340,698735.0,708638.0,331327.0,632988.0,600300.3
2011-12-07,W,1032787,718567,1751354,2011,12,2,Before 2020,341,712288.0,730140.0,749043.0,633509.4285714285,612999.0
2011-12-08,W,1023297,721739,1745036,2011,12,3,Before 2020,342,718567.0,747269.0,742973.0,631856.1428571428,611983.1333333333
2011-12-09,W,1006182,726618,1732800,2011,12,4,Before 2020,343,721739.0,757734.0,759696.0,628209.0,611275.3333333334
2011-12-10,A,604502,435343,1039845,2011,12,5,Before 2020,344,726618.0,461349.0,755282.0,623763.8571428572,610172.7333333333
2011-12-11,U,442689,306703,749392,2011,12,6,Before 2020,345,435343.0,327051.0,681237.0,620048.7142857143,599508.1
2011-12-12,W,988026,673314,1661340,2011,12,0,Before 2020,346,306703.0,698735.0,474088.0,617141.8571428572,587023.6333333333
2011-12-13,W,1002723,691649,1694372,2011,12,1,Before 2020,347,673314.0,712288.0,338816.0,613510.2857142857,593664.5
2011-12-14,W,939524,675577,1615101,2011,12,2,Before 2020,348,691649.0,718567.0,741813.0,610561.8571428572,605425.6
2011-12-15,W,994244,701181,1695425,2011,12,3,Before 2020,349,675577.0,721739.0,770828.0,604420.4285714285,603217.7333333333
2011-12-16,W,1006755,703365,1710120,2011,12,4,Before 2020,350,701181.0,726618.0,758159.0,601483.5714285715,600896.1666666666
2011-12-17,A,615724,436091,1051815,2011,12,5,Before 2020,351,703365.0,435343.0,752834.0,598161.7142857143,599069.7
2011-12-18,U,455044,325822,780866,2011,12,6,Before 2020,352,436091.0,306703.0,743405.0,598268.5714285715,588511.6
2011-12-19,W,965235,657231,1622466,2011,12,0,Before 2020,353,325822.0,673314.0,530802.0,600999.8571428572,574592.1666666666
2011-12-20,W,951363,656796,1608159,2011,12,1,Before 2020,354,657231.0,691649.0,328721.0,598702.2857142857,578806.4666666667
2011-12-21,W,948139,649395,1597534,2011,12,2,Before 2020,355,656796.0,675577.0,726360.0,593723.2857142857,589742.3
2011-12-22,W,901280,615248,1516528,2011,12,3,Before 2020,356,649395.0,701181.0,714844.0,589983.0,587176.8
2011-12-23,W,855427,539186,1394613,2011,12,4,Before 2020,357,615248.0,703365.0,680837.0,577706.8571428572,583856.9333333333
2011-12-24,A,509237,262788,772025,2011,12,5,Before 2020,358,539186.0,436091.0,235194.0,554252.7142857143,579135.2333333333
2011-12-25,U,273257,144879,418136,2011,12,6,Before 2020,359,262788.0,325822.0,435428.0,529495.1428571428,580055.0333333333
2011-12-26,U,463630,297972,761602,2011,12,0,Before 2020,360,144879.0,657231.0,348525.0,503646.14285714284,570370.0666666667
2011-12-27,W,721508,498735,1220243,2011,12,1,Before 2020,361,297972.0,656796.0,274323.0,452323.4285714286,568684.9666666667
2011-12-28,W,747970,535232,1283202,2011,12,2,Before 2020,362,498735.0,649395.0,703558.0,429743.28571428574,576165.3666666667
2011-12-29,W,767769,553630,1321399,2011,12,3,Before 2020,363,535232.0,615248.0,708638.0,413434.28571428574,570554.5
2011-12-30,W,762618,528085,1290703,2011,12,4,Before 2020,364,553630.0,539186.0,730140.0,404631.71428571426,565387.5666666667
2011-12-31,A,583259,408205,991464,2011,12,5,Before 2020,365,528085.0,262788.0,747269.0,403045.85714285716,558652.4
2012-01-01,U,338458,277156,615614,2012,1,6,Before 2020,1,408205.0,144879.0,757734.0,423819.71428571426,547350.2666666667
2012-01-02,U,427028,300131,727159,2012,1,0,Before 2020,2,277156.0,297972.0,461349.0,442716.4285714286,531331.0
2012-01-03,W,810076,600940,1411016,2012,1,1,Before 2020,3,300131.0,498735.0,327051.0,443024.85714285716,525957.0666666667
2012-01-04,W,839010,626372,1465382,2012,1,2,Before 2020,4,600940.0,535232.0,698735.0,457625.5714285714,535086.7
2012-01-05,W,841665,652474,1494139,2012,1,3,Before 2020,5,626372.0,553630.0,712288.0,470645.5714285714,532674.6
2012-01-06,W,870446,666379,1536825,2012,1,4,Before 2020,6,652474.0,528085.0,718567.0,484766.14285714284,530680.8
2012-01-07,A,583725,390564,974289,2012,1,5,Before 2020,7,666379.0,408205.0,721739.0,504522.4285714286,528941.2
2012-01-08,U,411272,275439,686711,2012,1,6,Before 2020,8,390564.0,277156.0,726618.0,502002.28571428574,517902.0333333333
2012-01-09,W,968136,683105,1651241,2012,1,0,Before 2020,9,275439.0,300131.0,435343.0,501757.0,502862.73333333334
2012-01-10,W,1019667,698468,1718135,2012,1,1,Before 2020,10,683105.0,600940.0,306703.0,556467.5714285715,511121.4666666667
2012-01-11,W,1036505,709539,1746044,2012,1,2,Before 2020,11,698468.0,626372.0,673314.0,570400.1428571428,524180.3
2012-01-12,W,950402,715474,1665876,2012,1,3,Before 2020,12,709539.0,652474.0,691649.0,582281.1428571428,525387.8
2012-01-13,W,940512,692943,1633455,2012,1,4,Before 2020,13,715474.0,666379.0,675577.0,591281.1428571428,526181.9666666667
2012-01-14,A,557653,377455,935108,2012,1,5,Before 2020,14,692943.0,390564.0,701181.0,595076.0,526760.8333333334
2012-01-15,U,402980,276691,679671,2012,1,6,Before 2020,15,377455.0,275439.0,703365.0,593203.2857142857,515969.9666666667
2012-01-16,W,639506,459803,1099309,2012,1,0,Before 2020,16,276691.0,683105.0,436091.0,593382.1428571428,501747.5
2012-01-17,W,1016429,725950,1742379,2012,1,1,Before 2020,17,459803.0,698468.0,325822.0,561481.8571428572,502537.9
2012-01-18,W,1017072,722473,1739545,2012,1,2,Before 2020,18,725950.0,709539.0,657231.0,565407.8571428572,515875.5
2012-01-19,W,983178,711259,1694437,2012,1,3,Before 2020,19,722473.0,715474.0,656796.0,567255.5714285715,518050.23333333334
2012-01-20,W,826497,746064,1572561,2012,1,4,Before 2020,20,711259.0,692943.0,649395.0,566653.4285714285,519865.6666666667
2012-01-21,A,552163,394407,946570,2012,1,5,Before 2020,21,746064.0,377455.0,615248.0,574242.1428571428,523087.9666666667
2012-01-22,U,392633,273772,666405,2012,1,6,Before 2020,22,394407.0,276691.0,539186.0,576663.8571428572,515726.6
2012-01-23,W,1010116,710762,1720878,2012,1,0,Before 2020,23,273772.0,459803.0,262788.0,576246.8571428572,506879.4666666667
2012-01-24,W,1050018,732063,1782081,2012,1,1,Before 2020,24,710762.0,725950.0,144879.0,612098.1428571428,521811.93333333335
2012-01-25,W,1051823,734192,1786015,2012,1,2,Before 2020,25,732063.0,722473.0,297972.0,612971.4285714285,541384.7333333333
2012-01-26,W,1052929,739012,1791941,2012,1,3,Before 2020,26,734192.0,711259.0,498735.0,614645.5714285715,555925.4
2012-01-27,W,968530,720988,1689518,2012,1,4,Before 2020,27,739012.0,746064.0,535232.0,618610.2857142857,563934.6333333333
2012-01-28,A,621329,419586,1040915,2012,1,5,Before 2020,28,720988.0,394407.0,553630.0,615028.0,570126.5
2012-01-29,U,416383,293146,709529,2012,1,6,Before 2020,29,419586.0,273772.0,528085.0,618625.0,565658.3666666667
2012-01-30,W,1023037,704317,1727354,2012,1,0,Before 2020,30,293146.0,710762.0,408205.0,621392.7142857143,557827.0666666667
2012-01-31,W,1059681,731360,1791041,2012,1,1,Before 2020,31,704317.0,732063.0,277156.0,620472.0,567697.4666666667
2012-02-01,W,1111421,736252,1847673,2012,2,2,Before 2020,32,731360.0,734192.0,300131.0,620371.5714285715,582837.6
2012-02-02,W,1081236,739698,1820934,2012,2,3,Before 2020,33,736252.0,739012.0,600940.0,620665.8571428572,597374.9666666667
2012-02-03,W,1014951,714336,1729287,2012,2,4,Before 2020,34,739698.0,720988.0,626372.0,620763.8571428572,602000.2333333333
2012-02-04,A,661534,418503,1080037,2012,2,5,Before 2020,35,714336.0,419586.0,652474.0,619813.5714285715,604932.3666666667
2012-02-05,U,462359,289438,751797,2012,2,6,Before 2020,36,418503.0,293146.0,666379.0,619658.8571428572,597133.3333333334
2012-02-06,W,1038157,699926,1738083,2012,2,0,Before 2020,37,289438.0,704317.0,390564.0,619129.1428571428,584568.6333333333
2012-02-07,W,1040979,721937,1762916,2012,2,1,Before 2020,38,699926.0,731360.0,275439.0,618501.8571428572,594880.7
2012-02-08,W,1069324,738273,1807597,2012,2,2,Before 2020,39,721937.0,736252.0,683105.0,617155.7142857143,609763.9666666667
2012-02-09,W,1065885,741959,1807844,2012,2,3,Before 2020,40,738273.0,739698.0,698468.0,617444.4285714285,611602.9
2012-02-10,W,982329,715473,1697802,2012,2,4,Before 2020,41,741959.0,714336.0,709539.0,617767.4285714285,613052.6
2012-02-11,A,591333,399462,990795,2012,2,5,Before 2020,42,715473.0,418503.0,715474.0,617929.8571428572,613250.4
2012-02-12,U,429977,285739,715716,2012,2,6,Before 2020,43,399462.0,289438.0,692943.0,615209.7142857143,602716.6666666666
2012-02-13,W,882797,653118,1535915,2012,2,0,Before 2020,44,285739.0,699926.0,377455.0,614681.2857142857,589143.2
2012-02-14,W,1077348,738384,1815732,2012,2,1,Before 2020,45,653118.0,721937.0,276691.0,607994.4285714285,598331.9666666667
2012-02-15,W,1051929,726359,1778288,2012,2,2,Before 2020,46,738384.0,738273.0,459803.0,610344.0,613721.7333333333
2012-02-16,W,1058911,736170,1795081,2012,2,3,Before 2020,47,726359.0,741959.0,725950.0,608642.0,622606.9333333333
2012-02-17,W,1058544,731415,1789959,2012,2,4,Before 2020,48,736170.0,715473.0,722473.0,607815.0,622947.6
2012-02-18,A,666760,454131,1120891,2012,2,5,Before 2020,49,731415.0,399462.0,711259.0,610092.4285714285,623245.6666666666
2012-02-19,U,475445,322414,797859,2012,2,6,Before 2020,50,454131.0,285739.0,746064.0,617902.2857142857,614674.7333333333
2012-02-20,W,761004,543889,1304893,2012,2,0,Before 2020,51,322414.0,653118.0,394407.0,623141.5714285715,600553.0666666667
2012-02-21,W,1036038,726162,1762200,2012,2,1,Before 2020,52,543889.0,738384.0,273772.0,607537.4285714285,605535.8
2012-02-22,W,1052160,732150,1784310,2012,2,2,Before 2020,53,726162.0,726359.0,710762.0,605791.4285714285,620615.4666666667
2012-02-23,W,1033787,734839,1768626,2012,2,3,Before 2020,54,732150.0,736170.0,732063.0,606618.7142857143,621328.4
2012-02-24,W,989267,712507,1701774,2012,2,4,Before 2020,55,734839.0,731415.0,734192.0,606428.5714285715,621420.9333333333
2012-02-25,A,630649,417134,1047783,2012,2,5,Before 2020,56,712507.0,454131.0,739012.0,603727.4285714285,620698.1
2012-02-26,U,448512,298409,746921,2012,2,6,Before 2020,57,417134.0,322414.0,720988.0,598442.1428571428,609968.8333333334
2012-02-27,W,1023956,703435,1727391,2012,2,0,Before 2020,58,298409.0,543889.0,419586.0,595012.8571428572,595882.8666666667
2012-02-28,W,1039341,720589,1759930,2012,2,1,Before 2020,59,703435.0,726162.0,293146.0,617805.1428571428,605344.5
2012-02-29,W,1055847,736007,1791854,2012,2,2,Before 2020,60,720589.0,732150.0,704317.0,617009.0,619592.6
2012-03-01,W,1075076,739664,1814740,2012,3,3,Before 2020,61,736007.0,734839.0,731360.0,617560.0,620648.9333333333
2012-03-02,W,1031215,705878,1737093,2012,3,4,Before 2020,62,739664.0,712507.0,736252.0,618249.2857142857,620925.7333333333
2012-03-03,A,624519,416704,1041223,2012,3,5,Before 2020,63,705878.0,417134.0,739698.0,617302.2857142857,619913.2666666667
2012-03-04,U,441120,292334,733454,2012,3,6,Before 2020,64,416704.0,298409.0,714336.0,617240.8571428572,609146.8
2012-03-05,W,913762,651903,1565665,2012,3,0,Before 2020,65,292334.0,703435.0,418503.0,616373.0,595080.0666666667
2012-03-06,W,1084176,744478,1828654,2012,3,1,Before 2020,66,651903.0,720589.0,289438.0,609011.2857142857,602860.0666666667
2012-03-07,W,1060619,736849,1797468,2012,3,2,Before 2020,67,744478.0,736007.0,699926.0,612424.0,618028.0666666667
2012-03-08,W,1049305,735123,1784428,2012,3,3,Before 2020,68,736849.0,739664.0,721937.0,612544.2857142857,619258.8333333334
2012-03-09,W,1037776,718371,1756147,2012,3,4,Before 2020,69,735123.0,705878.0,738273.0,611895.5714285715,619698.3666666667
2012-03-10,A,681263,444574,1125837,2012,3,5,Before 2020,70,718371.0,416704.0,741959.0,613680.2857142857,619034.9666666667
2012-03-11,U,482075,316828,798903,2012,3,6,Before 2020,71,444574.0,292334.0,715473.0,617661.7142857143,609122.1333333333
2012-03-12,W,1015965,715585,1731550,2012,3,0,Before 2020,72,316828.0,651903.0,399462.0,621160.8571428572,595833.9666666667
2012-03-13,W,1071861,744918,1816779,2012,3,1,Before 2020,73,715585.0,744478.0,285739.0,630258.2857142857,606371.4
2012-03-14,W,1087551,762671,1850222,2012,3,2,Before 2020,74,744918.0,736849.0,653118.0,630321.1428571428,621677.3666666667
2012-03-15,W,1061219,763525,1824744,2012,3,3,Before 2020,75,762671.0,735123.0,738384.0,634010.0,625329.1333333333
2012-03-16,W,1044828,774035,1818863,2012,3,4,Before 2020,76,763525.0,718371.0,726359.0,638067.4285714285,626167.1666666666
2012-03-17,A,755574,708351,1463925,2012,3,5,Before 2020,77,774035.0,444574.0,736170.0,646019.4285714285,627756.3666666667
2012-03-18,U,504213,359041,863254,2012,3,6,Before 2020,78,708351.0,316828.0,731415.0,683701.8571428572,626829.0666666667
2012-03-19,W,1015401,707467,1722868,2012,3,0,Before 2020,79,359041.0,715585.0,454131.0,689732.2857142857,614416.6
2012-03-20,W,1043797,718050,1761847,2012,3,1,Before 2020,80,707467.0,744918.0,322414.0,688572.5714285715,622861.1333333333
2012-03-21,W,1050000,723631,1773631,2012,3,2,Before 2020,81,718050.0,762671.0,543889.0,684734.2857142857,636049.0
2012-03-22,W,1016361,717170,1733531,2012,3,3,Before 2020,82,723631.0,763525.0,726162.0,679157.1428571428,642040.4
2012-03-23,W,945472,685518,1630990,2012,3,4,Before 2020,83,717170.0,774035.0,732150.0,672535.0,641740.6666666666
2012-03-24,A,641412,430070,1071482,2012,3,5,Before 2020,84,685518.0,708351.0,734839.0,659889.7142857143,640186.2666666667
2012-03-25,U,470355,355696,826051,2012,3,6,Before 2020,85,430070.0,359041.0,712507.0,620135.2857142857,630027.3
2012-03-26,W,996549,700972,1697521,2012,3,0,Before 2020,86,355696.0,707467.0,417134.0,619657.4285714285,618133.6
2012-03-27,W,1024173,723040,1747213,2012,3,1,Before 2020,87,700972.0,718050.0,298409.0,618729.5714285715,627594.8666666667
2012-03-28,W,1029545,735639,1765184,2012,3,2,Before 2020,88,723040.0,723631.0,703435.0,619442.4285714285,641749.2333333333
2012-03-29,W,1013994,734424,1748418,2012,3,3,Before 2020,89,735639.0,717170.0,720589.0,621157.8571428572,642822.7
2012-03-30,W,1001257,709407,1710664,2012,3,4,Before 2020,90,734424.0,685518.0,736007.0,623622.7142857143,643283.8666666667
2012-03-31,A,646169,440893,1087062,2012,3,5,Before 2020,91,709407.0,430070.0,739664.0,627035.4285714285,642397.2
2012-04-01,U,477703,321629,799332,2012,4,6,Before 2020,92,440893.0,355696.0,705878.0,628581.5714285715,632438.1666666666
2012-04-02,W,935073,696533,1631606,2012,4,0,Before 2020,93,321629.0,700972.0,416704.0,623714.8571428572,619629.8666666667
2012-04-03,W,972756,720709,1693465,2012,4,1,Before 2020,94,696533.0,723040.0,292334.0,623080.7142857143,628957.5
2012-04-04,W,954947,724726,1679673,2012,4,2,Before 2020,95,720709.0,735639.0,651903.0,622747.7142857143,643236.6666666666
2012-04-05,W,933666,750000,1683666,2012,4,3,Before 2020,96,724726.0,734424.0,744478.0,621188.7142857143,645664.1
2012-04-06,W,861696,642047,1503743,2012,4,4,Before 2020,97,750000.0,709407.0,736849.0,623413.8571428572,645848.1666666666
2012-04-07,A,637466,434835,1072301,2012,4,5,Before 2020,98,642047.0,440893.0,735123.0,613791.0,642688.1
2012-04-08,U,429398,289618,719016,2012,4,6,Before 2020,99,434835.0,321629.0,718371.0,612925.5714285715,632678.5
2012-04-09,W,1010279,727154,1737433,2012,4,0,Before 2020,100,289618.0,696533.0,444574.0,608352.5714285715,618386.7333333333
2012-04-10,W,1038779,751834,1790613,2012,4,1,Before 2020,101,727154.0,720709.0,316828.0,612727.0,627806.0666666667
2012-04-11,W,1053786,760911,1814697,2012,4,2,Before 2020,102,751834.0,724726.0,715585.0,617173.4285714285,642306.2666666667
2012-04-12,W,1050150,775089,1825239,2012,4,3,Before 2020,103,760911.0,750000.0,744918.0,622342.7142857143,643817.1333333333
2012-04-13,W,958166,741802,1699968,2012,4,4,Before 2020,104,775089.0,642047.0,762671.0,625926.8571428572,644822.8333333334
2012-04-14,A,644498,470545,1115043,2012,4,5,Before 2020,105,741802.0,434835.0,763525.0,640177.5714285715,644127.2
2012-04-15,U,443006,320025,763031,2012,4,6,Before 2020,106,470545.0,289618.0,774035.0,645279.0,634361.2
2012-04-16,W,996333,713598,1709931,2012,4,0,Before 2020,107,320025.0,727154.0,708351.0,649622.8571428572,619227.5333333333
2012-04-17,W,1056910,744763,1801673,2012,4,1,Before 2020,108,713598.0,751834.0,359041.0,647686.2857142857,619402.4333333333
2012-04-18,W,1031225,736936,1768161,2012,4,2,Before 2020,109,744763.0,760911.0,707467.0,646676.1428571428,632259.8333333334
2012-04-19,W,989282,743350,1732632,2012,4,3,Before 2020,110,736936.0,775089.0,718050.0,643251.1428571428,633242.1333333333
2012-04-20,W,994547,737187,1731734,2012,4,4,Before 2020,111,743350.0,741802.0,723631.0,638717.0,634085.4666666667
2012-04-21,A,656064,471715,1127779,2012,4,5,Before 2020,112,737187.0,470545.0,717170.0,638057.7142857143,634537.3333333334
2012-04-22,U,448386,333024,781410,2012,4,6,Before 2020,113,471715.0,320025.0,685518.0,638224.8571428572,626355.5
2012-04-23,W,1031544,739667,1771211,2012,4,0,Before 2020,114,333024.0,713598.0,430070.0,640081.8571428572,614605.7
2012-04-24,W,1003275,750511,1753786,2012,4,1,Before 2020,115,739667.0,744763.0,355696.0,643806.0,624925.6
2012-04-25,W,978891,740777,1719668,2012,4,2,Before 2020,116,750511.0,736936.0,700972.0,644627.1428571428,638086.1
2012-04-26,W,1044469,760338,1804807,2012,4,3,Before 2020,117,740777.0,743350.0,723040.0,645175.8571428572,639412.9333333333
2012-04-27,W,1026691,745495,1772186,2012,4,4,Before 2020,118,760338.0,737187.0,735639.0,647602.7142857143,640656.2
2012-04-28,A,592513,425418,1017931,2012,4,5,Before 2020,119,745495.0,471715.0,734424.0,648789.5714285715,640984.7333333333
2012-04-29,U,445246,322436,767682,2012,4,6,Before 2020,120,425418.0,333024.0,709407.0,642175.7142857143,630684.5333333333
2012-04-30,W,977200,703630,1680830,2012,4,0,Before 2020,121,322436.0,739667.0,440893.0,640663.1428571428,617785.5
2012-05-01,W,1073425,743154,1816579,2012,5,1,Before 2020,122,703630.0,750511.0,321629.0,635515.0,626543.4
2012-05-02,W,1060720,754536,1815256,2012,5,2,Before 2020,123,743154.0,740777.0,696533.0,634464.0,640594.2333333333
2012-05-03,W,1086032,766616,1852648,2012,5,3,Before 2020,124,754536.0,760338.0,720709.0,636429.5714285715,642527.6666666666
2012-05-04,W,1054307,778105,1832412,2012,5,4,Before 2020,125,766616.0,745495.0,724726.0,637326.4285714285,644057.9
2012-05-05,A,666613,497814,1164427,2012,5,5,Before 2020,126,778105.0,425418.0,750000.0,641985.0,645837.2
2012-05-06,U,434634,343213,777847,2012,5,6,Before 2020,127,497814.0,322436.0,642047.0,652327.2857142857,637431.0
2012-05-07,W,1000335,731509,1731844,2012,5,0,Before 2020,128,343213.0,703630.0,434835.0,655295.4285714285,627469.8666666667
2012-05-08,W,1062602,762274,1824876,2012,5,1,Before 2020,129,731509.0,743154.0,289618.0,659278.1428571428,637359.0
2012-05-09,W,1041744,752170,1793914,2012,5,2,Before 2020,130,762274.0,754536.0,727154.0,662009.5714285715,653114.2
2012-05-10,W,1036368,743841,1780209,2012,5,3,Before 2020,131,752170.0,766616.0,751834.0,661671.5714285715,653948.0666666667
2012-05-11,W,1042715,745296,1788011,2012,5,4,Before 2020,132,743841.0,778105.0,760911.0,658418.0,653681.6333333333
2012-05-12,A,610945,427440,1038385,2012,5,5,Before 2020,133,745296.0,497814.0,775089.0,653731.0,653161.1333333333
2012-05-13,U,455430,321345,776775,2012,5,6,Before 2020,134,427440.0,343213.0,741802.0,643677.5714285715,641572.8333333334
2012-05-14,W,983231,700274,1683505,2012,5,0,Before 2020,135,321345.0,731509.0,470545.0,640553.5714285715,627557.6
2012-05-15,W,1023348,720962,1744310,2012,5,1,Before 2020,136,700274.0,762274.0,320025.0,636091.4285714285,635215.2333333333
2012-05-16,W,1013654,734234,1747888,2012,5,2,Before 2020,137,720962.0,752170.0,713598.0,630189.7142857143,648579.8
2012-05-17,W,1014361,746681,1761042,2012,5,3,Before 2020,138,734234.0,743841.0,744763.0,627627.4285714285,649267.6666666666
2012-05-18,W,980261,694037,1674298,2012,5,4,Before 2020,139,746681.0,745296.0,736936.0,628033.1428571428,649331.6
2012-05-19,A,646682,465776,1112458,2012,5,5,Before 2020,140,694037.0,427440.0,743350.0,620710.4285714285,647901.6333333333
2012-05-20,U,445099,374706,819805,2012,5,6,Before 2020,141,465776.0,321345.0,737187.0,626187.0,638649.1666666666
2012-05-21,W,884516,568256,1452772,2012,5,0,Before 2020,142,374706.0,700274.0,471715.0,633810.0,626566.4666666667
2012-05-22,W,1014156,721698,1735854,2012,5,1,Before 2020,143,568256.0,720962.0,333024.0,614950.2857142857,629784.5
2012-05-23,W,1019498,738794,1758292,2012,5,2,Before 2020,144,721698.0,734234.0,739667.0,615055.4285714285,642740.3
2012-05-24,W,1016089,756023,1772112,2012,5,3,Before 2020,145,738794.0,746681.0,750511.0,615706.8571428572,642711.2
2012-05-25,W,1005567,736144,1741711,2012,5,4,Before 2020,146,756023.0,694037.0,740777.0,617041.4285714285,642894.9333333333
2012-05-26,A,636093,469284,1105377,2012,5,5,Before 2020,147,736144.0,465776.0,760338.0,623056.7142857143,642740.5
2012-05-27,U,502724,392936,895660,2012,5,6,Before 2020,148,469284.0,374706.0,745495.0,623557.8571428572,633038.7
2012-05-28,U,463763,362808,826571,2012,5,0,Before 2020,149,392936.0,568256.0,425418.0,626162.1428571428,621286.7333333333
2012-05-29,W,1012629,719096,1731725,2012,5,1,Before 2020,150,362808.0,721698.0,322436.0,596812.4285714285,619199.7333333333
2012-05-30,W,1001845,742834,1744679,2012,5,2,Before 2020,151,719096.0,738794.0,703630.0,596440.7142857143,632421.7333333333
2012-05-31,W,910804,714511,1625315,2012,5,3,Before 2020,152,742834.0,756023.0,743154.0,597017.8571428572,633728.5333333333
2012-06-01,W,1034827,750848,1785675,2012,6,4,Before 2020,153,714511.0,736144.0,754536.0,591087.5714285715,632773.7666666667
2012-06-02,A,698536,489792,1188328,2012,6,5,Before 2020,154,750848.0,469284.0,766616.0,593188.1428571428,632650.8333333334
2012-06-03,U,512841,354121,866962,2012,6,6,Before 2020,155,489792.0,392936.0,778105.0,596117.8571428572,623423.3666666667
2012-06-04,W,1035294,726053,1761347,2012,6,0,Before 2020,156,354121.0,362808.0,497814.0,590572.8571428572,609290.5666666667
2012-06-05,W,1048003,749888,1797891,2012,6,1,Before 2020,157,726053.0,719096.0,343213.0,642465.0,616898.5333333333
2012-06-06,W,1033815,753512,1787327,2012,6,2,Before 2020,158,749888.0,742834.0,731509.0,646863.8571428572,630454.3666666667
2012-06-07,W,1031503,768929,1800432,2012,6,3,Before 2020,159,753512.0,714511.0,762274.0,648389.2857142857,631187.8
2012-06-08,W,1023786,802823,1826609,2012,6,4,Before 2020,160,768929.0,750848.0,752170.0,656163.2857142857,631409.6333333333
2012-06-09,A,704117,569867,1273984,2012,6,5,Before 2020,161,802823.0,489792.0,743841.0,663588.2857142857,633098.0666666667
2012-06-10,U,509071,404744,913815,2012,6,6,Before 2020,162,569867.0,354121.0,745296.0,675027.5714285715,627298.9333333333
2012-06-11,W,985578,726731,1712309,2012,6,0,Before 2020,163,404744.0,726053.0,427440.0,682259.4285714285,615947.2
2012-06-12,W,1003612,772974,1776586,2012,6,1,Before 2020,164,726731.0,749888.0,321345.0,682356.2857142857,625923.5666666667
2012-06-13,W,986995,778465,1765460,2012,6,2,Before 2020,165,772974.0,753512.0,700274.0,685654.2857142857,640977.8666666667
2012-06-14,W,959511,783352,1742863,2012,6,3,Before 2020,166,778465.0,768929.0,720962.0,689219.0,643584.2333333333
2012-06-15,W,996431,803508,1799939,2012,6,4,Before 2020,167,783352.0,802823.0,734234.0,691279.4285714285,645663.9
2012-06-16,A,673257,513638,1186895,2012,6,5,Before 2020,168,803508.0,569867.0,746681.0,691377.2857142857,647973.0333333333
2012-06-17,U,497166,372514,869680,2012,6,6,Before 2020,169,513638.0,404744.0,694037.0,683344.5714285715,640204.9333333333
2012-06-18,W,899886,710839,1610725,2012,6,0,Before 2020,170,372514.0,726731.0,465776.0,678740.2857142857,629487.5
2012-06-19,W,934909,725980,1660889,2012,6,1,Before 2020,171,710839.0,772974.0,374706.0,676470.0,637656.2666666667
2012-06-20,W,945821,743331,1689152,2012,6,2,Before 2020,172,725980.0,778465.0,568256.0,669756.5714285715,649365.4
2012-06-21,W,931983,728067,1660050,2012,6,3,Before 2020,173,743331.0,783352.0,721698.0,664737.4285714285,655201.2333333333
2012-06-22,W,958498,755020,1713518,2012,6,4,Before 2020,174,728067.0,803508.0,738794.0,656839.5714285715,655413.5333333333
2012-06-23,A,676430,492238,1168668,2012,6,5,Before 2020,175,755020.0,513638.0,756023.0,649912.7142857143,655954.4
2012-06-24,U,513132,530481,1043613,2012,6,6,Before 2020,176,492238.0,372514.0,736144.0,646855.5714285715,647161.5666666667
2012-06-25,W,933417,725550,1658967,2012,6,0,Before 2020,177,530481.0,710839.0,469284.0,669422.2857142857,640306.1333333333
2012-06-26,W,952845,746532,1699377,2012,6,1,Before 2020,178,725550.0,725980.0,392936.0,671523.8571428572,648848.3333333334
2012-06-27,W,957566,751428,1708994,2012,6,2,Before 2020,179,746532.0,743331.0,362808.0,674459.8571428572,660634.8666666667
2012-06-28,W,880771,702116,1582887,2012,6,3,Before 2020,180,751428.0,728067.0,719096.0,675616.5714285715,673588.8666666667
2012-06-29,W,925177,734451,1659628,2012,6,4,Before 2020,181,702116.0,755020.0,742834.0,671909.2857142857,673022.8666666667
2012-06-30,A,683644,485188,1168832,2012,6,5,Before 2020,182,734451.0,492238.0,714511.0,668970.8571428572,672743.4333333333
2012-07-01,U,474631,350123,824754,2012,7,6,Before 2020,183,485188.0,530481.0,750848.0,667963.7142857143,665099.3333333334
2012-07-02,W,929572,676617,1606189,2012,7,0,Before 2020,184,350123.0,725550.0,489792.0,642198.2857142857,651741.8333333334
2012-07-03,W,976022,710361,1686383,2012,7,1,Before 2020,185,676617.0,746532.0,354121.0,635207.8571428572,657969.3333333334
2012-07-04,U,511376,383942,895318,2012,7,2,Before 2020,186,710361.0,751428.0,726053.0,630040.5714285715,669844.0
2012-07-05,W,833954,628259,1462213,2012,7,3,Before 2020,187,383942.0,702116.0,749888.0,577542.5714285715,658440.3
2012-07-06,W,852806,651815,1504621,2012,7,4,Before 2020,188,628259.0,734451.0,753512.0,566991.5714285715,654386.0
2012-07-07,A,628380,439918,1068298,2012,7,5,Before 2020,189,651815.0,485188.0,768929.0,555186.4285714285,650996.1
2012-07-08,U,490561,341530,832091,2012,7,6,Before 2020,190,439918.0,350123.0,802823.0,548719.2857142857,640029.0666666667
2012-07-09,W,934404,697423,1631827,2012,7,0,Before 2020,191,341530.0,676617.0,569867.0,547491.7142857143,624652.6333333333
2012-07-10,W,958191,713798,1671989,2012,7,1,Before 2020,192,697423.0,710361.0,404744.0,550464.0,628904.5
2012-07-11,W,982452,751429,1733881,2012,7,2,Before 2020,193,713798.0,383942.0,726731.0,550955.0,639206.3
2012-07-12,W,973681,769452,1743133,2012,7,3,Before 2020,194,751429.0,628259.0,772974.0,603453.1428571428,640029.5666666667
2012-07-13,W,918812,781300,1700112,2012,7,4,Before 2020,195,769452.0,651815.0,778465.0,623623.5714285715,639912.1666666666
2012-07-14,A,662503,539189,1201692,2012,7,5,Before 2020,196,781300.0,439918.0,783352.0,642121.4285714285,640006.6666666666
2012-07-15,U,520254,434508,954762,2012,7,6,Before 2020,197,539189.0,341530.0,803508.0,656303.0,631867.9
2012-07-16,W,927149,703975,1631124,2012,7,0,Before 2020,198,434508.0,697423.0,513638.0,669585.5714285715,619567.9
2012-07-17,W,916666,721980,1638646,2012,7,1,Before 2020,199,703975.0,713798.0,372514.0,670521.5714285715,625912.4666666667
2012-07-18,W,947611,737720,1685331,2012,7,2,Before 2020,200,721980.0,751429.0,710839.0,671690.4285714285,637561.3333333334
2012-07-19,W,929760,737674,1667434,2012,7,3,Before 2020,201,737720.0,769452.0,725980.0,669732.0,638457.3666666667
2012-07-20,W,950944,732949,1683893,2012,7,4,Before 2020,202,737674.0,781300.0,743331.0,665192.2857142857,638847.1666666666
2012-07-21,A,682249,467138,1149387,2012,7,5,Before 2020,203,732949.0,539189.0,728067.0,658285.0,638501.1
2012-07-22,U,481281,353089,834370,2012,7,6,Before 2020,204,467138.0,434508.0,755020.0,647992.0,629803.4666666667
2012-07-23,W,915219,695786,1611005,2012,7,0,Before 2020,205,353089.0,703975.0,492238.0,636360.7142857143,616405.7666666667
2012-07-24,W,902916,701367,1604283,2012,7,1,Before 2020,206,695786.0,721980.0,530481.0,635190.8571428572,623190.7
2012-07-25,W,930185,724487,1654672,2012,7,2,Before 2020,207,701367.0,737720.0,725550.0,632246.1428571428,628886.9
2012-07-26,W,945792,720070,1665862,2012,7,3,Before 2020,208,724487.0,737674.0,746532.0,630355.7142857143,628851.4666666667
2012-07-27,W,947151,758858,1706009,2012,7,4,Before 2020,209,720070.0,732949.0,751428.0,627840.8571428572,627969.4
2012-07-28,A,686178,517111,1203289,2012,7,5,Before 2020,210,758858.0,467138.0,702116.0,631542.1428571428,628217.0666666667
2012-07-29,U,488506,374441,862947,2012,7,6,Before 2020,211,517111.0,353089.0,734451.0,638681.1428571428,622050.2333333333
2012-07-30,W,907631,705435,1613066,2012,7,0,Before 2020,212,374441.0,695786.0,485188.0,641731.4285714285,610049.9
2012-07-31,W,927014,719885,1646899,2012,7,1,Before 2020,213,705435.0,701367.0,350123.0,643109.8571428572,617391.4666666667
2012-08-01,W,993124,746620,1739744,2012,8,2,Before 2020,214,719885.0,724487.0,676617.0,645755.2857142857,629716.8666666667
2012-08-02,W,956268,736721,1692989,2012,8,3,Before 2020,215,746620.0,720070.0,710361.0,648917.1428571428,632050.3
2012-08-03,W,997248,828673,1825921,2012,8,4,Before 2020,216,736721.0,758858.0,383942.0,651295.8571428572,632928.9666666667
2012-08-04,A,639837,540564,1180401,2012,8,5,Before 2020,217,828673.0,517111.0,628259.0,661269.4285714285,647753.3333333334
2012-08-05,U,520813,454682,975495,2012,8,6,Before 2020,218,540564.0,374441.0,651815.0,664619.8571428572,644830.1666666666
2012-08-06,W,930469,718004,1648473,2012,8,0,Before 2020,219,454682.0,705435.0,439918.0,676082.8571428572,638259.0666666667
2012-08-07,W,939745,710734,1650479,2012,8,1,Before 2020,220,718004.0,719885.0,341530.0,677878.4285714285,647528.6
2012-08-08,W,937937,714729,1652666,2012,8,2,Before 2020,221,710734.0,746620.0,697423.0,676571.1428571428,659835.4
2012-08-09,W,910038,733293,1643331,2012,8,3,Before 2020,222,714729.0,736721.0,713798.0,672015.2857142857,660412.2666666667
2012-08-10,W,939807,762585,1702392,2012,8,4,Before 2020,223,733293.0,828673.0,751429.0,671525.5714285715,661062.1
2012-08-11,A,634529,525198,1159727,2012,8,5,Before 2020,224,762585.0,540564.0,769452.0,662084.4285714285,661433.9666666667
2012-08-12,U,485254,389752,875006,2012,8,6,Before 2020,225,525198.0,454682.0,781300.0,659889.2857142857,653292.1666666666
2012-08-13,W,862334,675894,1538228,2012,8,0,Before 2020,226,389752.0,718004.0,539189.0,650613.5714285715,640240.5666666667
2012-08-14,W,952867,719794,1672661,2012,8,1,Before 2020,227,675894.0,710734.0,434508.0,644597.8571428572,644797.4
2012-08-15,W,969450,736768,1706218,2012,8,2,Before 2020,228,719794.0,714729.0,703975.0,645892.1428571428,654306.9333333333
2012-08-16,W,894461,689521,1583982,2012,8,3,Before 2020,229,736768.0,733293.0,721980.0,649040.5714285715,655400.0333333333
2012-08-17,W,985722,734329,1720051,2012,8,4,Before 2020,230,689521.0,762585.0,737720.0,642787.4285714285,654318.0666666667
2012-08-18,A,711680,513680,1225360,2012,8,5,Before 2020,231,734329.0,525198.0,737674.0,638750.8571428572,654205.0333333333
2012-08-19,U,526215,381863,908078,2012,8,6,Before 2020,232,513680.0,389752.0,732949.0,637105.4285714285,646738.5666666667
2012-08-20,W,932342,694224,1626566,2012,8,0,Before 2020,233,381863.0,675894.0,467138.0,635978.4285714285,635035.7
2012-08-21,W,989240,725406,1714646,2012,8,1,Before 2020,234,694224.0,719794.0,353089.0,638597.0,642605.2333333333
2012-08-22,W,993443,741288,1734731,2012,8,2,Before 2020,235,725406.0,736768.0,695786.0,639398.7142857143,655015.8
2012-08-23,W,996707,730663,1727370,2012,8,3,Before 2020,236,741288.0,689521.0,701367.0,640044.4285714285,656532.5333333333
2012-08-24,W,995467,757933,1753400,2012,8,4,Before 2020,237,730663.0,734329.0,724487.0,645921.8571428572,657509.0666666667
2012-08-25,A,682483,499512,1181995,2012,8,5,Before 2020,238,757933.0,513680.0,720070.0,649293.8571428572,658623.9333333333
2012-08-26,U,425118,326682,751800,2012,8,6,Before 2020,239,499512.0,381863.0,758858.0,647269.8571428572,651272.0
2012-08-27,W,999090,732088,1731178,2012,8,0,Before 2020,240,326682.0,694224.0,517111.0,639386.8571428572,636866.1333333333
2012-08-28,W,1022555,752842,1775397,2012,8,1,Before 2020,241,732088.0,725406.0,374441.0,644796.0,644032.0333333333
2012-08-29,W,1019369,757338,1776707,2012,8,2,Before 2020,242,752842.0,741288.0,705435.0,648715.4285714285,656645.4
2012-08-30,W,1009624,765912,1775536,2012,8,3,Before 2020,243,757338.0,730663.0,719885.0,651008.2857142857,658375.5
2012-08-31,W,1051323,787713,1839036,2012,8,4,Before 2020,244,765912.0,757933.0,746620.0,656043.8571428572,659909.7333333333
2012-09-01,A,670752,498563,1169315,2012,9,5,Before 2020,245,787713.0,499512.0,736721.0,660298.1428571428,661279.5
2012-09-02,U,522696,425857,948553,2012,9,6,Before 2020,246,498563.0,326682.0,828673.0,660162.5714285715,653340.9
2012-09-03,U,509576,366891,876467,2012,9,0,Before 2020,247,425857.0,732088.0,540564.0,674330.4285714285,639913.7
2012-09-04,W,1101066,757151,1858217,2012,9,1,Before 2020,248,366891.0,752842.0,454682.0,622159.4285714285,634124.6
2012-09-05,W,1081742,778985,1860727,2012,9,2,Before 2020,249,757151.0,757338.0,718004.0,622775.0,644206.9
2012-09-06,W,1106785,787102,1893887,2012,9,3,Before 2020,250,778985.0,765912.0,710734.0,625867.4285714285,646239.6
2012-09-07,W,1057006,798630,1855636,2012,9,4,Before 2020,251,787102.0,787713.0,714729.0,628894.5714285715,648785.2
2012-09-08,A,697211,548107,1245318,2012,9,5,Before 2020,252,798630.0,498563.0,733293.0,630454.1428571428,651581.9
2012-09-09,U,491612,370846,862458,2012,9,6,Before 2020,253,548107.0,425857.0,762585.0,637531.8571428572,645409.0333333333
2012-09-10,W,980800,786943,1767743,2012,9,0,Before 2020,254,370846.0,366891.0,525198.0,629673.1428571428,632351.0666666667
2012-09-11,W,1026114,789589,1815703,2012,9,1,Before 2020,255,786943.0,757151.0,389752.0,689680.5714285715,641075.9
2012-09-12,W,1024605,785316,1809921,2012,9,2,Before 2020,256,789589.0,778985.0,675894.0,694314.5714285715,654403.8
2012-09-13,W,991316,793145,1784461,2012,9,3,Before 2020,257,785316.0,787102.0,719794.0,695219.0,658051.2
2012-09-14,W,1023073,789009,1812082,2012,9,4,Before 2020,258,793145.0,798630.0,736768.0,696082.2857142857,660496.2333333333
2012-09-15,A,707625,533074,1240699,2012,9,5,Before 2020,259,789009.0,548107.0,689521.0,694707.8571428572,662237.6
2012-09-16,U,497209,369738,866947,2012,9,6,Before 2020,260,533074.0,370846.0,734329.0,692560.2857142857,657022.7
2012-09-17,W,972361,749237,1721598,2012,9,0,Before 2020,261,369738.0,786943.0,513680.0,692402.0,644869.6666666666
2012-09-18,W,1009476,774593,1784069,2012,9,1,Before 2020,262,749237.0,789589.0,381863.0,687015.4285714285,652721.5666666667
2012-09-19,W,1090006,805444,1895450,2012,9,2,Before 2020,263,774593.0,785316.0,694224.0,684873.1428571428,665812.5666666667
2012-09-20,W,1087075,814328,1901403,2012,9,3,Before 2020,264,805444.0,793145.0,725406.0,687748.5714285715,669519.9
2012-09-21,W,1043281,804809,1848090,2012,9,4,Before 2020,265,814328.0,789009.0,741288.0,690774.7142857143,672483.9666666667
2012-09-22,A,669729,507218,1176947,2012,9,5,Before 2020,266,804809.0,533074.0,730663.0,693031.8571428572,674601.3333333334
2012-09-23,U,494049,373413,867462,2012,9,6,Before 2020,267,507218.0,369738.0,757933.0,689338.1428571428,667153.1666666666
2012-09-24,W,1067116,777711,1844827,2012,9,0,Before 2020,268,373413.0,749237.0,499512.0,689863.1428571428,654335.8333333334
2012-09-25,W,1093445,787595,1881040,2012,9,1,Before 2020,269,777711.0,774593.0,326682.0,693930.8571428572,663609.1333333333
2012-09-26,W,1088775,786511,1875286,2012,9,2,Before 2020,270,787595.0,805444.0,732088.0,695788.2857142857,678972.9
2012-09-27,W,1082616,810524,1893140,2012,9,3,Before 2020,271,786511.0,814328.0,752842.0,693083.5714285715,680787.0
2012-09-28,W,1080818,803271,1884089,2012,9,4,Before 2020,272,810524.0,804809.0,757338.0,692540.1428571428,682709.7333333333
2012-09-29,A,715790,512833,1228623,2012,9,5,Before 2020,273,803271.0,507218.0,765912.0,692320.4285714285,684240.8333333334
2012-09-30,U,495883,357104,852987,2012,9,6,Before 2020,274,512833.0,373413.0,787713.0,693122.5714285715,675804.8666666667
2012-10-01,W,1117666,783378,1901044,2012,10,0,Before 2020,275,357104.0,777711.0,498563.0,690792.7142857143,661451.2333333333
2012-10-02,W,1108031,806945,1914976,2012,10,1,Before 2020,276,783378.0,787595.0,425857.0,691602.2857142857,670945.0666666667
2012-10-03,W,1115762,810692,1926454,2012,10,2,Before 2020,277,806945.0,786511.0,366891.0,694366.5714285715,683648.0
2012-10-04,W,1099004,810084,1909088,2012,10,3,Before 2020,278,810692.0,810524.0,757151.0,697821.0,698441.3666666667
2012-10-05,W,1069580,808343,1877923,2012,10,4,Before 2020,279,810084.0,803271.0,778985.0,697758.1428571428,700205.8
2012-10-06,A,670397,522379,1192776,2012,10,5,Before 2020,280,808343.0,512833.0,787102.0,698482.7142857143,701184.4
2012-10-07,U,449748,512959,962707,2012,10,6,Before 2020,281,522379.0,357104.0,798630.0,699846.4285714285,692360.3
2012-10-08,W,977879,713083,1690962,2012,10,0,Before 2020,282,512959.0,783378.0,548107.0,722111.4285714285,682837.9333333333
2012-10-09,W,1088484,795608,1884092,2012,10,1,Before 2020,283,713083.0,806945.0,370846.0,712069.2857142857,688337.1333333333
2012-10-10,W,1079860,798154,1878014,2012,10,2,Before 2020,284,795608.0,810692.0,786943.0,710449.7142857143,702495.8666666667
2012-10-11,W,1085498,807251,1892749,2012,10,3,Before 2020,285,798154.0,810084.0,789589.0,708658.5714285715,702869.5666666667
2012-10-12,W,1067152,796441,1863593,2012,10,4,Before 2020,286,807251.0,808343.0,785316.0,708253.8571428572,703458.3
2012-10-13,A,604421,447031,1051452,2012,10,5,Before 2020,287,796441.0,522379.0,793145.0,706553.5714285715,703829.1333333333
2012-10-14,U,443009,327889,770898,2012,10,6,Before 2020,288,447031.0,512959.0,789009.0,695789.5714285715,692292.0
2012-10-15,W,1071312,776921,1848233,2012,10,0,Before 2020,289,327889.0,713083.0,533074.0,669351.0,676921.3333333334
2012-10-16,W,1081929,792993,1874922,2012,10,1,Before 2020,290,776921.0,795608.0,369738.0,678470.7142857143,685049.5666666667
2012-10-17,W,1057430,792225,1849655,2012,10,2,Before 2020,291,792993.0,798154.0,749237.0,678097.1428571428,699158.0666666667
2012-10-18,W,1059957,806783,1866740,2012,10,3,Before 2020,292,792225.0,807251.0,774593.0,677250.1428571428,700591.0
2012-10-19,W,1051902,801852,1853754,2012,10,4,Before 2020,293,806783.0,796441.0,805444.0,677183.2857142857,701664.0
2012-10-20,A,696516,512403,1208919,2012,10,5,Before 2020,294,801852.0,447031.0,814328.0,677956.2857142857,701544.2666666667
2012-10-21,U,493474,354896,848370,2012,10,6,Before 2020,295,512403.0,327889.0,804809.0,687295.1428571428,691480.1
2012-10-22,W,1003315,769024,1772339,2012,10,0,Before 2020,296,354896.0,776921.0,507218.0,691153.2857142857,676483.0
2012-10-23,W,1043067,784378,1827445,2012,10,1,Before 2020,297,769024.0,792993.0,373413.0,690025.1428571428,685209.8666666667
2012-10-24,W,1081481,804851,1886332,2012,10,2,Before 2020,298,784378.0,792225.0,777711.0,688794.4285714285,698908.7
2012-10-25,W,1027919,797938,1825857,2012,10,3,Before 2020,299,804851.0,806783.0,787595.0,690598.1428571428,699813.3666666667
2012-10-26,W,1039677,796666,1836343,2012,10,4,Before 2020,300,797938.0,801852.0,786511.0,689334.5714285715,700158.1333333333
2012-10-27,A,664877,490779,1155656,2012,10,5,Before 2020,301,796666.0,512403.0,810524.0,688593.7142857143,700496.6333333333
2012-10-28,U,454048,341936,795984,2012,10,6,Before 2020,302,490779.0,354896.0,803271.0,685504.5714285715,689838.4666666667
2012-10-29,W,1035050,759113,1794163,2012,10,0,Before 2020,303,341936.0,769024.0,512833.0,683653.1428571428,674460.6333333333
2012-10-30,W,1012512,765043,1777555,2012,10,1,Before 2020,304,759113.0,784378.0,357104.0,682237.2857142857,682669.9666666667
2012-10-31,W,1042048,780984,1823032,2012,10,2,Before 2020,305,765043.0,804851.0,783378.0,679475.1428571428,696267.9333333333
2012-11-01,W,1092827,795031,1887858,2012,11,3,Before 2020,306,780984.0,797938.0,806945.0,676065.5714285715,696188.1333333333
2012-11-02,W,1087124,793396,1880520,2012,11,4,Before 2020,307,795031.0,796666.0,810692.0,675650.2857142857,695791.0
2012-11-03,A,675546,462962,1138508,2012,11,5,Before 2020,308,793396.0,490779.0,810084.0,675183.1428571428,695214.4666666667
2012-11-04,U,486060,347411,833471,2012,11,6,Before 2020,309,462962.0,341936.0,808343.0,671209.2857142857,683643.7333333333
2012-11-05,W,1069691,766701,1836392,2012,11,0,Before 2020,310,347411.0,759113.0,522379.0,671991.4285714285,668279.3333333334
2012-11-06,W,1050908,768986,1819894,2012,11,1,Before 2020,311,766701.0,765043.0,512959.0,673075.4285714285,676423.4
2012-11-07,W,1053498,782333,1835831,2012,11,2,Before 2020,312,768986.0,780984.0,713083.0,673638.7142857143,684957.6333333333
2012-11-08,W,1064006,793455,1857461,2012,11,3,Before 2020,313,782333.0,795031.0,795608.0,673831.4285714285,687265.9666666667
2012-11-09,W,1065181,798839,1864020,2012,11,4,Before 2020,314,793455.0,793396.0,798154.0,673606.2857142857,687194.2
2012-11-10,A,650416,472274,1122690,2012,11,5,Before 2020,315,798839.0,462962.0,807251.0,674383.8571428572,687217.0333333333
2012-11-11,U,479696,353062,832758,2012,11,6,Before 2020,316,472274.0,347411.0,796441.0,675714.1428571428,676051.1333333333
2012-11-12,W,823600,666802,1490402,2012,11,0,Before 2020,317,353062.0,766701.0,447031.0,676521.4285714285,661271.8333333334
2012-11-13,W,1004272,761630,1765902,2012,11,1,Before 2020,318,666802.0,768986.0,327889.0,662250.1428571428,668597.5333333333
2012-11-14,W,1059509,775491,1835000,2012,11,2,Before 2020,319,761630.0,782333.0,776921.0,661199.2857142857,683055.5666666667
2012-11-15,W,1058314,786677,1844991,2012,11,3,Before 2020,320,775491.0,793455.0,792993.0,660221.8571428572,683007.9
2012-11-16,W,1057000,791412,1848412,2012,11,4,Before 2020,321,786677.0,798839.0,792225.0,659253.5714285715,682797.3666666667
2012-11-17,A,675393,567804,1243197,2012,11,5,Before 2020,322,791412.0,472274.0,806783.0,658192.5714285715,682770.2666666667
2012-11-18,U,472178,336771,808949,2012,11,6,Before 2020,323,567804.0,353062.0,801852.0,671839.7142857143,674804.3
2012-11-19,W,1047309,759037,1806346,2012,11,0,Before 2020,324,336771.0,666802.0,512403.0,669512.4285714285,659301.6
2012-11-20,W,1049100,772991,1822091,2012,11,1,Before 2020,325,759037.0,761630.0,354896.0,682688.8571428572,667522.7333333333
2012-11-21,W,990069,705800,1695869,2012,11,2,Before 2020,326,772991.0,775491.0,769024.0,684311.8571428572,681459.2333333333
2012-11-22,U,363466,255982,619448,2012,11,3,Before 2020,327,705800.0,786677.0,784378.0,674356.0,679351.7666666667
2012-11-23,W,589493,413384,1002877,2012,11,4,Before 2020,328,255982.0,791412.0,804851.0,598542.4285714285,661738.5666666667
2012-11-24,A,476658,377956,854614,2012,11,5,Before 2020,329,413384.0,567804.0,797938.0,544538.4285714285,648689.6666666666
2012-11-25,U,417727,304336,722063,2012,11,6,Before 2020,330,377956.0,336771.0,796666.0,517417.28571428574,634690.2666666667
2012-11-26,W,1006387,717499,1723886,2012,11,0,Before 2020,331,304336.0,759037.0,490779.0,512783.71428571426,618279.2666666667
2012-11-27,W,1016872,734908,1751780,2012,11,1,Before 2020,332,717499.0,772991.0,341936.0,506849.71428571426,625836.6
2012-11-28,W,1030518,750417,1780935,2012,11,2,Before 2020,333,734908.0,705800.0,759113.0,501409.28571428574,638935.6666666666
2012-11-29,W,1028698,752188,1780886,2012,11,3,Before 2020,334,750417.0,255982.0,765043.0,507783.14285714284,638645.8
2012-11-30,W,1075641,776494,1852135,2012,11,4,Before 2020,335,752188.0,413384.0,780984.0,578669.7142857143,638217.3
2012-12-01,A,686669,492263,1178932,2012,12,5,Before 2020,336,776494.0,377956.0,795031.0,630542.5714285715,638067.6333333333
2012-12-02,U,484623,350433,835056,2012,12,6,Before 2020,337,492263.0,304336.0,793396.0,646872.1428571428,627975.3666666667
2012-12-03,W,1069024,742337,1811361,2012,12,0,Before 2020,338,350433.0,717499.0,462962.0,653457.4285714285,613209.9333333333
2012-12-04,W,1067467,747543,1815010,2012,12,1,Before 2020,339,742337.0,734908.0,347411.0,657005.7142857143,622522.4333333333
2012-12-05,W,1054367,754701,1809068,2012,12,2,Before 2020,340,747543.0,750417.0,766701.0,658810.7142857143,635860.1666666666
2012-12-06,W,1030407,751285,1781692,2012,12,3,Before 2020,341,754701.0,752188.0,768986.0,659422.7142857143,635460.1666666666
2012-12-07,W,1038662,764843,1803505,2012,12,4,Before 2020,342,751285.0,776494.0,782333.0,659293.7142857143,634870.1333333333
2012-12-08,A,642192,467324,1109516,2012,12,5,Before 2020,343,764843.0,492263.0,793455.0,657629.2857142857,634287.1333333333
2012-12-09,U,418807,295147,713954,2012,12,6,Before 2020,344,467324.0,350433.0,798839.0,654066.5714285715,623416.1
2012-12-10,W,973051,690186,1663237,2012,12,0,Before 2020,345,295147.0,742337.0,472274.0,646168.5714285715,606626.3666666667
2012-12-11,W,995089,711140,1706229,2012,12,1,Before 2020,346,690186.0,747543.0,353062.0,638718.4285714285,613890.1
2012-12-12,W,999666,720758,1720424,2012,12,2,Before 2020,347,711140.0,754701.0,666802.0,633518.0,625826.0333333333
2012-12-13,W,999296,727540,1726836,2012,12,3,Before 2020,348,720758.0,751285.0,761630.0,628669.0,627624.5666666667
2012-12-14,W,1022704,749478,1772182,2012,12,4,Before 2020,349,727540.0,764843.0,775491.0,625276.8571428572,626488.2333333333
2012-12-15,A,597413,425168,1022581,2012,12,5,Before 2020,350,749478.0,467324.0,786677.0,623081.8571428572,625621.1333333333
2012-12-16,U,450355,334285,784640,2012,12,6,Before 2020,351,425168.0,295147.0,791412.0,617059.5714285715,613570.8333333334
2012-12-17,W,953565,683683,1637248,2012,12,0,Before 2020,352,334285.0,690186.0,567804.0,622650.7142857143,598333.2666666667
2012-12-18,W,950660,693703,1644363,2012,12,1,Before 2020,353,683683.0,711140.0,336771.0,621721.7142857143,602195.9
2012-12-19,W,965895,691879,1657774,2012,12,2,Before 2020,354,693703.0,720758.0,759037.0,619230.7142857143,614093.6333333333
2012-12-20,W,876460,660268,1536728,2012,12,3,Before 2020,355,691879.0,727540.0,772991.0,615105.1428571428,611855.0333333333
2012-12-21,W,871165,634264,1505429,2012,12,4,Before 2020,356,660268.0,749478.0,705800.0,605494.8571428572,608097.6
2012-12-22,A,578361,374774,953135,2012,12,5,Before 2020,357,634264.0,425168.0,255982.0,589035.7142857143,605713.0666666667
2012-12-23,U,486169,281962,768131,2012,12,6,Before 2020,358,374774.0,334285.0,413384.0,581836.5714285715,609672.8
2012-12-24,W,545733,313210,858943,2012,12,0,Before 2020,359,281962.0,683683.0,377956.0,574361.8571428572,605292.0666666667
2012-12-25,U,242609,143166,385775,2012,12,1,Before 2020,360,313210.0,693703.0,304336.0,521437.14285714284,603133.8666666667
2012-12-26,W,616049,428605,1044654,2012,12,2,Before 2020,361,143166.0,691879.0,717499.0,442789.0,597761.5333333333
2012-12-27,W,710150,514627,1224777,2012,12,3,Before 2020,362,428605.0,660268.0,734908.0,405178.4285714286,588131.7333333333
2012-12-28,W,753950,546312,1300262,2012,12,4,Before 2020,363,514627.0,634264.0,750417.0,384372.5714285714,580789.0333333333
2012-12-29,A,547238,360962,908200,2012,12,5,Before 2020,364,546312.0,374774.0,752188.0,371808.0,573985.5333333333
2012-12-30,U,405207,291423,696630,2012,12,6,Before 2020,365,360962.0,281962.0,776494.0,369834.85714285716,560944.6666666666
2012-12-31,W,672602,490998,1163600,2012,12,0,Before 2020,366,291423.0,313210.0,492263.0,371186.4285714286,544775.6333333333
2013-01-01,U,338644,276167,614811,2013,1,1,Before 2020,1,490998.0,143166.0,350433.0,396584.71428571426,544733.4666666667
2013-01-02,W,747631,570506,1318137,2013,1,2,Before 2020,2,276167.0,428605.0,742337.0,415584.85714285716,542257.9333333333
2013-01-03,W,857744,620104,1477848,2013,1,3,Before 2020,3,570506.0,514627.0,747543.0,435856.4285714286,536530.2333333333
2013-01-04,W,875485,635401,1510886,2013,1,4,Before 2020,4,620104.0,546312.0,754701.0,450924.5714285714,532282.2666666667
2013-01-05,A,549303,356383,905686,2013,1,5,Before 2020,5,635401.0,360962.0,751285.0,463651.5714285714,528305.6
2013-01-06,U,399770,264957,664727,2013,1,6,Before 2020,6,356383.0,291423.0,764843.0,462997.4285714286,515142.2
2013-01-07,W,951511,672001,1623512,2013,1,0,Before 2020,7,264957.0,490998.0,467324.0,459216.5714285714,498479.3333333333
2013-01-08,W,975824,687261,1663085,2013,1,1,Before 2020,8,672001.0,276167.0,295147.0,485074.14285714284,505301.9
2013-01-09,W,989291,697979,1687270,2013,1,2,Before 2020,9,687261.0,570506.0,690186.0,543801.8571428572,518372.36666666664
2013-01-10,W,964506,693642,1658148,2013,1,3,Before 2020,10,697979.0,620104.0,711140.0,562012.2857142857,518632.13333333336
2013-01-11,W,991875,708901,1700776,2013,1,4,Before 2020,11,693642.0,635401.0,720758.0,572517.7142857143,518048.86666666664
2013-01-12,A,597811,403037,1000848,2013,1,5,Before 2020,12,708901.0,356383.0,727540.0,583017.7142857143,517653.63333333336
2013-01-13,U,379108,266395,645503,2013,1,6,Before 2020,13,403037.0,264957.0,749478.0,589682.5714285715,506836.86666666664
2013-01-14,W,964972,701958,1666930,2013,1,0,Before 2020,14,266395.0,672001.0,425168.0,589888.0,490734.1
2013-01-15,W,1000831,723460,1724291,2013,1,1,Before 2020,15,701958.0,687261.0,334285.0,594167.5714285715,499960.43333333335
2013-01-16,W,1000782,726032,1726814,2013,1,2,Before 2020,16,723460.0,697979.0,683683.0,599338.8571428572,512932.93333333335
2013-01-17,W,1003351,730830,1734181,2013,1,3,Before 2020,17,726032.0,693642.0,693703.0,603346.4285714285,514344.56666666665
2013-01-18,W,995226,721526,1716752,2013,1,4,Before 2020,18,730830.0,708901.0,691879.0,608659.0,515582.13333333336
2013-01-19,A,592561,417820,1010381,2013,1,5,Before 2020,19,721526.0,403037.0,660268.0,610462.5714285715,516570.36666666664
2013-01-20,U,372131,275860,647991,2013,1,6,Before 2020,20,417820.0,266395.0,634264.0,612574.4285714285,508488.76666666666
2013-01-21,W,549385,422125,971510,2013,1,0,Before 2020,21,275860.0,701958.0,374774.0,613926.5714285715,496541.9666666667
2013-01-22,W,865232,654679,1519911,2013,1,1,Before 2020,22,422125.0,723460.0,281962.0,573950.4285714285,498120.3333333333
2013-01-23,W,952105,697385,1649490,2013,1,2,Before 2020,23,654679.0,726032.0,313210.0,564124.5714285715,510544.23333333334
2013-01-24,W,958057,708729,1666786,2013,1,3,Before 2020,24,697385.0,730830.0,143166.0,560032.1428571428,523350.06666666665
2013-01-25,W,920833,707962,1628795,2013,1,4,Before 2020,25,708729.0,721526.0,428605.0,556874.8571428572,542202.1666666666
2013-01-26,A,560544,393542,954086,2013,1,5,Before 2020,26,707962.0,417820.0,514627.0,554937.1428571428,551514.0666666667
2013-01-27,U,360109,261812,621921,2013,1,6,Before 2020,27,393542.0,275860.0,546312.0,551468.8571428572,547477.9
2013-01-28,W,1000004,718545,1718549,2013,1,0,Before 2020,28,261812.0,422125.0,360962.0,549462.0,537994.5666666667
2013-01-29,W,1009440,728633,1738073,2013,1,1,Before 2020,29,718545.0,654679.0,291423.0,591807.7142857143,549914.0
2013-01-30,W,997461,735084,1732545,2013,1,2,Before 2020,30,728633.0,697385.0,490998.0,602372.5714285715,564487.6666666666
2013-01-31,W,955113,713918,1669031,2013,1,3,Before 2020,31,735084.0,708729.0,276167.0,607758.1428571428,572623.8666666667
2013-02-01,W,878531,659888,1538419,2013,2,4,Before 2020,32,713918.0,707962.0,570506.0,608499.4285714285,587215.5666666667
2013-02-02,A,554095,378484,932579,2013,2,5,Before 2020,33,659888.0,393542.0,620104.0,601631.7142857143,590194.9666666667
2013-02-03,U,396422,271153,667575,2013,2,6,Before 2020,34,378484.0,261812.0,635401.0,599480.5714285715,582140.9666666667
2013-02-04,W,983474,710890,1694364,2013,2,0,Before 2020,35,271153.0,718545.0,356383.0,600815.0,569999.3666666667
2013-02-05,W,1021386,733180,1754566,2013,2,1,Before 2020,36,710890.0,728633.0,264957.0,599721.4285714285,581816.2666666667
2013-02-06,W,1035100,739979,1775079,2013,2,2,Before 2020,37,733180.0,735084.0,672001.0,600371.0,597423.7
2013-02-07,W,973458,743264,1716722,2013,2,3,Before 2020,38,739979.0,713918.0,687261.0,601070.2857142857,599689.6333333333
2013-02-08,W,994675,723430,1718105,2013,2,4,Before 2020,39,743264.0,659888.0,697979.0,605262.5714285715,601556.4
2013-02-09,A,611263,426081,1037344,2013,2,5,Before 2020,40,723430.0,378484.0,693642.0,614340.0,602404.7666666667
2013-02-10,U,392914,278417,671331,2013,2,6,Before 2020,41,426081.0,271153.0,708901.0,621139.5714285715,593486.0666666667
2013-02-11,W,994224,708331,1702555,2013,2,0,Before 2020,42,278417.0,710890.0,403037.0,622177.2857142857,579136.6
2013-02-12,W,901097,687334,1588431,2013,2,1,Before 2020,43,708331.0,733180.0,266395.0,621811.7142857143,589313.0666666667
2013-02-13,W,1070447,754178,1824625,2013,2,2,Before 2020,44,687334.0,739979.0,701958.0,615262.2857142857,603344.3666666667
2013-02-14,W,1054969,758213,1813182,2013,2,3,Before 2020,45,754178.0,743264.0,723460.0,617290.7142857143,605085.0333333333
2013-02-15,W,1013485,731689,1745174,2013,2,4,Before 2020,46,758213.0,723430.0,726032.0,619426.2857142857,606243.4666666667
2013-02-16,A,598259,412929,1011188,2013,2,5,Before 2020,47,731689.0,426081.0,730830.0,620606.1428571428,606432.0333333333
2013-02-17,U,445505,317885,763390,2013,2,6,Before 2020,48,412929.0,278417.0,721526.0,618727.2857142857,595835.3333333334
2013-02-18,W,830133,567064,1397197,2013,2,0,Before 2020,49,317885.0,708331.0,417820.0,624365.5714285715,582380.6333333333
2013-02-19,W,961489,709244,1670733,2013,2,1,Before 2020,50,567064.0,687334.0,275860.0,604184.5714285715,587355.4333333333
2013-02-20,W,995286,720364,1715650,2013,2,2,Before 2020,51,709244.0,754178.0,422125.0,607314.5714285715,601801.5666666667
2013-02-21,W,1012672,738526,1751198,2013,2,3,Before 2020,52,720364.0,758213.0,654679.0,602484.0,611742.8666666667
2013-02-22,W,944394,716784,1661178,2013,2,4,Before 2020,53,738526.0,731689.0,697385.0,599671.5714285715,614537.7666666667
2013-02-23,A,597852,403004,1000856,2013,2,5,Before 2020,54,716784.0,412929.0,708729.0,597542.2857142857,615184.4
2013-02-24,U,426783,280619,707402,2013,2,6,Before 2020,55,403004.0,317885.0,707962.0,596124.4285714285,604993.5666666667
2013-02-25,W,1032337,718035,1750372,2013,2,0,Before 2020,56,280619.0,567064.0,393542.0,590800.7142857143,590748.8
2013-02-26,W,917610,707649,1625259,2013,2,1,Before 2020,57,718035.0,709244.0,261812.0,612368.0,601565.2333333333
2013-02-27,W,1004620,732706,1737326,2013,2,2,Before 2020,58,707649.0,720364.0,718545.0,612140.1428571428,616426.4666666667
2013-02-28,W,1011461,741077,1752538,2013,2,3,Before 2020,59,732706.0,738526.0,728633.0,613903.2857142857,616898.5
2013-03-01,W,1030897,726385,1757282,2013,3,4,Before 2020,60,741077.0,716784.0,735084.0,614267.7142857143,617313.3
2013-03-02,A,641791,407706,1049497,2013,3,5,Before 2020,61,726385.0,403004.0,713918.0,615639.2857142857,617023.3333333334
2013-03-03,U,451612,290260,741872,2013,3,6,Before 2020,62,407706.0,280619.0,659888.0,616311.0,606816.2666666667
2013-03-04,W,1046582,684343,1730925,2013,3,0,Before 2020,63,290260.0,718035.0,378484.0,617688.2857142857,594495.3333333334
2013-03-05,W,915814,662182,1577996,2013,3,1,Before 2020,64,684343.0,707649.0,271153.0,612875.1428571428,604690.6333333333
2013-03-06,W,1000963,703897,1704860,2013,3,2,Before 2020,65,662182.0,732706.0,710890.0,606379.8571428572,617724.9333333333
2013-03-07,W,1039889,724517,1764406,2013,3,3,Before 2020,66,703897.0,741077.0,733180.0,602264.2857142857,617491.8333333334
2013-03-08,W,1047924,716118,1764042,2013,3,4,Before 2020,67,724517.0,726385.0,739979.0,599898.5714285715,617203.0666666667
2013-03-09,A,619396,404506,1023902,2013,3,5,Before 2020,68,716118.0,407706.0,743264.0,598431.8571428572,616407.7
2013-03-10,U,417260,285624,702884,2013,3,6,Before 2020,69,404506.0,290260.0,723430.0,597974.7142857143,605115.7666666667
2013-03-11,W,1009909,713865,1723774,2013,3,0,Before 2020,70,285624.0,684343.0,426081.0,597312.4285714285,590522.2333333333
2013-03-12,W,1017656,738907,1756563,2013,3,1,Before 2020,71,713865.0,662182.0,278417.0,601529.8571428572,600115.0333333333
2013-03-13,W,1034585,748618,1783203,2013,3,2,Before 2020,72,738907.0,703897.0,708331.0,612490.5714285715,615464.7
2013-03-14,W,1033042,755471,1788513,2013,3,3,Before 2020,73,748618.0,724517.0,687334.0,618879.2857142857,616807.6
2013-03-15,W,1002907,771603,1774510,2013,3,4,Before 2020,74,755471.0,716118.0,754178.0,623301.2857142857,619078.8333333334
2013-03-16,A,626782,610526,1237308,2013,3,5,Before 2020,75,771603.0,404506.0,758213.0,631227.7142857143,619659.6666666666
2013-03-17,U,433504,338473,771977,2013,3,6,Before 2020,76,610526.0,285624.0,731689.0,660659.1428571428,614736.7666666667
2013-03-18,W,971804,715696,1687500,2013,3,0,Before 2020,77,338473.0,713865.0,412929.0,668209.0,601629.5666666667
2013-03-19,W,990010,723671,1713681,2013,3,1,Before 2020,78,715696.0,738907.0,317885.0,668470.5714285715,611721.8
2013-03-20,W,980735,721345,1702080,2013,3,2,Before 2020,79,723671.0,748618.0,567064.0,666294.0,625248.0
2013-03-21,W,999714,729901,1729615,2013,3,3,Before 2020,80,721345.0,755471.0,709244.0,662397.8571428572,630390.7
2013-03-22,W,1003565,721149,1724714,2013,3,4,Before 2020,81,729901.0,771603.0,720364.0,658745.0,631079.2666666667
2013-03-23,A,609394,425222,1034616,2013,3,5,Before 2020,82,721149.0,610526.0,738526.0,651537.2857142857,631105.4333333333
2013-03-24,U,401250,288966,690216,2013,3,6,Before 2020,83,425222.0,338473.0,716784.0,625065.2857142857,620661.9666666667
2013-03-25,W,828707,630136,1458843,2013,3,0,Before 2020,84,288966.0,715696.0,403004.0,617992.8571428572,606401.3666666667
2013-03-26,W,876069,655138,1531207,2013,3,1,Before 2020,85,630136.0,723671.0,280619.0,605770.0,613972.4333333333
2013-03-27,W,880496,670282,1550778,2013,3,2,Before 2020,86,655138.0,721345.0,718035.0,595979.5714285715,626456.4
2013-03-28,W,893443,679530,1572973,2013,3,3,Before 2020,87,670282.0,729901.0,707649.0,588684.8571428572,624864.6333333333
2013-03-29,W,829810,621657,1451467,2013,3,4,Before 2020,88,679530.0,721149.0,732706.0,581489.0,623927.3333333334
2013-03-30,A,594213,395747,989960,2013,3,5,Before 2020,89,621657.0,425222.0,741077.0,567275.8571428572,620225.7
2013-03-31,U,402842,267293,670135,2013,3,6,Before 2020,90,395747.0,288966.0,726385.0,563065.1428571428,608714.7
2013-04-01,W,980489,708026,1688515,2013,4,0,Before 2020,91,267293.0,630136.0,407706.0,559969.0,593411.6333333333
2013-04-02,W,993149,728501,1721650,2013,4,1,Before 2020,92,708026.0,655138.0,290260.0,571096.1428571428,603422.3
2013-04-03,W,1034924,746014,1780938,2013,4,2,Before 2020,93,728501.0,670282.0,684343.0,581576.5714285715,618030.3333333334
2013-04-04,W,1015284,759059,1774343,2013,4,3,Before 2020,94,746014.0,679530.0,662182.0,592395.4285714285,620086.0333333333
2013-04-05,W,996072,746786,1742858,2013,4,4,Before 2020,95,759059.0,621657.0,703897.0,603756.7142857143,623315.2666666667
2013-04-06,A,611381,459388,1070769,2013,4,5,Before 2020,96,746786.0,395747.0,724517.0,621632.2857142857,624744.9
2013-04-07,U,440588,357215,797803,2013,4,6,Before 2020,97,459388.0,267293.0,716118.0,630723.8571428572,615907.2666666667
2013-04-08,W,977325,737437,1714762,2013,4,0,Before 2020,98,357215.0,708026.0,404506.0,643569.8571428572,603943.8333333334
2013-04-09,W,999444,740720,1740164,2013,4,1,Before 2020,99,737437.0,728501.0,285624.0,647771.4285714285,615041.5333333333
2013-04-10,W,960903,717466,1678369,2013,4,2,Before 2020,100,740720.0,746014.0,713865.0,649517.0,630211.4
2013-04-11,W,982894,752525,1735419,2013,4,3,Before 2020,101,717466.0,759059.0,738907.0,645438.7142857143,630331.4333333333
2013-04-12,W,994973,753498,1748471,2013,4,4,Before 2020,102,752525.0,746786.0,748618.0,644505.2857142857,630785.3666666667
2013-04-13,A,600393,462508,1062901,2013,4,5,Before 2020,103,753498.0,459388.0,755471.0,645464.1428571428,630948.0333333333
2013-04-14,U,450337,351742,802079,2013,4,6,Before 2020,104,462508.0,357215.0,771603.0,645909.8571428572,621182.6
2013-04-15,W,992589,717933,1710522,2013,4,0,Before 2020,105,351742.0,737437.0,610526.0,645128.0,607187.2333333333
2013-04-16,W,1014884,753356,1768240,2013,4,1,Before 2020,106,717933.0,740720.0,338473.0,642341.7142857143,610767.4666666667
2013-04-17,W,915006,711500,1626506,2013,4,2,Before 2020,107,753356.0,717466.0,715696.0,644146.8571428572,624596.9
2013-04-18,W,811655,693760,1505415,2013,4,3,Before 2020,108,711500.0,752525.0,723671.0,643294.5714285715,624457.0333333333
2013-04-19,W,959757,718526,1678283,2013,4,4,Before 2020,109,693760.0,753498.0,721345.0,634899.5714285715,623460.0
2013-04-20,A,615433,448035,1063468,2013,4,5,Before 2020,110,718526.0,462508.0,729901.0,629903.5714285715,623366.0333333333
2013-04-21,U,441267,313744,755011,2013,4,6,Before 2020,111,448035.0,351742.0,721149.0,627836.0,613970.5
2013-04-22,W,1001200,731504,1732704,2013,4,0,Before 2020,112,313744.0,717933.0,425222.0,622407.7142857143,600390.3333333334
2013-04-23,W,922329,715764,1638093,2013,4,1,Before 2020,113,731504.0,753356.0,288966.0,624346.4285714285,610599.7333333333
2013-04-24,W,952859,736305,1689164,2013,4,2,Before 2020,114,715764.0,711500.0,630136.0,618976.1428571428,624826.3333333334
2013-04-25,W,1008224,755375,1763599,2013,4,3,Before 2020,115,736305.0,693760.0,655138.0,622519.7142857143,628365.3
2013-04-26,W,999388,750687,1750075,2013,4,4,Before 2020,116,755375.0,718526.0,670282.0,631321.8571428572,631706.5333333333
2013-04-27,A,654086,460650,1114736,2013,4,5,Before 2020,117,750687.0,448035.0,679530.0,635916.2857142857,634386.7
2013-04-28,U,455561,320737,776298,2013,4,6,Before 2020,118,460650.0,313744.0,621657.0,637718.4285714285,627090.7
2013-04-29,W,1009306,717625,1726931,2013,4,0,Before 2020,119,320737.0,731504.0,395747.0,638717.4285714285,617060.0333333333
2013-04-30,W,1029285,738733,1768018,2013,4,1,Before 2020,120,717625.0,715764.0,267293.0,636734.7142857143,627789.3
2013-05-01,W,1077184,762553,1839737,2013,5,2,Before 2020,121,738733.0,736305.0,708026.0,640016.0,643503.9666666667
2013-05-02,W,1028782,752135,1780917,2013,5,3,Before 2020,122,762553.0,755375.0,728501.0,643765.7142857143,645321.5333333333
2013-05-03,W,1023402,730511,1753913,2013,5,4,Before 2020,123,752135.0,750687.0,746014.0,643302.8571428572,646109.3333333334
2013-05-04,A,655097,465245,1120342,2013,5,5,Before 2020,124,730511.0,460650.0,759059.0,640420.5714285715,645592.5666666667
2013-05-05,U,471437,350222,821659,2013,5,6,Before 2020,125,465245.0,320737.0,746786.0,641077.0,635798.7666666667
2013-05-06,W,1017895,729615,1747510,2013,5,0,Before 2020,126,350222.0,717625.0,459388.0,645289.1428571428,622579.9666666667
2013-05-07,W,1022360,758068,1780428,2013,5,1,Before 2020,127,729615.0,738733.0,357215.0,647002.0,631587.5333333333
2013-05-08,W,1025713,769649,1795362,2013,5,2,Before 2020,128,758068.0,762553.0,737437.0,649764.1428571428,644949.3
2013-05-09,W,1003192,721753,1724945,2013,5,3,Before 2020,129,769649.0,752135.0,740720.0,650777.8571428572,646023.0333333333
2013-05-10,W,972916,725511,1698427,2013,5,4,Before 2020,130,721753.0,730511.0,717466.0,646437.5714285715,645390.8
2013-05-11,A,603110,435938,1039048,2013,5,5,Before 2020,131,725511.0,465245.0,752525.0,645723.2857142857,645658.9666666667
2013-05-12,U,414976,313848,728824,2013,5,6,Before 2020,132,435938.0,350222.0,753498.0,641536.5714285715,635106.0666666667
2013-05-13,W,961814,713048,1674862,2013,5,0,Before 2020,133,313848.0,729615.0,462508.0,636340.2857142857,620451.0666666667
2013-05-14,W,1006636,750210,1756846,2013,5,1,Before 2020,134,713048.0,758068.0,351742.0,633973.5714285715,628802.4
2013-05-15,W,995042,758657,1753699,2013,5,2,Before 2020,135,750210.0,769649.0,717933.0,632851.0,642084.6666666666
2013-05-16,W,982565,746034,1728599,2013,5,3,Before 2020,136,758657.0,721753.0,753356.0,631280.7142857143,643442.1333333333
2013-05-17,W,966483,757439,1723922,2013,5,4,Before 2020,137,746034.0,725511.0,711500.0,634749.4285714285,643198.0666666667
2013-05-18,A,625752,493226,1118978,2013,5,5,Before 2020,138,757439.0,435938.0,693760.0,639310.5714285715,644729.3666666667
2013-05-19,U,485211,363850,849061,2013,5,6,Before 2020,139,493226.0,313848.0,718526.0,647494.5714285715,638044.9
2013-05-20,W,1008704,681176,1689880,2013,5,0,Before 2020,140,363850.0,713048.0,448035.0,654637.7142857143,626222.3666666667
2013-05-21,W,1013059,689412,1702471,2013,5,1,Before 2020,141,681176.0,750210.0,313744.0,650084.5714285715,633993.7333333333
2013-05-22,W,982149,687729,1669878,2013,5,2,Before 2020,142,689412.0,758657.0,731504.0,641399.1428571428,646516.0
2013-05-23,W,987008,693752,1680760,2013,5,3,Before 2020,143,687729.0,746034.0,715764.0,631266.5714285715,645056.8333333334
2013-05-24,W,1010765,676692,1687457,2013,5,4,Before 2020,144,693752.0,757439.0,736305.0,623797.7142857143,644323.1
2013-05-25,A,600972,369584,970556,2013,5,5,Before 2020,145,676692.0,493226.0,755375.0,612262.4285714285,642336.0
2013-05-26,U,460009,336563,796572,2013,5,6,Before 2020,146,369584.0,363850.0,750687.0,594599.2857142857,629476.3
2013-05-27,U,415696,286211,701907,2013,5,0,Before 2020,147,336563.0,681176.0,460650.0,590701.1428571428,615672.1666666666
2013-05-28,W,982424,672485,1654909,2013,5,1,Before 2020,148,286211.0,689412.0,320737.0,534277.5714285715,609857.5333333333
2013-05-29,W,1014424,715430,1729854,2013,5,2,Before 2020,149,672485.0,687729.0,717625.0,531859.4285714285,621582.4666666667
2013-05-30,W,996198,717726,1713924,2013,5,3,Before 2020,150,715430.0,693752.0,738733.0,535816.7142857143,621509.3
2013-05-31,W,1044620,719350,1763970,2013,5,4,Before 2020,151,717726.0,676692.0,762553.0,539241.5714285715,620809.0666666667
2013-06-01,A,631022,445218,1076240,2013,6,5,Before 2020,152,719350.0,369584.0,752135.0,545335.5714285715,619368.9666666667
2013-06-02,U,439719,333835,773554,2013,6,6,Before 2020,153,445218.0,336563.0,730511.0,556140.4285714285,609138.4
2013-06-03,W,1054416,707210,1761626,2013,6,0,Before 2020,154,333835.0,286211.0,465245.0,555750.7142857143,595915.8666666667
2013-06-04,W,1044555,716102,1760657,2013,6,1,Before 2020,155,707210.0,672485.0,350222.0,615893.4285714285,603981.3666666667
2013-06-05,W,1024709,716938,1741647,2013,6,2,Before 2020,156,716102.0,715430.0,729615.0,622124.4285714285,616177.3666666667
2013-06-06,W,1021552,736943,1758495,2013,6,3,Before 2020,157,716938.0,717726.0,758068.0,622339.8571428572,615754.8
2013-06-07,W,1030362,768035,1798397,2013,6,4,Before 2020,158,736943.0,719350.0,769649.0,625085.1428571428,615050.6333333333
2013-06-08,A,661759,537485,1199244,2013,6,5,Before 2020,159,768035.0,445218.0,721753.0,632040.1428571428,614996.8333333334
2013-06-09,U,473625,393881,867506,2013,6,6,Before 2020,160,537485.0,333835.0,725511.0,645221.1428571428,608854.5666666667
2013-06-10,W,993550,731202,1724752,2013,6,0,Before 2020,161,393881.0,707210.0,435938.0,653799.1428571428,597800.2333333333
2013-06-11,W,1027027,752653,1779680,2013,6,1,Before 2020,162,731202.0,716102.0,313848.0,657226.5714285715,607642.3666666667
2013-06-12,W,969474,718831,1688305,2013,6,2,Before 2020,163,752653.0,716938.0,713048.0,662448.1428571428,622269.2
2013-06-13,W,1031992,761985,1793977,2013,6,3,Before 2020,164,718831.0,736943.0,750210.0,662718.5714285715,622461.9666666667
2013-06-14,W,1033513,747980,1781493,2013,6,4,Before 2020,165,761985.0,768035.0,758657.0,666296.0,622854.4666666667
2013-06-15,A,624345,453140,1077485,2013,6,5,Before 2020,166,747980.0,537485.0,746034.0,663431.0,622498.5666666667
2013-06-16,U,479896,369569,849465,2013,6,6,Before 2020,167,453140.0,393881.0,757439.0,651381.7142857143,612735.4333333333
2013-06-17,W,969085,692856,1661941,2013,6,0,Before 2020,168,369569.0,731202.0,493226.0,647908.5714285715,599806.4333333333
2013-06-18,W,975403,701224,1676627,2013,6,1,Before 2020,169,692856.0,752653.0,363850.0,642430.5714285715,606460.7666666667
2013-06-19,W,990561,718139,1708700,2013,6,2,Before 2020,170,701224.0,718831.0,681176.0,635083.5714285715,617706.5666666667
2013-06-20,W,974707,724184,1698891,2013,6,3,Before 2020,171,718139.0,761985.0,689412.0,634984.7142857143,618938.6666666666
2013-06-21,W,917934,724999,1642933,2013,6,4,Before 2020,172,724184.0,747980.0,687729.0,629584.5714285715,620097.7333333333
2013-06-22,A,633702,488805,1122507,2013,6,5,Before 2020,173,724999.0,453140.0,693752.0,626301.5714285715,621340.0666666667
2013-06-23,U,479321,394460,873781,2013,6,6,Before 2020,174,488805.0,369569.0,676692.0,631396.5714285715,614508.5
2013-06-24,W,920436,699721,1620157,2013,6,0,Before 2020,175,394460.0,692856.0,369584.0,634952.4285714285,605100.7666666667
2013-06-25,W,888128,694726,1582854,2013,6,1,Before 2020,176,699721.0,701224.0,336563.0,635933.1428571428,616105.3333333334
2013-06-26,W,866326,690875,1557201,2013,6,2,Before 2020,177,694726.0,718139.0,286211.0,635004.8571428572,628044.1
2013-06-27,W,913619,723050,1636669,2013,6,3,Before 2020,178,690875.0,724184.0,672485.0,631110.0,641532.9
2013-06-28,W,898642,894811,1793453,2013,6,4,Before 2020,179,723050.0,724999.0,715430.0,630948.0,643218.4
2013-06-29,A,620304,463716,1084020,2013,6,5,Before 2020,180,894811.0,488805.0,717726.0,655206.8571428572,649197.7666666667
2013-06-30,U,488073,543707,1031780,2013,6,6,Before 2020,181,463716.0,394460.0,719350.0,651622.7142857143,640730.7666666667
2013-07-01,W,946062,681252,1627314,2013,7,0,Before 2020,182,543707.0,699721.0,445218.0,672943.7142857143,634876.0
2013-07-02,W,911309,677994,1589303,2013,7,1,Before 2020,183,681252.0,694726.0,333835.0,670305.2857142857,642743.8
2013-07-03,W,945848,693445,1639293,2013,7,2,Before 2020,184,677994.0,690875.0,707210.0,667915.0,654215.7666666667
2013-07-04,U,525424,407174,932598,2013,7,3,Before 2020,185,693445.0,723050.0,716102.0,668282.1428571428,653756.9333333333
2013-07-05,W,806355,592583,1398938,2013,7,4,Before 2020,186,407174.0,894811.0,716938.0,623157.0,643459.3333333334
2013-07-06,A,619632,463509,1083141,2013,7,5,Before 2020,187,592583.0,463716.0,736943.0,579981.5714285715,639314.1666666666
2013-07-07,U,467091,354565,821656,2013,7,6,Before 2020,188,463509.0,543707.0,768035.0,579952.0,630199.7
2013-07-08,W,863581,664506,1528087,2013,7,0,Before 2020,189,354565.0,681252.0,537485.0,552931.7142857143,616417.3666666667
2013-07-09,W,928137,708853,1636990,2013,7,1,Before 2020,190,664506.0,677994.0,393881.0,550539.4285714285,620651.4
2013-07-10,W,961940,756010,1717950,2013,7,2,Before 2020,191,708853.0,693445.0,731202.0,554947.8571428572,631150.4666666667
2013-07-11,W,958922,787568,1746490,2013,7,3,Before 2020,192,756010.0,407174.0,752653.0,563885.7142857143,631977.4
2013-07-12,W,928925,802562,1731487,2013,7,4,Before 2020,193,787568.0,592583.0,718831.0,618227.7142857143,633141.2333333333
2013-07-13,A,662483,565833,1228316,2013,7,5,Before 2020,194,802562.0,463509.0,761985.0,648224.7142857143,635932.2666666667
2013-07-14,U,487170,413355,900525,2013,7,6,Before 2020,195,565833.0,354565.0,747980.0,662842.4285714285,629393.8666666667
2013-07-15,W,904464,683553,1588017,2013,7,0,Before 2020,196,413355.0,664506.0,453140.0,671241.0,618239.7
2013-07-16,W,924281,695896,1620177,2013,7,1,Before 2020,197,683553.0,708853.0,369569.0,673962.0,625920.1333333333
2013-07-17,W,922657,706991,1629648,2013,7,2,Before 2020,198,695896.0,756010.0,692856.0,672111.0,636797.7
2013-07-18,W,904388,720245,1624633,2013,7,3,Before 2020,199,706991.0,787568.0,701224.0,665108.2857142857,637268.8666666667
2013-07-19,W,897959,775821,1673780,2013,7,4,Before 2020,200,720245.0,802562.0,718139.0,655490.7142857143,637902.9
2013-07-20,A,646339,546852,1193191,2013,7,5,Before 2020,201,775821.0,565833.0,724184.0,651670.5714285715,639825.6333333333
2013-07-21,U,469900,410606,880506,2013,7,6,Before 2020,202,546852.0,413355.0,724999.0,648959.0,633914.5666666667
2013-07-22,W,903084,709718,1612802,2013,7,0,Before 2020,203,410606.0,683553.0,488805.0,648566.2857142857,623434.8
2013-07-23,W,919858,720357,1640215,2013,7,1,Before 2020,204,709718.0,695896.0,394460.0,652304.1428571428,630798.5666666667
2013-07-24,W,928256,713067,1641323,2013,7,2,Before 2020,205,720357.0,706991.0,699721.0,655798.5714285715,641661.8
2013-07-25,W,919260,715876,1635136,2013,7,3,Before 2020,206,713067.0,720245.0,694726.0,656666.5714285715,642106.6666666666
2013-07-26,W,890066,688728,1578794,2013,7,4,Before 2020,207,715876.0,775821.0,690875.0,656042.4285714285,642811.6666666666
2013-07-27,A,614357,461775,1076132,2013,7,5,Before 2020,208,688728.0,546852.0,723050.0,643600.5714285715,642740.1
2013-07-28,U,455742,371125,826867,2013,7,6,Before 2020,209,461775.0,410606.0,894811.0,631446.7142857143,634030.9333333333
2013-07-29,W,894999,693570,1588569,2013,7,0,Before 2020,210,371125.0,709718.0,463716.0,625806.5714285715,616574.7333333333
2013-07-30,W,894122,713697,1607819,2013,7,1,Before 2020,211,693570.0,720357.0,543707.0,623499.7142857143,624236.5333333333
2013-07-31,W,898783,707557,1606340,2013,7,2,Before 2020,212,713697.0,713067.0,681252.0,622548.2857142857,629902.8666666667
2013-08-01,W,950707,753887,1704594,2013,8,3,Before 2020,213,707557.0,715876.0,677994.0,621761.1428571428,630779.7
2013-08-02,W,918087,795020,1713107,2013,8,4,Before 2020,214,753887.0,688728.0,693445.0,627191.2857142857,633309.4666666667
2013-08-03,A,667710,574621,1242331,2013,8,5,Before 2020,215,795020.0,461775.0,407174.0,642375.8571428572,636695.3
2013-08-04,U,475029,462380,937409,2013,8,6,Before 2020,216,574621.0,371125.0,592583.0,658496.7142857143,642276.8666666667
2013-08-05,W,885007,688747,1573754,2013,8,0,Before 2020,217,462380.0,693570.0,463509.0,671533.1428571428,637936.7666666667
2013-08-06,W,914261,698763,1613024,2013,8,1,Before 2020,218,688747.0,713697.0,354565.0,670844.1428571428,645444.7
2013-08-07,W,898114,694946,1593060,2013,8,2,Before 2020,219,698763.0,707557.0,664506.0,668710.7142857143,656917.9666666667
2013-08-08,W,912994,702001,1614995,2013,8,3,Before 2020,220,694946.0,753887.0,708853.0,666909.1428571428,657932.6333333333
2013-08-09,W,906417,711160,1617577,2013,8,4,Before 2020,221,702001.0,795020.0,756010.0,659496.8571428572,657704.2333333333
2013-08-10,A,642566,493210,1135776,2013,8,5,Before 2020,222,711160.0,574621.0,787568.0,647516.8571428572,656209.2333333333
2013-08-11,U,459030,365118,824148,2013,8,6,Before 2020,223,493210.0,462380.0,802562.0,635886.7142857143,646397.3
2013-08-12,W,848703,684985,1533688,2013,8,0,Before 2020,224,365118.0,688747.0,565833.0,621992.1428571428,631815.8333333334
2013-08-13,W,883243,712564,1595807,2013,8,1,Before 2020,225,684985.0,698763.0,413355.0,621454.7142857143,635787.5666666667
2013-08-14,W,882740,717664,1600404,2013,8,2,Before 2020,226,712564.0,694946.0,683553.0,623426.2857142857,645761.2
2013-08-15,W,877526,705604,1583130,2013,8,3,Before 2020,227,717664.0,702001.0,695896.0,626671.7142857143,646898.2333333333
2013-08-16,W,890423,730276,1620699,2013,8,4,Before 2020,228,705604.0,711160.0,706991.0,627186.4285714285,647221.8333333334
2013-08-17,A,634078,506124,1140202,2013,8,5,Before 2020,229,730276.0,493210.0,720245.0,629917.2857142857,647998.0
2013-08-18,U,472515,384202,856717,2013,8,6,Before 2020,230,506124.0,365118.0,775821.0,631762.1428571428,640860.6333333333
2013-08-19,W,859701,671949,1531650,2013,8,0,Before 2020,231,384202.0,684985.0,546852.0,634488.4285714285,627806.6666666666
2013-08-20,W,894283,699558,1593841,2013,8,1,Before 2020,232,671949.0,712564.0,410606.0,632626.1428571428,631976.5666666667
2013-08-21,W,894827,704103,1598930,2013,8,2,Before 2020,233,699558.0,717664.0,709718.0,630768.1428571428,641608.3
2013-08-22,W,855068,697777,1552845,2013,8,3,Before 2020,234,704103.0,705604.0,720357.0,628830.8571428572,641421.1333333333
2013-08-23,W,932928,715975,1648903,2013,8,4,Before 2020,235,697777.0,730276.0,713067.0,627712.7142857143,640668.4666666667
2013-08-24,A,632311,465546,1097857,2013,8,5,Before 2020,236,715975.0,506124.0,715876.0,625669.7142857143,640765.4
2013-08-25,U,463843,353352,817195,2013,8,6,Before 2020,237,465546.0,384202.0,688728.0,619872.8571428572,632421.0666666667
2013-08-26,W,1020173,696403,1716576,2013,8,0,Before 2020,238,353352.0,671949.0,461775.0,615465.7142857143,621241.8666666667
2013-08-27,W,1032675,721814,1754489,2013,8,1,Before 2020,239,696403.0,699558.0,371125.0,618959.1428571428,629062.8
2013-08-28,W,1019457,732138,1751595,2013,8,2,Before 2020,240,721814.0,704103.0,693570.0,622138.5714285715,640752.4333333333
2013-08-29,W,1048608,759088,1807696,2013,8,3,Before 2020,241,732138.0,697777.0,713697.0,626143.5714285715,642038.0333333333
2013-08-30,W,1025684,740853,1766537,2013,8,4,Before 2020,242,759088.0,715975.0,707557.0,634902.2857142857,643551.0666666667
2013-08-31,A,596363,462487,1058850,2013,8,5,Before 2020,243,740853.0,465546.0,753887.0,638456.2857142857,644660.9333333333
2013-09-01,U,493648,423770,917418,2013,9,6,Before 2020,244,462487.0,353352.0,795020.0,638019.2857142857,634947.6
2013-09-02,U,454573,344582,799155,2013,9,0,Before 2020,245,423770.0,696403.0,574621.0,648079.0,622572.6
2013-09-03,W,1089544,761455,1850999,2013,9,1,Before 2020,246,344582.0,721814.0,462380.0,597818.8571428572,614904.6333333333
2013-09-04,W,1077803,769975,1847778,2013,9,2,Before 2020,247,761455.0,732138.0,688747.0,603481.8571428572,624873.8
2013-09-05,W,1059826,763277,1823103,2013,9,3,Before 2020,248,769975.0,759088.0,698763.0,608887.1428571428,627581.4
2013-09-06,W,1067536,786864,1854400,2013,9,4,Before 2020,249,763277.0,740853.0,694946.0,609485.5714285715,629731.8666666667
2013-09-07,A,634809,510149,1144958,2013,9,5,Before 2020,250,786864.0,462487.0,702001.0,616058.5714285715,632795.8
2013-09-08,U,459104,371781,830885,2013,9,6,Before 2020,251,510149.0,423770.0,711160.0,622867.4285714285,626400.7333333333
2013-09-09,W,1052783,752305,1805088,2013,9,0,Before 2020,252,371781.0,344582.0,493210.0,615440.4285714285,615088.1
2013-09-10,W,1034136,762582,1796718,2013,9,1,Before 2020,253,752305.0,761455.0,365118.0,673686.5714285715,623724.6
2013-09-11,W,1047538,783710,1831248,2013,9,2,Before 2020,254,762582.0,769975.0,684985.0,673847.5714285715,636973.4
2013-09-12,W,1050318,812163,1862481,2013,9,3,Before 2020,255,783710.0,763277.0,712564.0,675809.7142857143,640264.2333333333
2013-09-13,W,1036536,803298,1839834,2013,9,4,Before 2020,256,812163.0,786864.0,717664.0,682793.4285714285,643584.2
2013-09-14,A,632081,504797,1136878,2013,9,5,Before 2020,257,803298.0,510149.0,705604.0,685141.1428571428,646438.6666666666
2013-09-15,U,409765,345621,755386,2013,9,6,Before 2020,258,504797.0,371781.0,730276.0,684376.5714285715,639745.1
2013-09-16,W,1033555,776155,1809710,2013,9,0,Before 2020,259,345621.0,752305.0,506124.0,680639.4285714285,626923.2666666667
2013-09-17,W,1049035,788413,1837448,2013,9,1,Before 2020,260,776155.0,762582.0,384202.0,684046.5714285715,635924.3
2013-09-18,W,1023243,783471,1806714,2013,9,2,Before 2020,261,788413.0,783710.0,671949.0,687736.7142857143,649398.0
2013-09-19,W,1000885,791208,1792093,2013,9,3,Before 2020,262,783471.0,812163.0,699558.0,687702.5714285715,653115.4
2013-09-20,W,1034561,800104,1834665,2013,9,4,Before 2020,263,791208.0,803298.0,704103.0,684709.0,656170.4
2013-09-21,A,629564,526128,1155692,2013,9,5,Before 2020,264,800104.0,504797.0,697777.0,684252.7142857143,659370.4333333333
2013-09-22,U,445308,368372,813680,2013,9,6,Before 2020,265,526128.0,345621.0,715975.0,687300.0,653648.8
2013-09-23,W,1026469,780751,1807220,2013,9,0,Before 2020,266,368372.0,776155.0,465546.0,690550.1428571428,642062.0333333333
2013-09-24,W,1041341,805859,1847200,2013,9,1,Before 2020,267,780751.0,788413.0,353352.0,691206.7142857143,652568.8666666667
2013-09-25,W,1055790,810826,1866616,2013,9,2,Before 2020,268,805859.0,783471.0,696403.0,693699.0,667652.4333333333
2013-09-26,W,1047323,813509,1860832,2013,9,3,Before 2020,269,810826.0,791208.0,721814.0,697606.8571428572,671466.5333333333
2013-09-27,W,1034355,797916,1832271,2013,9,4,Before 2020,270,813509.0,800104.0,732138.0,700792.7142857143,674523.0333333333
2013-09-28,A,635517,506929,1142446,2013,9,5,Before 2020,271,797916.0,526128.0,759088.0,700480.1428571428,676715.6333333333
2013-09-29,U,439655,360040,799695,2013,9,6,Before 2020,272,506929.0,368372.0,740853.0,697737.4285714285,668310.3333333334
2013-09-30,W,1007775,765034,1772809,2013,9,0,Before 2020,273,360040.0,780751.0,462487.0,696547.1428571428,655616.5666666667
2013-10-01,W,1100251,760127,1860378,2013,10,1,Before 2020,274,765034.0,805859.0,423770.0,694301.8571428572,665701.4666666667
2013-10-02,W,1060370,771294,1831664,2013,10,2,Before 2020,275,760127.0,810826.0,344582.0,687768.7142857143,676913.3666666667
2013-10-03,W,1073368,776149,1849517,2013,10,3,Before 2020,276,771294.0,813509.0,761455.0,682121.2857142857,691137.1
2013-10-04,W,1055644,763663,1819307,2013,10,4,Before 2020,277,776149.0,797916.0,769975.0,676784.1428571428,691626.9
2013-10-05,A,606526,457086,1063612,2013,10,5,Before 2020,278,763663.0,506929.0,763277.0,671890.8571428572,691416.5
2013-10-06,U,468784,350969,819753,2013,10,6,Before 2020,279,457086.0,360040.0,786864.0,664770.4285714285,681210.1333333333
2013-10-07,W,1033503,748714,1782217,2013,10,0,Before 2020,280,350969.0,765034.0,510149.0,663474.5714285715,666680.3
2013-10-08,W,1062411,762764,1825175,2013,10,1,Before 2020,281,748714.0,760127.0,371781.0,661143.1428571428,674632.4666666667
2013-10-09,W,1056846,774550,1831396,2013,10,2,Before 2020,282,762764.0,771294.0,752305.0,661519.8571428572,687665.2333333333
2013-10-10,W,1041043,803786,1844829,2013,10,3,Before 2020,283,774550.0,776149.0,762582.0,661985.0,688406.7333333333
2013-10-11,W,1033797,792305,1826102,2013,10,4,Before 2020,284,803786.0,763663.0,783710.0,665933.1428571428,689780.2
2013-10-12,A,597479,497092,1094571,2013,10,5,Before 2020,285,792305.0,457086.0,812163.0,670024.8571428572,690066.7
2013-10-13,U,433578,528335,961913,2013,10,6,Before 2020,286,497092.0,350969.0,803298.0,675740.0,679564.3333333334
2013-10-14,W,836533,678287,1514820,2013,10,0,Before 2020,287,528335.0,748714.0,504797.0,701078.0,670398.9
2013-10-15,W,1005851,764848,1770699,2013,10,1,Before 2020,288,678287.0,762764.0,345621.0,691017.0,676181.9
2013-10-16,W,1017742,779074,1796816,2013,10,2,Before 2020,289,764848.0,774550.0,776155.0,691314.7142857143,690156.1333333333
2013-10-17,W,1025838,789200,1815038,2013,10,3,Before 2020,290,779074.0,803786.0,788413.0,691961.0,690253.4333333333
2013-10-18,W,1024958,784891,1809849,2013,10,4,Before 2020,291,789200.0,792305.0,783471.0,689877.2857142857,690279.6666666666
2013-10-19,A,599201,498671,1097872,2013,10,5,Before 2020,292,784891.0,497092.0,791208.0,688818.1428571428,690327.0
2013-10-20,U,417109,367355,784464,2013,10,6,Before 2020,293,498671.0,528335.0,800104.0,689043.7142857143,680575.7666666667
2013-10-21,W,972502,778456,1750958,2013,10,0,Before 2020,294,367355.0,678287.0,526128.0,666046.5714285715,666150.8
2013-10-22,W,948098,785501,1733599,2013,10,1,Before 2020,295,778456.0,764848.0,368372.0,680356.4285714285,674561.7333333333
2013-10-23,W,993612,797121,1790733,2013,10,2,Before 2020,296,785501.0,779074.0,780751.0,683306.8571428572,688466.0333333333
2013-10-24,W,1007402,810665,1818067,2013,10,3,Before 2020,297,797121.0,789200.0,805859.0,685885.0,689011.7
2013-10-25,W,986527,797551,1784078,2013,10,4,Before 2020,298,810665.0,784891.0,810826.0,688951.4285714285,689171.9
2013-10-26,A,578216,492032,1070248,2013,10,5,Before 2020,299,797551.0,498671.0,813509.0,690760.0,688729.4
2013-10-27,U,413217,346467,759684,2013,10,6,Before 2020,300,492032.0,367355.0,797916.0,689811.5714285715,678013.5
2013-10-28,W,982644,768974,1751618,2013,10,0,Before 2020,301,346467.0,778456.0,506929.0,686827.5714285715,662965.2
2013-10-29,W,976102,790974,1767076,2013,10,1,Before 2020,302,768974.0,785501.0,360040.0,685473.0,671700.0333333333
2013-10-30,W,967902,791183,1759085,2013,10,2,Before 2020,303,790974.0,797121.0,765034.0,686254.8571428572,686064.5
2013-10-31,W,956055,786574,1742629,2013,10,3,Before 2020,304,791183.0,810665.0,760127.0,685406.5714285715,686936.1333333333
2013-11-01,W,937537,783970,1721507,2013,11,4,Before 2020,305,786574.0,797551.0,771294.0,681965.0,687817.7
2013-11-02,A,593170,483120,1076290,2013,11,5,Before 2020,306,783970.0,492032.0,776149.0,680024.8571428572,688240.2333333333
2013-11-03,U,430036,384737,814773,2013,11,6,Before 2020,307,483120.0,346467.0,763663.0,678751.7142857143,678472.6
2013-11-04,W,978017,788454,1766471,2013,11,0,Before 2020,308,384737.0,768974.0,457086.0,684218.8571428572,665841.7333333333
2013-11-05,W,982549,795511,1778060,2013,11,1,Before 2020,309,788454.0,790974.0,350969.0,687001.7142857143,676887.3333333334
2013-11-06,W,965938,792044,1757982,2013,11,2,Before 2020,310,795511.0,791183.0,748714.0,687649.8571428572,691705.4
2013-11-07,W,974582,812279,1786861,2013,11,3,Before 2020,311,792044.0,786574.0,762764.0,687772.8571428572,693149.7333333333
2013-11-08,W,974269,808267,1782536,2013,11,4,Before 2020,312,812279.0,783970.0,774550.0,691445.0,694800.2333333333
2013-11-09,A,589432,507077,1096509,2013,11,5,Before 2020,313,808267.0,483120.0,803786.0,694916.0,695924.1333333333
2013-11-10,U,426989,370923,797912,2013,11,6,Before 2020,314,507077.0,384737.0,792305.0,698338.4285714285,686033.8333333334
2013-11-11,W,727925,671720,1399645,2013,11,0,Before 2020,315,370923.0,788454.0,497092.0,696365.0,671987.7666666667
2013-11-12,W,884181,770609,1654790,2013,11,1,Before 2020,316,671720.0,795511.0,528335.0,679688.7142857143,677808.7
2013-11-13,W,967800,783483,1751283,2013,11,2,Before 2020,317,770609.0,792044.0,678287.0,676131.2857142857,685884.5
2013-11-14,W,968420,806089,1774509,2013,11,3,Before 2020,318,783483.0,812279.0,764848.0,674908.2857142857,689391.0333333333
2013-11-15,W,972734,803561,1776295,2013,11,4,Before 2020,319,806089.0,808267.0,779074.0,674024.0,690765.7333333333
2013-11-16,A,548828,489767,1038595,2013,11,5,Before 2020,320,803561.0,507077.0,789200.0,673351.7142857143,691581.9666666667
2013-11-17,U,343928,316525,660453,2013,11,6,Before 2020,321,489767.0,370923.0,784891.0,670878.8571428572,681600.8666666667
2013-11-18,W,948312,775101,1723413,2013,11,0,Before 2020,322,316525.0,671720.0,498671.0,663107.7142857143,665988.6666666666
2013-11-19,W,972260,790434,1762694,2013,11,1,Before 2020,323,775101.0,770609.0,367355.0,677876.4285714285,675203.0
2013-11-20,W,974233,788003,1762236,2013,11,2,Before 2020,324,790434.0,783483.0,778456.0,680708.5714285715,689305.6333333333
2013-11-21,W,967167,799283,1766450,2013,11,3,Before 2020,325,788003.0,806089.0,785501.0,681354.2857142857,689623.8666666667
2013-11-22,W,955058,797556,1752614,2013,11,4,Before 2020,326,799283.0,803561.0,797121.0,680382.0,690083.2666666667
2013-11-23,A,535573,513370,1048943,2013,11,5,Before 2020,327,797556.0,489767.0,810665.0,679524.1428571428,690097.7666666667
2013-11-24,U,362949,311868,674817,2013,11,6,Before 2020,328,513370.0,316525.0,797551.0,682896.0,680187.9333333333
2013-11-25,W,898537,742488,1641025,2013,11,0,Before 2020,329,311868.0,775101.0,492032.0,682230.7142857143,663998.5
2013-11-26,W,913171,768042,1681213,2013,11,1,Before 2020,330,742488.0,790434.0,346467.0,677571.7142857143,672347.0333333333
2013-11-27,W,785887,655899,1441786,2013,11,2,Before 2020,331,768042.0,788003.0,768974.0,674372.8571428572,686399.5333333333
2013-11-28,U,316200,238112,554312,2013,11,3,Before 2020,332,655899.0,799283.0,790974.0,655500.8571428572,682630.3666666667
2013-11-29,W,625605,448939,1074544,2013,11,4,Before 2020,333,238112.0,797556.0,791183.0,575333.5714285715,664201.6333333333
2013-11-30,A,594111,419067,1013178,2013,11,5,Before 2020,334,448939.0,513370.0,786574.0,525531.1428571428,652793.5
2013-12-01,U,393065,311377,704442,2013,12,6,Before 2020,335,419067.0,311868.0,783970.0,512059.28571428574,640543.2666666667
2013-12-02,W,966367,745892,1712259,2013,12,0,Before 2020,336,311377.0,742488.0,483120.0,511989.14285714284,624790.1666666666
2013-12-03,W,1011416,772345,1783761,2013,12,1,Before 2020,337,745892.0,768042.0,384737.0,512475.4285714286,633549.2333333333
2013-12-04,W,1022579,778031,1800610,2013,12,2,Before 2020,338,772345.0,655899.0,788454.0,513090.14285714284,646469.5
2013-12-05,W,956982,782864,1739846,2013,12,3,Before 2020,339,778031.0,238112.0,795511.0,530537.5714285715,646122.0666666667
2013-12-06,W,933388,766511,1699899,2013,12,4,Before 2020,340,782864.0,448939.0,792044.0,608359.2857142857,645700.5
2013-12-07,A,523861,455354,979215,2013,12,5,Before 2020,341,766511.0,419067.0,812279.0,653726.7142857143,644849.4
2013-12-08,U,356936,322820,679756,2013,12,6,Before 2020,342,455354.0,311377.0,808267.0,658910.5714285715,632951.9
2013-12-09,W,904306,745781,1650087,2013,12,0,Before 2020,343,322820.0,745892.0,507077.0,660545.2857142857,616770.3333333334
2013-12-10,W,884567,726111,1610678,2013,12,1,Before 2020,344,745781.0,772345.0,370923.0,660529.4285714285,624727.1333333333
2013-12-11,W,888272,736512,1624784,2013,12,2,Before 2020,345,726111.0,778031.0,671720.0,653924.5714285715,636566.7333333333
2013-12-12,W,864926,722404,1587330,2013,12,3,Before 2020,346,736512.0,782864.0,770609.0,647993.2857142857,638726.4666666667
2013-12-13,W,930494,760860,1691354,2013,12,4,Before 2020,347,722404.0,766511.0,783483.0,639356.1428571428,637119.6333333333
2013-12-14,A,508408,473775,982183,2013,12,5,Before 2020,348,760860.0,455354.0,806089.0,638548.8571428572,636365.5333333333
2013-12-15,U,357251,317666,674917,2013,12,6,Before 2020,349,473775.0,322820.0,803561.0,641180.4285714285,625288.4
2013-12-16,W,856591,697993,1554584,2013,12,0,Before 2020,350,317666.0,745781.0,489767.0,640444.1428571428,609091.9
2013-12-17,W,883958,716650,1600608,2013,12,1,Before 2020,351,697993.0,726111.0,316525.0,633617.2857142857,616032.7666666667
2013-12-18,W,900934,719652,1620586,2013,12,2,Before 2020,352,716650.0,736512.0,775101.0,632265.7142857143,629370.2666666667
2013-12-19,W,888294,715173,1603467,2013,12,3,Before 2020,353,719652.0,722404.0,790434.0,629857.1428571428,627521.9666666667
2013-12-20,W,885107,706214,1591321,2013,12,4,Before 2020,354,715173.0,760860.0,788003.0,628824.1428571428,625013.2666666667
2013-12-21,A,513799,421443,935242,2013,12,5,Before 2020,355,706214.0,473775.0,799283.0,621017.5714285715,622286.9666666667
2013-12-22,U,374537,310920,685457,2013,12,6,Before 2020,356,421443.0,317666.0,797556.0,613541.5714285715,609692.3
2013-12-23,W,691365,545145,1236510,2013,12,0,Before 2020,357,310920.0,697993.0,513370.0,612577.8571428572,593471.1
2013-12-24,W,474089,341784,815873,2013,12,1,Before 2020,358,545145.0,716650.0,311868.0,590742.4285714285,594530.2666666667
2013-12-25,U,218166,144912,363078,2013,12,2,Before 2020,359,341784.0,719652.0,742488.0,537190.1428571428,595527.4666666667
2013-12-26,W,557420,438202,995622,2013,12,3,Before 2020,360,144912.0,715173.0,768042.0,455084.4285714286,575608.2666666667
2013-12-27,W,659876,531774,1191650,2013,12,4,Before 2020,361,438202.0,706214.0,655899.0,415517.14285714284,564613.6
2013-12-28,A,506219,405004,911223,2013,12,5,Before 2020,362,531774.0,421443.0,238112.0,390597.14285714284,560476.1
2013-12-29,U,335610,292169,627779,2013,12,6,Before 2020,363,405004.0,310920.0,448939.0,388248.71428571426,566039.1666666666
2013-12-30,W,604796,537971,1142767,2013,12,0,Before 2020,364,292169.0,545145.0,419067.0,385570.0,560813.5
2013-12-31,W,595963,565346,1161309,2013,12,1,Before 2020,365,537971.0,341784.0,311377.0,384545.14285714284,564776.9666666667
2014-01-01,U,281657,303441,585098,2014,1,2,Before 2020,1,565346.0,144912.0,745892.0,416482.5714285714,573242.6
2014-01-02,W,601103,569395,1170498,2014,1,3,Before 2020,2,303441.0,438202.0,772345.0,439129.5714285714,558494.2333333333
2014-01-03,W,691262,598290,1289552,2014,1,4,Before 2020,3,569395.0,531774.0,778031.0,457871.4285714286,551729.2333333333
2014-01-04,A,469542,361203,830745,2014,1,5,Before 2020,4,598290.0,405004.0,782864.0,467373.71428571426,545737.8666666667
2014-01-05,U,268582,237067,505649,2014,1,6,Before 2020,5,361203.0,292169.0,766511.0,461116.4285714286,531682.5
2014-01-06,W,311075,269542,580617,2014,1,0,Before 2020,6,237067.0,537971.0,455354.0,453244.71428571426,514034.36666666664
2014-01-07,W,489810,468681,958491,2014,1,1,Before 2020,7,269542.0,565346.0,322820.0,414897.71428571426,507840.63333333336
2014-01-08,W,806256,687473,1493729,2014,1,2,Before 2020,8,468681.0,303441.0,745781.0,401088.4285714286,512702.6666666667
2014-01-09,W,860867,727384,1588251,2014,1,3,Before 2020,9,687473.0,569395.0,726111.0,455950.14285714284,510759.06666666665
2014-01-10,W,872079,725812,1597891,2014,1,4,Before 2020,10,727384.0,598290.0,736512.0,478520.0,510801.5
2014-01-11,A,526267,424639,950906,2014,1,5,Before 2020,11,725812.0,361203.0,722404.0,496737.4285714286,510444.8333333333
2014-01-12,U,387031,312663,699694,2014,1,6,Before 2020,12,424639.0,237067.0,760860.0,505799.71428571426,500519.3333333333
2014-01-13,W,948883,762345,1711228,2014,1,0,Before 2020,13,312663.0,269542.0,473775.0,516599.14285714284,485579.43333333335
2014-01-14,W,923401,761893,1685294,2014,1,1,Before 2020,14,762345.0,468681.0,317666.0,586999.5714285715,495198.43333333335
2014-01-15,W,940266,761924,1702190,2014,1,2,Before 2020,15,761893.0,687473.0,697993.0,628887.0,510006.0
2014-01-16,W,927231,765910,1693141,2014,1,3,Before 2020,16,761924.0,727384.0,716650.0,639522.8571428572,512137.0333333333
2014-01-17,W,909353,743024,1652377,2014,1,4,Before 2020,17,765910.0,725812.0,719652.0,645026.5714285715,513779.0333333333
2014-01-18,A,480918,418986,899904,2014,1,5,Before 2020,18,743024.0,424639.0,715173.0,647485.4285714285,514558.1
2014-01-19,U,372608,316288,688896,2014,1,6,Before 2020,19,418986.0,312663.0,706214.0,646677.8571428572,504685.2
2014-01-20,W,599662,502485,1102147,2014,1,0,Before 2020,20,316288.0,762345.0,421443.0,647195.7142857143,491687.6666666667
2014-01-21,W,855515,734096,1589611,2014,1,1,Before 2020,21,502485.0,761893.0,310920.0,610072.8571428572,494389.06666666665
2014-01-22,W,872967,737074,1610041,2014,1,2,Before 2020,22,734096.0,761924.0,545145.0,606101.8571428572,508494.93333333335
2014-01-23,W,825049,715759,1540808,2014,1,3,Before 2020,23,737074.0,765910.0,341784.0,602551.8571428572,514892.56666666665
2014-01-24,W,763075,680260,1443335,2014,1,4,Before 2020,24,715759.0,743024.0,144912.0,595387.4285714285,527358.4
2014-01-25,A,490314,396641,886955,2014,1,5,Before 2020,25,680260.0,418986.0,438202.0,586421.1428571428,545203.3333333334
2014-01-26,U,337328,280648,617976,2014,1,6,Before 2020,26,396641.0,316288.0,531774.0,583229.0,543817.9666666667
2014-01-27,W,502031,472484,974515,2014,1,0,Before 2020,27,280648.0,502485.0,405004.0,578137.5714285715,535447.1
2014-01-28,W,519517,485867,1005384,2014,1,1,Before 2020,28,472484.0,734096.0,292169.0,573851.7142857143,537696.4333333333
2014-01-29,W,889744,733780,1623524,2014,1,2,Before 2020,29,485867.0,737074.0,537971.0,538390.4285714285,544153.0333333333
2014-01-30,W,902855,751471,1654326,2014,1,3,Before 2020,30,733780.0,715759.0,565346.0,537919.8571428572,550680.0
2014-01-31,W,930172,754479,1684651,2014,1,4,Before 2020,31,751471.0,680260.0,303441.0,543021.5714285715,556884.1666666666
2014-02-01,A,497989,405961,903950,2014,2,5,Before 2020,32,754479.0,396641.0,569395.0,553624.2857142857,571918.7666666667
2014-02-02,U,377994,299870,677864,2014,2,6,Before 2020,33,405961.0,280648.0,598290.0,554955.7142857143,566470.9666666667
2014-02-03,W,931825,729128,1660953,2014,2,0,Before 2020,34,299870.0,472484.0,361203.0,557701.7142857143,556523.6333333333
2014-02-04,W,946438,759960,1706398,2014,2,1,Before 2020,35,729128.0,485867.0,237067.0,594365.1428571428,568787.8
2014-02-05,W,828739,753984,1582723,2014,2,2,Before 2020,36,759960.0,733780.0,269542.0,633521.2857142857,586217.5666666667
2014-02-06,W,888288,753787,1642075,2014,2,3,Before 2020,37,753984.0,751471.0,468681.0,636407.5714285715,602365.6333333333
2014-02-07,W,873759,724771,1598530,2014,2,4,Before 2020,38,753787.0,754479.0,687473.0,636738.4285714285,611869.1666666666
2014-02-08,A,513518,416614,930132,2014,2,5,Before 2020,39,724771.0,405961.0,727384.0,632494.4285714285,613112.4333333333
2014-02-09,U,385739,301471,687210,2014,2,6,Before 2020,40,416614.0,299870.0,725812.0,634016.2857142857,602753.4333333333
2014-02-10,W,888500,716772,1605272,2014,2,0,Before 2020,41,301471.0,729128.0,424639.0,634245.0,588608.7333333333
2014-02-11,W,923651,743715,1667366,2014,2,1,Before 2020,42,716772.0,759960.0,312663.0,632479.8571428572,598346.5
2014-02-12,W,842139,713255,1555394,2014,2,2,Before 2020,43,743715.0,753984.0,762345.0,630159.1428571428,612714.9
2014-02-13,W,975061,784280,1759341,2014,2,3,Before 2020,44,713255.0,753787.0,761893.0,624340.7142857143,611078.5666666667
2014-02-14,W,961152,778342,1739494,2014,2,4,Before 2020,45,784280.0,724771.0,761924.0,628696.8571428572,611824.8
2014-02-15,A,567619,448648,1016267,2014,2,5,Before 2020,46,778342.0,416614.0,765910.0,636349.8571428572,612372.0666666667
2014-02-16,U,401088,324457,725545,2014,2,6,Before 2020,47,448648.0,301471.0,743024.0,640926.1428571428,601796.6666666666
2014-02-17,W,695931,594339,1290270,2014,2,0,Before 2020,48,324457.0,716772.0,418986.0,644209.8571428572,587844.4333333333
2014-02-18,W,947147,777183,1724330,2014,2,1,Before 2020,49,594339.0,743715.0,316288.0,626719.4285714285,593689.5333333333
2014-02-19,W,974552,783745,1758297,2014,2,2,Before 2020,50,777183.0,713255.0,502485.0,631500.5714285715,609052.7
2014-02-20,W,893699,759455,1653154,2014,2,3,Before 2020,51,783745.0,784280.0,734096.0,641570.5714285715,618428.0333333333
2014-02-21,W,926827,766802,1693629,2014,2,4,Before 2020,52,759455.0,778342.0,737074.0,638024.1428571428,619273.3333333334
2014-02-22,A,570349,452998,1023347,2014,2,5,Before 2020,53,766802.0,448648.0,715759.0,636375.5714285715,620264.2666666667
2014-02-23,U,392042,315317,707359,2014,2,6,Before 2020,54,452998.0,324457.0,680260.0,636997.0,611505.5666666667
2014-02-24,W,925043,739926,1664969,2014,2,0,Before 2020,55,315317.0,594339.0,396641.0,635691.2857142857,599340.8
2014-02-25,W,933471,752744,1686215,2014,2,1,Before 2020,56,739926.0,777183.0,280648.0,656489.4285714285,610783.6333333333
2014-02-26,W,884516,728685,1613201,2014,2,2,Before 2020,57,752744.0,783745.0,472484.0,652998.1428571428,626520.1666666666
2014-02-27,W,876615,728137,1604752,2014,2,3,Before 2020,58,728685.0,759455.0,485867.0,645132.4285714285,635060.2
2014-02-28,W,936301,745915,1682216,2014,2,4,Before 2020,59,728137.0,766802.0,733780.0,640658.4285714285,643135.8666666667
2014-03-01,A,559952,448218,1008170,2014,3,5,Before 2020,60,745915.0,452998.0,751471.0,637674.5714285715,643540.3666666667
2014-03-02,U,371300,304402,675702,2014,3,6,Before 2020,61,448218.0,315317.0,754479.0,636991.7142857143,633431.9333333333
2014-03-03,W,900837,709629,1610466,2014,3,0,Before 2020,62,304402.0,739926.0,405961.0,635432.4285714285,618429.3666666667
2014-03-04,W,953477,761357,1714834,2014,3,1,Before 2020,63,709629.0,752744.0,299870.0,631104.2857142857,628551.6333333333
2014-03-05,W,918971,769178,1688149,2014,3,2,Before 2020,64,761357.0,728685.0,729128.0,632334.7142857143,643934.5333333333
2014-03-06,W,962802,775465,1738267,2014,3,3,Before 2020,65,769178.0,728137.0,759960.0,638119.4285714285,645269.5333333333
2014-03-07,W,958096,769821,1727917,2014,3,4,Before 2020,66,775465.0,745915.0,753984.0,644880.5714285715,645786.3666666667
2014-03-08,A,553250,447401,1000651,2014,3,5,Before 2020,67,769821.0,448218.0,753787.0,648295.7142857143,646314.2666666667
2014-03-09,U,405308,328025,733333,2014,3,6,Before 2020,68,447401.0,304402.0,724771.0,648179.0,636101.4
2014-03-10,W,959467,767043,1726510,2014,3,0,Before 2020,69,328025.0,709629.0,416614.0,651553.7142857143,622876.5333333333
2014-03-11,W,959134,772592,1731726,2014,3,1,Before 2020,70,767043.0,761357.0,301471.0,659755.7142857143,634557.5
2014-03-12,W,868232,746895,1615127,2014,3,2,Before 2020,71,772592.0,769178.0,716772.0,661360.7142857143,650261.5333333333
2014-03-13,W,940113,785327,1725440,2014,3,3,Before 2020,72,746895.0,775465.0,743715.0,658177.4285714285,651265.6333333333
2014-03-14,W,955810,819256,1775066,2014,3,4,Before 2020,73,785327.0,769821.0,713255.0,659586.2857142857,652652.7
2014-03-15,A,593789,674922,1268711,2014,3,5,Before 2020,74,819256.0,447401.0,784280.0,666648.4285714285,656186.0666666667
2014-03-16,U,371881,349484,721365,2014,3,6,Before 2020,75,674922.0,328025.0,778342.0,699151.4285714285,652540.8
2014-03-17,W,932779,763579,1696358,2014,3,0,Before 2020,76,349484.0,767043.0,448648.0,702217.0,638245.5333333333
2014-03-18,W,959483,782899,1742382,2014,3,1,Before 2020,77,763579.0,772592.0,324457.0,701722.1428571428,648743.2333333333
2014-03-19,W,920270,767680,1687950,2014,3,2,Before 2020,78,782899.0,746895.0,594339.0,703194.5714285715,664024.6333333333
2014-03-20,W,957032,786292,1743324,2014,3,3,Before 2020,79,767680.0,785327.0,777183.0,706163.8571428572,669802.6666666666
2014-03-21,W,959387,779226,1738613,2014,3,4,Before 2020,80,786292.0,819256.0,783745.0,706301.7142857143,670106.3
2014-03-22,A,597815,452237,1050052,2014,3,5,Before 2020,81,779226.0,674922.0,759455.0,700583.1428571428,669955.6666666666
2014-03-23,U,418299,315092,733391,2014,3,6,Before 2020,82,452237.0,349484.0,766802.0,668771.0,659715.0666666667
2014-03-24,W,923396,706637,1630033,2014,3,0,Before 2020,83,315092.0,763579.0,452998.0,663857.8571428572,644658.0666666667
2014-03-25,W,928067,719323,1647390,2014,3,1,Before 2020,84,706637.0,782899.0,315317.0,655723.2857142857,653112.7
2014-03-26,W,961287,734053,1695340,2014,3,2,Before 2020,85,719323.0,767680.0,739926.0,646641.0,666579.5666666667
2014-03-27,W,927050,725889,1652939,2014,3,3,Before 2020,86,734053.0,786292.0,752744.0,641837.1428571428,666383.8
2014-03-28,W,944696,732211,1676907,2014,3,4,Before 2020,87,725889.0,779226.0,728685.0,633208.1428571428,665488.6333333333
2014-03-29,A,572055,438766,1010821,2014,3,5,Before 2020,88,732211.0,452237.0,728137.0,626491.7142857143,665606.1666666666
2014-03-30,U,432880,379220,812100,2014,3,6,Before 2020,89,438766.0,315092.0,745915.0,624567.2857142857,655960.4666666667
2014-03-31,W,940176,762112,1702288,2014,3,0,Before 2020,90,379220.0,706637.0,448218.0,633728.4285714285,643737.3
2014-04-01,W,986346,772459,1758805,2014,4,1,Before 2020,91,762112.0,719323.0,304402.0,641653.4285714285,654200.4333333333
2014-04-02,W,952475,784201,1736676,2014,4,2,Before 2020,92,772459.0,734053.0,709629.0,649244.2857142857,669802.3333333334
2014-04-03,W,917123,765726,1682849,2014,4,3,Before 2020,93,784201.0,725889.0,761357.0,656408.2857142857,672288.0666666667
2014-04-04,W,941118,806643,1747761,2014,4,4,Before 2020,94,765726.0,732211.0,769178.0,662099.2857142857,672433.7
2014-04-05,A,599182,531509,1130691,2014,4,5,Before 2020,95,806643.0,438766.0,775465.0,672732.4285714285,673682.5333333333
2014-04-06,U,435676,373726,809402,2014,4,6,Before 2020,96,531509.0,379220.0,769821.0,685981.4285714285,665550.6666666666
2014-04-07,W,913081,753038,1666119,2014,4,0,Before 2020,97,373726.0,762112.0,447401.0,685196.5714285715,652347.5
2014-04-08,W,913012,773383,1686395,2014,4,1,Before 2020,98,753038.0,772459.0,328025.0,683900.2857142857,662535.4
2014-04-09,W,977698,805182,1782880,2014,4,2,Before 2020,99,773383.0,784201.0,767043.0,684032.2857142857,677380.6666666666
2014-04-10,W,947682,806042,1753724,2014,4,3,Before 2020,100,805182.0,765726.0,772592.0,687029.5714285715,678651.9666666667
2014-04-11,W,953384,803062,1756446,2014,4,4,Before 2020,101,806042.0,806643.0,746895.0,692789.0,679766.9666666667
2014-04-12,A,574622,524370,1098992,2014,4,5,Before 2020,102,803062.0,531509.0,785327.0,692277.4285714285,681639.2
2014-04-13,U,390666,330841,721507,2014,4,6,Before 2020,103,524370.0,373726.0,819256.0,691257.5714285715,672940.6333333333
2014-04-14,W,792277,697727,1490004,2014,4,0,Before 2020,104,330841.0,753038.0,674922.0,685131.1428571428,656660.1333333333
2014-04-15,W,844484,734464,1578948,2014,4,1,Before 2020,105,697727.0,773383.0,349484.0,677229.5714285715,657420.3
2014-04-16,W,866995,757767,1624762,2014,4,2,Before 2020,106,734464.0,805182.0,763579.0,671669.7142857143,670252.9666666667
2014-04-17,W,864791,770728,1635519,2014,4,3,Before 2020,107,757767.0,806042.0,782899.0,664896.1428571428,670059.2333333333
2014-04-18,W,814560,712086,1526646,2014,4,4,Before 2020,108,770728.0,803062.0,767680.0,659851.2857142857,669653.5333333333
2014-04-19,A,568016,476147,1044163,2014,4,5,Before 2020,109,712086.0,524370.0,786292.0,646854.7142857143,667800.4
2014-04-20,U,399289,333380,732669,2014,4,6,Before 2020,110,476147.0,330841.0,779226.0,639965.7142857143,657462.2333333333
2014-04-21,W,876478,741631,1618109,2014,4,0,Before 2020,111,333380.0,697727.0,452237.0,640328.4285714285,642600.7
2014-04-22,W,938052,794547,1732599,2014,4,1,Before 2020,112,741631.0,734464.0,315092.0,646600.4285714285,652247.1666666666
2014-04-23,W,911681,793484,1705165,2014,4,2,Before 2020,113,794547.0,757767.0,706637.0,655183.7142857143,668229.0
2014-04-24,W,893970,794395,1688365,2014,4,3,Before 2020,114,793484.0,770728.0,719323.0,660286.1428571428,671123.9
2014-04-25,W,936028,797851,1733879,2014,4,4,Before 2020,115,794395.0,712086.0,734053.0,663667.1428571428,673626.3
2014-04-26,A,580601,499576,1080177,2014,4,5,Before 2020,116,797851.0,476147.0,725889.0,675919.2857142857,675752.9
2014-04-27,U,400302,344503,744805,2014,4,6,Before 2020,117,499576.0,333380.0,732211.0,679266.2857142857,668209.1333333333
2014-04-28,W,884033,735132,1619165,2014,4,0,Before 2020,118,344503.0,741631.0,438766.0,680855.2857142857,655285.5333333333
2014-04-29,W,919869,770461,1690330,2014,4,1,Before 2020,119,735132.0,794547.0,379220.0,679926.8571428572,665164.4
2014-04-30,W,925494,772097,1697591,2014,4,2,Before 2020,120,770461.0,793484.0,762112.0,676486.0,678205.7666666667
2014-05-01,W,985012,788162,1773174,2014,5,3,Before 2020,121,772097.0,794395.0,772459.0,673430.7142857143,678538.6
2014-05-02,W,981085,794448,1775533,2014,5,4,Before 2020,122,788162.0,797851.0,784201.0,672540.2857142857,679062.0333333333
2014-05-03,A,632332,511129,1143461,2014,5,5,Before 2020,123,794448.0,499576.0,765726.0,672054.1428571428,679403.6
2014-05-04,U,429710,356412,786122,2014,5,6,Before 2020,124,511129.0,344503.0,806643.0,673704.5714285715,670917.0333333333
2014-05-05,W,963691,769476,1733167,2014,5,0,Before 2020,125,356412.0,735132.0,531509.0,675405.8571428572,655909.3333333334
2014-05-06,W,974250,784430,1758680,2014,5,1,Before 2020,126,769476.0,770461.0,373726.0,680312.1428571428,663841.5666666667
2014-05-07,W,967197,773634,1740831,2014,5,2,Before 2020,127,784430.0,772097.0,753038.0,682307.7142857143,677531.7
2014-05-08,W,968856,794388,1763244,2014,5,3,Before 2020,128,773634.0,788162.0,773383.0,682527.2857142857,678218.2333333333
2014-05-09,W,921741,762641,1684382,2014,5,4,Before 2020,129,794388.0,794448.0,805182.0,683416.7142857143,678918.4
2014-05-10,A,608188,468058,1076246,2014,5,5,Before 2020,130,762641.0,511129.0,806042.0,678872.8571428572,677500.3666666667
2014-05-11,U,402497,321063,723560,2014,5,6,Before 2020,131,468058.0,356412.0,803062.0,672719.8571428572,666234.2333333333
2014-05-12,W,880457,711215,1591672,2014,5,0,Before 2020,132,321063.0,769476.0,524370.0,667670.0,650167.6
2014-05-13,W,904717,735362,1640079,2014,5,1,Before 2020,133,711215.0,784430.0,330841.0,659347.0,656395.7666666667
2014-05-14,W,916259,749500,1665759,2014,5,2,Before 2020,134,735362.0,773634.0,697727.0,652337.2857142857,669879.8
2014-05-15,W,890597,751405,1642002,2014,5,3,Before 2020,135,749500.0,794388.0,734464.0,648889.5714285715,671605.5666666667
2014-05-16,W,900252,764035,1664287,2014,5,4,Before 2020,136,751405.0,762641.0,757767.0,642749.1428571428,672170.2666666667
2014-05-17,A,579674,492704,1072378,2014,5,5,Before 2020,137,764035.0,468058.0,770728.0,642948.2857142857,672379.2
2014-05-18,U,434998,382342,817340,2014,5,6,Before 2020,138,492704.0,321063.0,712086.0,646469.1428571428,663111.7333333333
2014-05-19,W,885010,732346,1617356,2014,5,0,Before 2020,139,382342.0,711215.0,476147.0,655223.2857142857,652120.2666666667
2014-05-20,W,922226,781529,1703755,2014,5,1,Before 2020,140,732346.0,735362.0,333380.0,658242.0,660660.2333333333
2014-05-21,W,925959,790957,1716916,2014,5,2,Before 2020,141,781529.0,749500.0,741631.0,664837.2857142857,675598.5333333333
2014-05-22,W,908285,788319,1696604,2014,5,3,Before 2020,142,790957.0,751405.0,794547.0,670759.7142857143,677242.7333333333
2014-05-23,W,906712,763127,1669839,2014,5,4,Before 2020,143,788319.0,764035.0,793484.0,676033.1428571428,677035.1333333333
2014-05-24,A,575483,490635,1066118,2014,5,5,Before 2020,144,763127.0,492704.0,794395.0,675903.4285714285,676023.2333333333
2014-05-25,U,450296,403930,854226,2014,5,6,Before 2020,145,490635.0,382342.0,797851.0,675607.8571428572,665897.9
2014-05-26,U,413568,345231,758799,2014,5,0,Before 2020,146,403930.0,732346.0,499576.0,678691.8571428572,652767.2
2014-05-27,W,880521,728464,1608985,2014,5,1,Before 2020,147,345231.0,781529.0,344503.0,623389.7142857143,647622.3666666667
2014-05-28,W,905284,751880,1657164,2014,5,2,Before 2020,148,728464.0,790957.0,735132.0,615809.0,660421.0666666667
2014-05-29,W,901067,762505,1663572,2014,5,3,Before 2020,149,751880.0,788319.0,770461.0,610226.5714285715,660979.3333333334
2014-05-30,W,934382,782522,1716904,2014,5,4,Before 2020,150,762505.0,763127.0,772097.0,606538.8571428572,660714.1333333333
2014-05-31,A,600856,507919,1108775,2014,5,5,Before 2020,151,782522.0,490635.0,788162.0,609309.5714285715,661061.6333333333
2014-06-01,U,445596,376894,822490,2014,6,6,Before 2020,152,507919.0,403930.0,794448.0,611778.7142857143,651720.2
2014-06-02,W,864622,726524,1591146,2014,6,0,Before 2020,153,376894.0,345231.0,511129.0,607916.4285714285,637801.7333333333
2014-06-03,W,936306,812230,1748536,2014,6,1,Before 2020,154,726524.0,728464.0,356412.0,662386.8571428572,644981.5666666667
2014-06-04,W,879397,762035,1641432,2014,6,2,Before 2020,155,812230.0,751880.0,769476.0,674353.4285714285,660175.5
2014-06-05,W,910818,797899,1708717,2014,6,3,Before 2020,156,762035.0,762505.0,784430.0,675804.1428571428,659927.4666666667
2014-06-06,W,906586,796373,1702959,2014,6,4,Before 2020,157,797899.0,782522.0,773634.0,680860.4285714285,660376.4333333333
2014-06-07,A,585247,524812,1110059,2014,6,5,Before 2020,158,796373.0,507919.0,794388.0,682839.1428571428,661134.4
2014-06-08,U,429503,393358,822861,2014,6,6,Before 2020,159,524812.0,376894.0,762641.0,685252.4285714285,652148.5333333333
2014-06-09,W,878784,750337,1629121,2014,6,0,Before 2020,160,393358.0,726524.0,468058.0,687604.4285714285,639839.1
2014-06-10,W,859477,748307,1607784,2014,6,1,Before 2020,161,750337.0,812230.0,321063.0,691006.2857142857,649248.4
2014-06-11,W,870560,761366,1631926,2014,6,2,Before 2020,162,748307.0,762035.0,711215.0,681874.4285714285,663489.8666666667
2014-06-12,W,880810,779426,1660236,2014,6,3,Before 2020,163,761366.0,797899.0,735362.0,681778.8571428572,665161.5666666667
2014-06-13,W,881991,810893,1692884,2014,6,4,Before 2020,164,779426.0,796373.0,749500.0,679139.8571428572,666630.3666666667
2014-06-14,A,581799,556285,1138084,2014,6,5,Before 2020,165,810893.0,524812.0,751405.0,681214.1428571428,668676.8
2014-06-15,U,410273,388603,798876,2014,6,6,Before 2020,166,556285.0,393358.0,764035.0,685710.2857142857,662172.8
2014-06-16,W,796802,729177,1525979,2014,6,0,Before 2020,167,388603.0,750337.0,492704.0,685031.0,649658.4
2014-06-17,W,806325,738327,1544652,2014,6,1,Before 2020,168,729177.0,748307.0,382342.0,682008.1428571428,657540.8333333334
2014-06-18,W,766725,717546,1484271,2014,6,2,Before 2020,169,738327.0,761366.0,732346.0,680582.4285714285,669407.0
2014-06-19,W,803296,742211,1545507,2014,6,3,Before 2020,170,717546.0,779426.0,781529.0,674322.4285714285,668913.6666666666
2014-06-20,W,813597,775063,1588660,2014,6,4,Before 2020,171,742211.0,810893.0,790957.0,669006.0,667603.0666666667
2014-06-21,A,537612,503304,1040916,2014,6,5,Before 2020,172,775063.0,556285.0,788319.0,663887.4285714285,667073.2666666667
2014-06-22,U,452933,427533,880466,2014,6,6,Before 2020,173,503304.0,388603.0,763127.0,656318.7142857143,657572.7666666667
2014-06-23,W,825185,726655,1551840,2014,6,0,Before 2020,174,427533.0,729177.0,490635.0,661880.1428571428,646386.3
2014-06-24,W,859711,755376,1615087,2014,6,1,Before 2020,175,726655.0,738327.0,403930.0,661519.8571428572,654253.6333333333
2014-06-25,W,874922,761775,1636697,2014,6,2,Before 2020,176,755376.0,717546.0,345231.0,663955.4285714285,665968.5
2014-06-26,W,883107,779277,1662384,2014,6,3,Before 2020,177,761775.0,742211.0,728464.0,670273.8571428572,679853.3
2014-06-27,W,879565,793688,1673253,2014,6,4,Before 2020,178,779277.0,775063.0,751880.0,675569.0,681547.0666666667
2014-06-28,A,574082,524253,1098335,2014,6,5,Before 2020,179,793688.0,503304.0,762505.0,678229.7142857143,682940.6666666666
2014-06-29,U,428350,534327,962677,2014,6,6,Before 2020,180,524253.0,427533.0,782522.0,681222.4285714285,674998.9333333333
2014-06-30,W,766381,697417,1463798,2014,6,0,Before 2020,181,534327.0,726655.0,507919.0,696478.7142857143,666725.7666666667
2014-07-01,W,855553,753101,1608654,2014,7,1,Before 2020,182,697417.0,755376.0,376894.0,692301.8571428572,673042.3666666667
2014-07-02,W,824805,725327,1550132,2014,7,2,Before 2020,183,753101.0,761775.0,726524.0,691976.8571428572,685582.6
2014-07-03,W,856556,727253,1583809,2014,7,3,Before 2020,184,725327.0,779277.0,812230.0,686770.0,685542.7
2014-07-04,U,478993,473842,952835,2014,7,4,Before 2020,185,727253.0,793688.0,762035.0,679338.0,682710.1333333333
2014-07-05,A,513494,439422,952916,2014,7,5,Before 2020,186,473842.0,524253.0,797899.0,633645.7142857143,673103.7
2014-07-06,U,410521,354469,764990,2014,7,6,Before 2020,187,439422.0,534327.0,796373.0,621527.0,661154.4666666667
2014-07-07,W,821674,704301,1525975,2014,7,0,Before 2020,188,354469.0,697417.0,524812.0,595833.0,646424.3333333334
2014-07-08,W,836929,725372,1562301,2014,7,1,Before 2020,189,704301.0,753101.0,393358.0,596816.4285714285,652407.3
2014-07-09,W,855793,763164,1618957,2014,7,2,Before 2020,190,725372.0,725327.0,750337.0,592855.1428571428,663474.4333333333
2014-07-10,W,854968,782968,1637936,2014,7,3,Before 2020,191,763164.0,727253.0,748307.0,598260.4285714285,663902.0
2014-07-11,W,839507,817078,1656585,2014,7,4,Before 2020,192,782968.0,473842.0,761366.0,606219.7142857143,665057.3666666667
2014-07-12,A,497531,471216,968747,2014,7,5,Before 2020,193,817078.0,439422.0,779426.0,655253.4285714285,666914.4333333333
2014-07-13,U,437544,429753,867297,2014,7,6,Before 2020,194,471216.0,354469.0,810893.0,659795.4285714285,656640.7666666667
2014-07-14,W,803242,716634,1519876,2014,7,0,Before 2020,195,429753.0,704301.0,556285.0,670550.2857142857,643936.1
2014-07-15,W,828927,739993,1568920,2014,7,1,Before 2020,196,716634.0,725372.0,388603.0,672312.1428571428,649281.0666666667
2014-07-16,W,844384,752925,1597309,2014,7,2,Before 2020,197,739993.0,763164.0,729177.0,674400.8571428572,660994.0666666667
2014-07-17,W,837907,762599,1600506,2014,7,3,Before 2020,198,752925.0,782968.0,738327.0,672938.1428571428,661785.6666666666
2014-07-18,W,839720,819331,1659051,2014,7,4,Before 2020,199,762599.0,817078.0,717546.0,670028.2857142857,662594.7333333333
2014-07-19,A,578126,559893,1138019,2014,7,5,Before 2020,200,819331.0,471216.0,742211.0,670350.1428571428,665987.5666666667
2014-07-20,U,423665,431674,855339,2014,7,6,Before 2020,201,559893.0,429753.0,775063.0,683018.2857142857,659910.3
2014-07-21,W,821289,740142,1561431,2014,7,0,Before 2020,202,431674.0,716634.0,503304.0,683292.7142857143,648464.0
2014-07-22,W,825700,765642,1591342,2014,7,1,Before 2020,203,740142.0,739993.0,427533.0,686651.0,656358.6
2014-07-23,W,838958,777929,1616887,2014,7,2,Before 2020,204,765642.0,752925.0,726655.0,690315.1428571428,667628.9
2014-07-24,W,833052,790076,1623128,2014,7,3,Before 2020,205,777929.0,762599.0,755376.0,693887.1428571428,669338.0333333333
2014-07-25,W,813032,793426,1606458,2014,7,4,Before 2020,206,790076.0,819331.0,761775.0,697812.4285714285,670494.7
2014-07-26,A,563247,540197,1103444,2014,7,5,Before 2020,207,793426.0,559893.0,779277.0,694111.7142857143,671549.7333333333
2014-07-27,U,423806,403719,827525,2014,7,6,Before 2020,208,540197.0,431674.0,793688.0,691298.0,663580.4
2014-07-28,W,810122,730188,1540310,2014,7,0,Before 2020,209,403719.0,740142.0,524253.0,687304.4285714285,650581.4333333333
2014-07-29,W,810857,746646,1557503,2014,7,1,Before 2020,210,730188.0,765642.0,534327.0,685882.4285714285,657445.9333333333
2014-07-30,W,815885,760415,1576300,2014,7,2,Before 2020,211,746646.0,777929.0,697417.0,683168.7142857143,664523.2333333333
2014-07-31,W,819409,785640,1605049,2014,7,3,Before 2020,212,760415.0,790076.0,753101.0,680666.7142857143,666623.1666666666
2014-08-01,W,841692,824658,1666350,2014,8,4,Before 2020,213,785640.0,793426.0,725327.0,680033.0,667707.8
2014-08-02,A,592660,571486,1164146,2014,8,5,Before 2020,214,824658.0,540197.0,727253.0,684494.7142857143,671018.8333333334
2014-08-03,U,420667,441136,861803,2014,8,6,Before 2020,215,571486.0,403719.0,473842.0,688964.5714285715,665826.6
2014-08-04,W,798672,716949,1515621,2014,8,0,Before 2020,216,441136.0,730188.0,439422.0,694309.8571428572,664736.4
2014-08-05,W,824134,737875,1562009,2014,8,1,Before 2020,217,716949.0,746646.0,354469.0,692418.5714285715,673987.3
2014-08-06,W,827073,741608,1568681,2014,8,2,Before 2020,218,737875.0,760415.0,704301.0,691165.5714285715,686767.5
2014-08-07,W,827473,745930,1573403,2014,8,3,Before 2020,219,741608.0,785640.0,725372.0,688478.8571428572,688011.0666666667
2014-08-08,W,836918,787177,1624095,2014,8,4,Before 2020,220,745930.0,824658.0,763164.0,682806.0,688696.3333333334
2014-08-09,A,582607,552265,1134872,2014,8,5,Before 2020,221,787177.0,571486.0,782968.0,677451.5714285715,689496.7666666667
2014-08-10,U,427882,405792,833674,2014,8,6,Before 2020,222,552265.0,441136.0,817078.0,674705.7142857143,681806.6666666666
2014-08-11,W,772003,718836,1490839,2014,8,0,Before 2020,223,405792.0,716949.0,471216.0,669656.5714285715,668097.1333333333
2014-08-12,W,772713,719699,1492412,2014,8,1,Before 2020,224,718836.0,737875.0,429753.0,669926.1428571428,676351.1333333333
2014-08-13,W,817833,745654,1563487,2014,8,2,Before 2020,225,719699.0,741608.0,716634.0,667329.5714285715,686016.0
2014-08-14,W,810388,770920,1581308,2014,8,3,Before 2020,226,745654.0,745930.0,739993.0,667907.5714285715,686983.3333333334
2014-08-15,W,820884,749693,1570577,2014,8,4,Before 2020,227,770920.0,787177.0,752925.0,671477.5714285715,688014.2333333333
2014-08-16,A,583313,501095,1084408,2014,8,5,Before 2020,228,749693.0,552265.0,762599.0,666122.7142857143,687906.5
2014-08-17,U,422345,382210,804555,2014,8,6,Before 2020,229,501095.0,405792.0,819331.0,658812.7142857143,679189.7
2014-08-18,W,786527,708188,1494715,2014,8,0,Before 2020,230,382210.0,718836.0,559893.0,655443.8571428572,664619.0
2014-08-19,W,787767,727891,1515658,2014,8,1,Before 2020,231,708188.0,719699.0,431674.0,653922.7142857143,669562.1666666666
2014-08-20,W,829572,758067,1587639,2014,8,2,Before 2020,232,727891.0,745654.0,740142.0,655093.0,679436.0666666667
2014-08-21,W,771537,739451,1510988,2014,8,3,Before 2020,233,758067.0,770920.0,765642.0,656866.2857142857,680033.5666666667
2014-08-22,W,816652,762365,1579017,2014,8,4,Before 2020,234,739451.0,749693.0,777929.0,652370.7142857143,679160.5333333333
2014-08-23,A,517416,459047,976463,2014,8,5,Before 2020,235,762365.0,501095.0,790076.0,654181.0,678641.7333333333
2014-08-24,U,432777,387171,819948,2014,8,6,Before 2020,236,459047.0,382210.0,793426.0,648174.1428571428,667607.4333333333
2014-08-25,W,787836,712661,1500497,2014,8,0,Before 2020,237,387171.0,708188.0,540197.0,648882.8571428572,654065.6
2014-08-26,W,858520,757206,1615726,2014,8,1,Before 2020,238,712661.0,727891.0,403719.0,649521.8571428572,659814.4
2014-08-27,W,874420,768933,1643353,2014,8,2,Before 2020,239,757206.0,758067.0,730188.0,653709.7142857143,671597.3
2014-08-28,W,867478,773821,1641299,2014,8,3,Before 2020,240,768933.0,739451.0,746646.0,655262.0,672888.8
2014-08-29,W,871087,781881,1652968,2014,8,4,Before 2020,241,773821.0,762365.0,760415.0,660172.0,673794.6333333333
2014-08-30,A,581944,520855,1102799,2014,8,5,Before 2020,242,781881.0,459047.0,785640.0,662960.0,674510.1666666666
2014-08-31,U,451820,448668,900488,2014,8,6,Before 2020,243,520855.0,387171.0,824658.0,671789.7142857143,665684.0
2014-09-01,U,419182,366912,786094,2014,9,0,Before 2020,244,448668.0,712661.0,571486.0,680575.0,653151.0
2014-09-02,W,952266,773307,1725573,2014,9,1,Before 2020,245,366912.0,757206.0,441136.0,631182.2857142857,646331.8666666667
2014-09-03,W,985184,813174,1798358,2014,9,2,Before 2020,246,773307.0,768933.0,716949.0,633482.4285714285,657404.2333333333
2014-09-04,W,942676,794090,1736766,2014,9,3,Before 2020,247,813174.0,773821.0,737875.0,639802.5714285715,660611.7333333333
2014-09-05,W,933196,801886,1735082,2014,9,4,Before 2020,248,794090.0,781881.0,741608.0,642698.1428571428,662485.5666666667
2014-09-06,A,593846,534590,1128436,2014,9,5,Before 2020,249,801886.0,520855.0,745930.0,645556.0,664494.8333333334
2014-09-07,U,427686,395246,822932,2014,9,6,Before 2020,250,534590.0,448668.0,787177.0,647518.1428571428,657450.1666666666
2014-09-08,W,956395,786501,1742896,2014,9,0,Before 2020,251,395246.0,366912.0,552265.0,639886.4285714285,644385.8
2014-09-09,W,967610,800307,1767917,2014,9,1,Before 2020,252,786501.0,773307.0,405792.0,699827.7142857143,652193.6666666666
2014-09-10,W,898549,788458,1687007,2014,9,2,Before 2020,253,800307.0,813174.0,718836.0,703684.8571428572,665344.1666666666
2014-09-11,W,953091,833378,1786469,2014,9,3,Before 2020,254,788458.0,794090.0,719699.0,700154.0,667664.9
2014-09-12,W,929062,817716,1746778,2014,9,4,Before 2020,255,833378.0,801886.0,745654.0,705766.5714285715,671454.2
2014-09-13,A,584842,525886,1110728,2014,9,5,Before 2020,256,817716.0,534590.0,770920.0,708028.0,673856.2666666667
2014-09-14,U,431379,386903,818282,2014,9,6,Before 2020,257,525886.0,395246.0,749693.0,706784.5714285715,665688.4666666667
2014-09-15,W,924594,804175,1728769,2014,9,0,Before 2020,258,386903.0,786501.0,501095.0,705592.7142857143,653595.4666666667
2014-09-16,W,964802,827582,1792384,2014,9,1,Before 2020,259,804175.0,800307.0,382210.0,708117.5714285715,663698.1333333333
2014-09-17,W,975664,832609,1808273,2014,9,2,Before 2020,260,827582.0,788458.0,708188.0,712014.0,678543.8666666667
2014-09-18,W,967453,848591,1816044,2014,9,3,Before 2020,261,832609.0,833378.0,727891.0,718321.2857142857,682691.2333333333
2014-09-19,W,955896,854602,1810498,2014,9,4,Before 2020,262,848591.0,817716.0,758067.0,720494.5714285715,686714.5666666667
2014-09-20,A,566053,511922,1077975,2014,9,5,Before 2020,263,854602.0,525886.0,739451.0,725764.0,689932.4
2014-09-21,U,417931,387673,805604,2014,9,6,Before 2020,264,511922.0,386903.0,762365.0,723769.1428571428,682348.1
2014-09-22,W,947353,819134,1766487,2014,9,0,Before 2020,265,387673.0,804175.0,459047.0,723879.1428571428,669858.3666666667
2014-09-23,W,960506,826655,1787161,2014,9,1,Before 2020,266,819134.0,827582.0,387171.0,726016.1428571428,681861.2666666667
2014-09-24,W,961323,833600,1794923,2014,9,2,Before 2020,267,826655.0,832609.0,712661.0,725883.7142857143,696510.7333333333
2014-09-25,W,963447,824454,1787901,2014,9,3,Before 2020,268,833600.0,848591.0,757206.0,726025.2857142857,700542.0333333333
2014-09-26,W,957961,814285,1772246,2014,9,4,Before 2020,269,824454.0,854602.0,768933.0,722577.1428571428,702783.6333333333
2014-09-27,A,592901,515308,1108209,2014,9,5,Before 2020,270,814285.0,511922.0,773821.0,716817.5714285715,704295.3666666667
2014-09-28,U,423502,386129,809631,2014,9,6,Before 2020,271,515308.0,387673.0,781881.0,717301.2857142857,695678.2666666667
2014-09-29,W,934648,793644,1728292,2014,9,0,Before 2020,272,386129.0,819134.0,520855.0,717080.7142857143,682486.5333333333
2014-09-30,W,945847,805360,1751207,2014,9,1,Before 2020,273,793644.0,826655.0,448668.0,713439.2857142857,691579.5
2014-10-01,W,1010778,825205,1835983,2014,10,2,Before 2020,274,805360.0,833600.0,366912.0,710397.1428571428,703469.2333333333
2014-10-02,W,960602,820764,1781366,2014,10,3,Before 2020,275,825205.0,824454.0,773307.0,709197.8571428572,718745.6666666666
2014-10-03,W,954675,811571,1766246,2014,10,4,Before 2020,276,820764.0,814285.0,813174.0,708670.7142857143,720327.5666666667
2014-10-04,A,557711,482714,1040425,2014,10,5,Before 2020,277,811571.0,515308.0,794090.0,708283.0,720274.1333333333
2014-10-05,U,420636,353400,774036,2014,10,6,Before 2020,278,482714.0,386129.0,801886.0,703626.7142857143,709894.9333333333
2014-10-06,W,957372,798793,1756165,2014,10,0,Before 2020,279,353400.0,793644.0,534590.0,698951.1428571428,694945.4
2014-10-07,W,971693,814006,1785699,2014,10,1,Before 2020,280,798793.0,805360.0,395246.0,699686.7142857143,703752.1666666666
2014-10-08,W,972010,822875,1794885,2014,10,2,Before 2020,281,814006.0,825205.0,786501.0,700921.8571428572,717710.8333333334
2014-10-09,W,969095,838925,1808020,2014,10,3,Before 2020,282,822875.0,820764.0,800307.0,700589.0,718923.3
2014-10-10,W,954800,839036,1793836,2014,10,4,Before 2020,283,838925.0,811571.0,788458.0,703183.4285714285,720210.5666666667
2014-10-11,A,584377,527418,1111795,2014,10,5,Before 2020,284,839036.0,482714.0,833378.0,707107.0,721896.5
2014-10-12,U,389901,549571,939472,2014,10,6,Before 2020,285,527418.0,353400.0,817716.0,713493.2857142857,711697.8333333334
2014-10-13,W,743512,714675,1458187,2014,10,0,Before 2020,286,549571.0,798793.0,525886.0,741517.7142857143,702759.6666666666
2014-10-14,W,914687,814971,1729658,2014,10,1,Before 2020,287,714675.0,814006.0,386903.0,729500.8571428572,709052.6333333333
2014-10-15,W,956165,826620,1782785,2014,10,2,Before 2020,288,814971.0,822875.0,804175.0,729638.7142857143,723321.5666666667
2014-10-16,W,959217,848014,1807231,2014,10,3,Before 2020,289,826620.0,838925.0,827582.0,730173.7142857143,724069.7333333333
2014-10-17,W,949303,844701,1794004,2014,10,4,Before 2020,290,848014.0,839036.0,832609.0,731472.1428571428,724750.8
2014-10-18,A,567859,525540,1093399,2014,10,5,Before 2020,291,844701.0,527418.0,848591.0,732281.4285714285,725153.8666666667
2014-10-19,U,424169,393552,817721,2014,10,6,Before 2020,292,525540.0,549571.0,854602.0,732013.1428571428,714385.5
2014-10-20,W,939282,801698,1740980,2014,10,0,Before 2020,293,393552.0,714675.0,511922.0,709724.7142857143,699017.1666666666
2014-10-21,W,947668,814300,1761968,2014,10,1,Before 2020,294,801698.0,814971.0,387673.0,722156.5714285715,708676.3666666667
2014-10-22,W,959209,818395,1777604,2014,10,2,Before 2020,295,814300.0,826620.0,819134.0,722060.7142857143,722897.2666666667
2014-10-23,W,949675,829088,1778763,2014,10,3,Before 2020,296,818395.0,848014.0,826655.0,720885.7142857143,722872.6333333333
2014-10-24,W,943435,815235,1758670,2014,10,4,Before 2020,297,829088.0,844701.0,833600.0,718182.0,722953.7333333333
2014-10-25,A,586281,500235,1086516,2014,10,5,Before 2020,298,815235.0,525540.0,824454.0,713972.5714285715,722341.5666666667
2014-10-26,U,410811,362143,772954,2014,10,6,Before 2020,299,500235.0,393552.0,814285.0,710357.5714285715,711534.2666666667
2014-10-27,W,940038,792398,1732436,2014,10,0,Before 2020,300,362143.0,801698.0,515308.0,705870.5714285715,696462.8666666667
2014-10-28,W,953363,812867,1766230,2014,10,1,Before 2020,301,792398.0,814300.0,386129.0,704542.0,705699.2
2014-10-29,W,944219,813686,1757905,2014,10,2,Before 2020,302,812867.0,818395.0,793644.0,704337.2857142857,719923.8
2014-10-30,W,951547,830872,1782419,2014,10,3,Before 2020,303,813686.0,829088.0,805360.0,703664.5714285715,720591.8666666667
2014-10-31,W,894082,800198,1694280,2014,10,4,Before 2020,304,830872.0,815235.0,825205.0,703919.4285714285,721442.2666666667
2014-11-01,A,556675,491328,1048003,2014,11,5,Before 2020,305,800198.0,500235.0,820764.0,701771.2857142857,720608.7
2014-11-02,U,416049,383910,799959,2014,11,6,Before 2020,306,491328.0,362143.0,811571.0,700498.8571428572,709627.5
2014-11-03,W,995821,805002,1800823,2014,11,0,Before 2020,307,383910.0,792398.0,482714.0,703608.4285714285,695372.1333333333
2014-11-04,W,971255,805374,1776629,2014,11,1,Before 2020,308,805002.0,812867.0,353400.0,705409.0,706115.0666666667
2014-11-05,W,990008,827900,1817908,2014,11,2,Before 2020,309,805374.0,813686.0,798793.0,704338.5714285715,721180.8666666667
2014-11-06,W,941564,821892,1763456,2014,11,3,Before 2020,310,827900.0,830872.0,814006.0,706369.1428571428,722151.1
2014-11-07,W,873365,802400,1675765,2014,11,4,Before 2020,311,821892.0,800198.0,822875.0,705086.2857142857,722413.9666666667
2014-11-08,A,563782,492608,1056390,2014,11,5,Before 2020,312,802400.0,491328.0,838925.0,705400.8571428572,721731.4666666667
2014-11-09,U,411806,379597,791403,2014,11,6,Before 2020,313,492608.0,383910.0,839036.0,705583.7142857143,710187.5666666667
2014-11-10,W,938000,786491,1724491,2014,11,0,Before 2020,314,379597.0,805002.0,527418.0,704967.5714285715,694872.9333333333
2014-11-11,W,759033,698289,1457322,2014,11,1,Before 2020,315,786491.0,805374.0,549571.0,702323.1428571428,703508.7
2014-11-12,W,911664,797730,1709394,2014,11,2,Before 2020,316,698289.0,827900.0,714675.0,687025.2857142857,708465.9666666667
2014-11-13,W,866929,789154,1656083,2014,11,3,Before 2020,317,797730.0,821892.0,814971.0,682715.2857142857,711234.4666666667
2014-11-14,W,911150,794103,1705253,2014,11,4,Before 2020,318,789154.0,802400.0,826620.0,678038.4285714285,710373.9
2014-11-15,A,532937,458706,991643,2014,11,5,Before 2020,319,794103.0,492608.0,848014.0,676853.1428571428,709290.0
2014-11-16,U,372383,331794,704177,2014,11,6,Before 2020,320,458706.0,379597.0,844701.0,672010.0,696313.0666666667
2014-11-17,W,863661,758113,1621774,2014,11,0,Before 2020,321,331794.0,786491.0,525540.0,665181.0,679216.1666666666
2014-11-18,W,846179,755916,1602095,2014,11,1,Before 2020,322,758113.0,698289.0,393552.0,661127.0,686968.6
2014-11-19,W,889137,774198,1663335,2014,11,2,Before 2020,323,755916.0,797730.0,801698.0,669359.4285714285,699047.4
2014-11-20,W,899732,786919,1686651,2014,11,3,Before 2020,324,774198.0,789154.0,814300.0,665997.7142857143,698130.7333333333
2014-11-21,W,898889,787291,1686180,2014,11,4,Before 2020,325,786919.0,794103.0,818395.0,665678.4285714285,697218.0333333333
2014-11-22,A,534874,525065,1059939,2014,11,5,Before 2020,326,787291.0,458706.0,829088.0,664705.2857142857,696181.2333333333
2014-11-23,U,380928,340202,721130,2014,11,6,Before 2020,327,525065.0,331794.0,815235.0,674185.1428571428,686047.1333333333
2014-11-24,W,857759,746052,1603811,2014,11,0,Before 2020,328,340202.0,758113.0,500235.0,675386.2857142857,670212.7
2014-11-25,W,889039,780322,1669361,2014,11,1,Before 2020,329,746052.0,755916.0,362143.0,673663.2857142857,678406.6
2014-11-26,W,738720,652762,1391482,2014,11,2,Before 2020,330,780322.0,774198.0,792398.0,677149.8571428572,692345.9
2014-11-27,U,285946,233318,519264,2014,11,3,Before 2020,331,652762.0,786919.0,812867.0,659801.8571428572,687691.3666666667
2014-11-28,W,525696,424837,950533,2014,11,4,Before 2020,332,233318.0,787291.0,813686.0,580716.0,668373.0666666667
2014-11-29,A,493851,417770,911621,2014,11,5,Before 2020,333,424837.0,525065.0,830872.0,528936.8571428572,655411.4333333333
2014-11-30,U,367831,311435,679266,2014,11,6,Before 2020,334,417770.0,340202.0,800198.0,513609.0,641641.3666666667
2014-12-01,W,912722,743704,1656426,2014,12,0,Before 2020,335,311435.0,746052.0,491328.0,509499.4285714286,625349.2666666667
2014-12-02,W,926053,766316,1692369,2014,12,1,Before 2020,336,743704.0,780322.0,383910.0,509164.0,633761.8
2014-12-03,W,964141,782753,1746894,2014,12,2,Before 2020,337,766316.0,652762.0,805002.0,507163.14285714284,646508.6666666666
2014-12-04,W,939372,804113,1743485,2014,12,3,Before 2020,338,782753.0,233318.0,805374.0,525733.2857142857,645767.0333333333
2014-12-05,W,937187,800885,1738072,2014,12,4,Before 2020,339,804113.0,424837.0,827900.0,607275.4285714285,645725.0
2014-12-06,A,569561,490865,1060426,2014,12,5,Before 2020,340,800885.0,417770.0,821892.0,660996.5714285715,644824.5
2014-12-07,U,397656,334688,732344,2014,12,6,Before 2020,341,490865.0,311435.0,802400.0,671438.7142857143,633790.2666666667
2014-12-08,W,882998,734002,1617000,2014,12,0,Before 2020,342,334688.0,743704.0,492608.0,674760.5714285715,618199.8666666667
2014-12-09,W,911402,758780,1670182,2014,12,1,Before 2020,343,734002.0,766316.0,379597.0,673374.5714285715,626246.3333333334
2014-12-10,W,914038,763277,1677315,2014,12,2,Before 2020,344,758780.0,782753.0,786491.0,672298.0,638885.7666666667
2014-12-11,W,922765,774798,1697563,2014,12,3,Before 2020,345,763277.0,804113.0,698289.0,669515.7142857143,638111.9666666667
2014-12-12,W,912339,773048,1685387,2014,12,4,Before 2020,346,774798.0,800885.0,797730.0,665327.8571428572,640662.2666666667
2014-12-13,A,575613,498945,1074558,2014,12,5,Before 2020,347,773048.0,490865.0,789154.0,661351.1428571428,639839.5333333333
2014-12-14,U,418122,357042,775164,2014,12,6,Before 2020,348,498945.0,334688.0,794103.0,662505.4285714285,630165.9
2014-12-15,W,871449,725989,1597438,2014,12,0,Before 2020,349,357042.0,734002.0,458706.0,665698.8571428572,615597.2
2014-12-16,W,875970,729798,1605768,2014,12,1,Before 2020,350,725989.0,758780.0,331794.0,664554.1428571428,624506.6333333333
2014-12-17,W,868378,720814,1589192,2014,12,2,Before 2020,351,729798.0,763277.0,758113.0,660413.8571428572,637773.4333333333
2014-12-18,W,867861,722656,1590517,2014,12,3,Before 2020,352,720814.0,774798.0,755916.0,654347.7142857143,636530.1333333333
2014-12-19,W,857137,716221,1573358,2014,12,4,Before 2020,353,722656.0,773048.0,774198.0,646898.8571428572,635421.4666666667
2014-12-20,A,537820,436322,974142,2014,12,5,Before 2020,354,716221.0,498945.0,786919.0,638780.7142857143,633488.9
2014-12-21,U,397000,332367,729367,2014,12,6,Before 2020,355,436322.0,357042.0,787291.0,629834.5714285715,621802.3333333334
2014-12-22,W,705765,619508,1325273,2014,12,0,Before 2020,356,332367.0,725989.0,525065.0,626309.5714285715,606638.2
2014-12-23,W,720116,617728,1337844,2014,12,1,Before 2020,357,619508.0,729798.0,340202.0,611098.0,609786.3
2014-12-24,W,549046,388742,937788,2014,12,2,Before 2020,358,617728.0,720814.0,746052.0,595088.0,619037.1666666666
2014-12-25,U,238015,159831,397846,2014,12,3,Before 2020,359,388742.0,722656.0,780322.0,547649.1428571428,607126.8333333334
2014-12-26,W,569843,422543,992386,2014,12,4,Before 2020,360,159831.0,716221.0,652762.0,467245.5714285714,586443.8
2014-12-27,A,449446,337243,786689,2014,12,5,Before 2020,361,422543.0,436322.0,233318.0,425291.5714285714,578769.8333333334
2014-12-28,U,353263,283343,636606,2014,12,6,Before 2020,362,337243.0,332367.0,424837.0,411137.4285714286,582234.0
2014-12-29,W,654612,559416,1214028,2014,12,0,Before 2020,363,283343.0,619508.0,417770.0,404134.0,577517.5333333333
2014-12-30,W,646243,567099,1213342,2014,12,1,Before 2020,364,559416.0,617728.0,311435.0,395549.4285714286,582239.0666666667
2014-12-31,W,599316,642981,1242297,2014,12,2,Before 2020,365,567099.0,388742.0,743704.0,388316.71428571426,590761.2
2015-01-01,U,300426,287754,588180,2015,1,3,Before 2020,1,642981.0,159831.0,766316.0,424636.5714285714,587403.7666666667
2015-01-02,W,656375,527583,1183958,2015,1,4,Before 2020,2,287754.0,422543.0,782753.0,442911.28571428574,571451.7
2015-01-03,A,441327,340135,781462,2015,1,5,Before 2020,3,527583.0,337243.0,804113.0,457917.0,562946.0333333333
2015-01-04,U,330082,267676,597758,2015,1,6,Before 2020,4,340135.0,283343.0,800885.0,458330.14285714284,547480.1
2015-01-05,W,753918,657877,1411795,2015,1,0,Before 2020,5,267676.0,559416.0,490865.0,456092.0,529706.4666666667
2015-01-06,W,771953,679913,1451866,2015,1,1,Before 2020,6,657877.0,567099.0,334688.0,470157.85714285716,535273.5333333333
2015-01-07,W,508815,509075,1017890,2015,1,2,Before 2020,7,679913.0,642981.0,734002.0,486274.14285714284,546781.0333333333
2015-01-08,W,558275,579994,1138269,2015,1,3,Before 2020,8,509075.0,287754.0,758780.0,467144.71428571426,539283.4666666667
2015-01-09,W,715334,639901,1355235,2015,1,4,Before 2020,9,579994.0,527583.0,763277.0,508893.28571428574,533323.9333333333
2015-01-10,A,435672,352140,787812,2015,1,5,Before 2020,10,639901.0,340135.0,774798.0,524938.7142857143,529211.4
2015-01-11,U,349027,279494,628521,2015,1,6,Before 2020,11,352140.0,267676.0,773048.0,526653.7142857143,515122.8
2015-01-12,W,871183,738697,1609880,2015,1,0,Before 2020,12,279494.0,657877.0,498945.0,528342.0,498671.0
2015-01-13,W,881226,743774,1625000,2015,1,1,Before 2020,13,738697.0,679913.0,357042.0,539887.7142857143,506662.73333333334
2015-01-14,W,885449,742410,1627859,2015,1,2,Before 2020,14,743774.0,509075.0,725989.0,549010.7142857143,519553.8
2015-01-15,W,899363,760336,1659699,2015,1,3,Before 2020,15,742410.0,579994.0,729798.0,582344.2857142857,520101.1666666667
2015-01-16,W,898222,748177,1646399,2015,1,4,Before 2020,16,760336.0,639901.0,720814.0,608107.4285714285,521119.1
2015-01-17,A,539500,417756,957256,2015,1,5,Before 2020,17,748177.0,352140.0,722656.0,623575.4285714285,522031.2
2015-01-18,U,391445,300710,692155,2015,1,6,Before 2020,18,417756.0,279494.0,716221.0,632949.1428571428,511867.86666666664
2015-01-19,W,597347,502376,1099723,2015,1,0,Before 2020,19,300710.0,738697.0,436322.0,635980.0,498017.5
2015-01-20,W,913930,754946,1668876,2015,1,1,Before 2020,20,502376.0,743774.0,332367.0,602219.8571428572,500219.3
2015-01-21,W,905178,756860,1662038,2015,1,2,Before 2020,21,754946.0,742410.0,619508.0,603815.8571428572,514305.26666666666
2015-01-22,W,903230,761705,1664935,2015,1,3,Before 2020,22,756860.0,760336.0,617728.0,605880.1428571428,518883.6666666667
2015-01-23,W,902567,747376,1649943,2015,1,4,Before 2020,23,761705.0,748177.0,388742.0,606075.7142857143,523682.9
2015-01-24,A,538766,415123,953889,2015,1,5,Before 2020,24,747376.0,417756.0,159831.0,605961.2857142857,535637.3666666667
2015-01-25,U,339402,279154,618556,2015,1,6,Before 2020,25,415123.0,300710.0,422543.0,605585.1428571428,544147.1
2015-01-26,W,896430,738965,1635395,2015,1,0,Before 2020,26,279154.0,502376.0,337243.0,602505.7142857143,539367.4666666667
2015-01-27,W,913448,764457,1677905,2015,1,1,Before 2020,27,738965.0,754946.0,283343.0,636304.1428571428,552758.2
2015-01-28,W,922297,763680,1685977,2015,1,2,Before 2020,28,764457.0,756860.0,559416.0,637662.8571428572,568795.3333333334
2015-01-29,W,898174,760217,1658391,2015,1,3,Before 2020,29,763680.0,761705.0,567099.0,638637.1428571428,575604.1333333333
2015-01-30,W,933971,754968,1688939,2015,1,4,Before 2020,30,760217.0,747376.0,642981.0,638424.5714285715,582041.4
2015-01-31,A,551745,419577,971322,2015,1,5,Before 2020,31,754968.0,415123.0,287754.0,639509.1428571428,585774.3
2015-02-01,U,293689,270615,564304,2015,2,6,Before 2020,32,419577.0,279154.0,527583.0,640145.4285714285,590168.4
2015-02-02,W,632367,563770,1196137,2015,2,0,Before 2020,33,270615.0,738965.0,340135.0,638925.5714285715,581602.8
2015-02-03,W,947457,806148,1753605,2015,2,1,Before 2020,34,563770.0,764457.0,267676.0,613897.7142857143,589057.3
2015-02-04,W,957218,791399,1748617,2015,2,2,Before 2020,35,806148.0,763680.0,657877.0,619853.5714285715,607006.3666666667
2015-02-05,W,932148,780378,1712526,2015,2,3,Before 2020,36,791399.0,760217.0,679913.0,623813.4285714285,611457.1
2015-02-06,W,959648,768091,1727739,2015,2,4,Before 2020,37,780378.0,754968.0,509075.0,626693.5714285715,614805.9333333333
2015-02-07,A,600789,439214,1040003,2015,2,5,Before 2020,38,768091.0,419577.0,579994.0,628568.2857142857,623439.8
2015-02-08,U,399923,298701,698624,2015,2,6,Before 2020,39,439214.0,270615.0,639901.0,631373.5714285715,618747.1333333333
2015-02-09,W,936475,750136,1686611,2015,2,0,Before 2020,40,298701.0,563770.0,352140.0,635385.8571428572,607373.8
2015-02-10,W,965833,772727,1738560,2015,2,1,Before 2020,41,750136.0,806148.0,279494.0,662009.5714285715,620640.3333333334
2015-02-11,W,966071,770885,1736956,2015,2,2,Before 2020,42,772727.0,791399.0,738697.0,657235.1428571428,637081.4333333333
2015-02-12,W,883395,729249,1612644,2015,2,3,Before 2020,43,770885.0,780378.0,743774.0,654304.5714285715,638154.3666666667
2015-02-13,W,911949,740559,1652508,2015,2,4,Before 2020,44,729249.0,768091.0,742410.0,647000.4285714285,637670.2
2015-02-14,A,514916,380652,895568,2015,2,5,Before 2020,45,740559.0,439214.0,760336.0,643067.2857142857,637608.5
2015-02-15,U,336299,276160,612459,2015,2,6,Before 2020,46,380652.0,298701.0,748177.0,634701.2857142857,624952.3666666667
2015-02-16,W,652807,547767,1200574,2015,2,0,Before 2020,47,276160.0,750136.0,417756.0,631481.1428571428,609218.4666666667
2015-02-17,W,912529,745575,1658104,2015,2,1,Before 2020,48,547767.0,772727.0,300710.0,602571.2857142857,613552.1666666666
2015-02-18,W,833785,707746,1541531,2015,2,2,Before 2020,49,745575.0,770885.0,502376.0,598692.4285714285,628381.0
2015-02-19,W,576326,575180,1151506,2015,2,3,Before 2020,50,707746.0,729249.0,754946.0,589672.5714285715,635226.6666666666
2015-02-20,W,847700,697600,1545300,2015,2,4,Before 2020,51,575180.0,740559.0,756860.0,567662.7142857143,629234.4666666667
2015-02-21,A,565948,410400,976348,2015,2,5,Before 2020,52,697600.0,380652.0,761705.0,561525.7142857143,627259.1333333333
2015-02-22,U,378733,299663,678396,2015,2,6,Before 2020,53,410400.0,276160.0,747376.0,565775.4285714285,615548.9666666667
2015-02-23,W,857014,700742,1557756,2015,2,0,Before 2020,54,299663.0,547767.0,415123.0,569133.0,600625.2
2015-02-24,W,901872,728674,1630546,2015,2,1,Before 2020,55,700742.0,745575.0,279154.0,590986.5714285715,610145.8333333334
2015-02-25,W,905748,752497,1658245,2015,2,2,Before 2020,56,728674.0,707746.0,738965.0,588572.1428571428,625129.8333333334
2015-02-26,W,857402,755359,1612761,2015,2,3,Before 2020,57,752497.0,575180.0,764457.0,594965.1428571428,625580.9
2015-02-27,W,903421,736663,1640084,2015,2,4,Before 2020,58,755359.0,697600.0,763680.0,620705.0,625277.6333333333
2015-02-28,A,542479,405241,947720,2015,2,5,Before 2020,59,736663.0,410400.0,760217.0,626285.4285714285,624377.0666666667
2015-03-01,U,383971,293964,677935,2015,3,6,Before 2020,60,405241.0,299663.0,754968.0,625548.4285714285,612544.5333333333
2015-03-02,W,912384,715945,1628329,2015,3,0,Before 2020,61,293964.0,700742.0,419577.0,624734.2857142857,597177.7333333333
2015-03-03,W,904439,735951,1640390,2015,3,1,Before 2020,62,715945.0,728674.0,270615.0,626906.1428571428,607056.6666666666
2015-03-04,W,928771,750369,1679140,2015,3,2,Before 2020,63,735951.0,752497.0,563770.0,627945.7142857143,622567.8666666667
2015-03-05,W,909192,744229,1653421,2015,3,3,Before 2020,64,750369.0,755359.0,806148.0,627641.7142857143,628787.8333333334
2015-03-06,W,909446,732902,1642348,2015,3,4,Before 2020,65,744229.0,736663.0,791399.0,626051.7142857143,626723.8666666667
2015-03-07,A,585771,427330,1013101,2015,3,5,Before 2020,66,732902.0,405241.0,780378.0,625514.4285714285,624773.9666666667
2015-03-08,U,399324,309962,709286,2015,3,6,Before 2020,67,427330.0,293964.0,768091.0,628670.0,613005.7
2015-03-09,W,935951,752995,1688946,2015,3,0,Before 2020,68,309962.0,715945.0,439214.0,630955.4285714285,597734.7333333333
2015-03-10,W,953173,767551,1720724,2015,3,1,Before 2020,69,752995.0,735951.0,298701.0,636248.2857142857,608194.1
2015-03-11,W,955083,778171,1733254,2015,3,2,Before 2020,70,767551.0,750369.0,750136.0,640762.5714285715,623822.4333333333
2015-03-12,W,953310,790210,1743520,2015,3,3,Before 2020,71,778171.0,744229.0,772727.0,644734.2857142857,624756.9333333333
2015-03-13,W,950690,801547,1752237,2015,3,4,Before 2020,72,790210.0,732902.0,770885.0,651303.0,625339.7
2015-03-14,A,605758,673707,1279465,2015,3,5,Before 2020,73,801547.0,427330.0,729249.0,661109.4285714285,626361.7666666667
2015-03-15,U,432055,362045,794100,2015,3,6,Before 2020,74,673707.0,309962.0,740559.0,696306.1428571428,624510.3666666667
2015-03-16,W,939583,768218,1707801,2015,3,0,Before 2020,75,362045.0,752995.0,380652.0,703746.5714285715,611893.2333333333
2015-03-17,W,934438,770081,1704519,2015,3,1,Before 2020,76,768218.0,767551.0,276160.0,705921.2857142857,624812.1
2015-03-18,W,937056,771625,1708681,2015,3,2,Before 2020,77,770081.0,778171.0,547767.0,706282.7142857143,641276.1333333333
2015-03-19,W,928929,771127,1700056,2015,3,3,Before 2020,78,771625.0,790210.0,745575.0,705347.5714285715,648738.0666666667
2015-03-20,W,932331,760906,1693237,2015,3,4,Before 2020,79,771127.0,801547.0,707746.0,702621.4285714285,649589.8
2015-03-21,A,566447,447493,1013940,2015,3,5,Before 2020,80,760906.0,673707.0,575180.0,696815.5714285715,651361.8
2015-03-22,U,383134,306283,689417,2015,3,6,Before 2020,81,447493.0,362045.0,697600.0,664499.2857142857,647105.5666666667
2015-03-23,W,817246,693264,1510510,2015,3,0,Before 2020,82,306283.0,768218.0,410400.0,656533.2857142857,634061.6666666666
2015-03-24,W,904344,727888,1632232,2015,3,1,Before 2020,83,693264.0,770081.0,299663.0,645825.5714285715,643490.4666666667
2015-03-25,W,916538,734311,1650849,2015,3,2,Before 2020,84,727888.0,771625.0,700742.0,639798.0,657764.6333333333
2015-03-26,W,925361,736687,1662048,2015,3,3,Before 2020,85,734311.0,771127.0,728674.0,634467.4285714285,658883.6
2015-03-27,W,888293,726738,1615031,2015,3,4,Before 2020,86,736687.0,760906.0,752497.0,629547.4285714285,659150.7
2015-03-28,A,539031,429689,968720,2015,3,5,Before 2020,87,726738.0,447493.0,755359.0,624666.2857142857,658292.0666666667
2015-03-29,U,362329,325865,688194,2015,3,6,Before 2020,88,429689.0,306283.0,736663.0,622122.8571428572,647436.4
2015-03-30,W,903992,736692,1640684,2015,3,0,Before 2020,89,325865.0,693264.0,405241.0,624920.2857142857,633743.1333333333
2015-03-31,W,922487,753405,1675892,2015,3,1,Before 2020,90,736692.0,727888.0,293964.0,631124.2857142857,644791.5
2015-04-01,W,974353,784085,1758438,2015,4,2,Before 2020,91,753405.0,734311.0,715945.0,634769.5714285715,660106.2
2015-04-02,W,897550,761806,1659356,2015,4,3,Before 2020,92,784085.0,736687.0,735951.0,641880.1428571428,662377.5333333333
2015-04-03,W,814328,681130,1495458,2015,4,4,Before 2020,93,761806.0,726738.0,750369.0,645468.5714285715,663239.3666666667
2015-04-04,A,582015,427101,1009116,2015,4,5,Before 2020,94,681130.0,429689.0,744229.0,638953.1428571428,660931.4
2015-04-05,U,393690,327292,720982,2015,4,6,Before 2020,95,427101.0,325865.0,732902.0,638583.4285714285,650360.4666666667
2015-04-06,W,807389,711923,1519312,2015,4,0,Before 2020,96,327292.0,736692.0,427330.0,638787.2857142857,636840.1333333333
2015-04-07,W,813597,727328,1540925,2015,4,1,Before 2020,97,711923.0,753405.0,309962.0,635248.8571428572,646326.5666666667
2015-04-08,W,822289,750275,1572564,2015,4,2,Before 2020,98,727328.0,784085.0,752995.0,631523.5714285715,660238.7666666667
2015-04-09,W,748326,711033,1459359,2015,4,3,Before 2020,99,750275.0,761806.0,767551.0,626693.5714285715,660148.1
2015-04-10,W,828661,757159,1585820,2015,4,4,Before 2020,100,711033.0,681130.0,778171.0,619440.2857142857,658264.1666666666
2015-04-11,A,586791,469045,1055836,2015,4,5,Before 2020,101,757159.0,427101.0,790210.0,630301.5714285715,657563.7666666667
2015-04-12,U,410420,332334,742754,2015,4,6,Before 2020,102,469045.0,327292.0,801547.0,636293.5714285715,646858.2666666667
2015-04-13,W,908654,767492,1676146,2015,4,0,Before 2020,103,332334.0,711923.0,673707.0,637013.8571428572,631217.8333333334
2015-04-14,W,946490,796083,1742573,2015,4,1,Before 2020,104,767492.0,727328.0,362045.0,644952.2857142857,634344.0
2015-04-15,W,904861,796244,1701105,2015,4,2,Before 2020,105,796083.0,750275.0,768218.0,654774.4285714285,648811.9333333333
2015-04-16,W,890058,791213,1681271,2015,4,3,Before 2020,106,796244.0,711033.0,770081.0,661341.4285714285,649746.1333333333
2015-04-17,W,936814,818272,1755086,2015,4,4,Before 2020,107,791213.0,757159.0,771625.0,672795.7142857143,650450.5333333333
2015-04-18,A,599954,503902,1103856,2015,4,5,Before 2020,108,818272.0,469045.0,771127.0,681526.1428571428,652005.4333333333
2015-04-19,U,394676,338222,732898,2015,4,6,Before 2020,109,503902.0,332334.0,760906.0,686505.7142857143,643097.9333333333
2015-04-20,W,907393,762726,1670119,2015,4,0,Before 2020,110,338222.0,767492.0,447493.0,687346.8571428572,629008.4666666667
2015-04-21,W,931681,779658,1711339,2015,4,1,Before 2020,111,762726.0,796083.0,306283.0,686666.0,639516.2333333333
2015-04-22,W,925517,780432,1705949,2015,4,2,Before 2020,112,779658.0,796244.0,693264.0,684319.5714285715,655295.4
2015-04-23,W,935537,799888,1735425,2015,4,3,Before 2020,113,780432.0,791213.0,727888.0,682060.7142857143,658201.0
2015-04-24,W,912926,782626,1695552,2015,4,4,Before 2020,114,799888.0,818272.0,734311.0,683300.0,660601.0
2015-04-25,A,496407,435893,932300,2015,4,5,Before 2020,115,782626.0,503902.0,736687.0,678207.7142857143,662211.5
2015-04-26,U,419729,352658,772387,2015,4,6,Before 2020,116,435893.0,338222.0,726738.0,668492.1428571428,652185.0333333333
2015-04-27,W,925541,769888,1695429,2015,4,0,Before 2020,117,352658.0,762726.0,429689.0,670554.4285714285,639715.7
2015-04-28,W,941909,789018,1730927,2015,4,1,Before 2020,118,769888.0,779658.0,325865.0,671577.5714285715,651055.6666666666
2015-04-29,W,934550,793551,1728101,2015,4,2,Before 2020,119,789018.0,780432.0,736692.0,672914.7142857143,666494.1
2015-04-30,W,923564,817167,1740731,2015,4,3,Before 2020,120,793551.0,799888.0,753405.0,674788.8571428572,668389.4
2015-05-01,W,993931,835711,1829642,2015,5,4,Before 2020,121,817167.0,782626.0,784085.0,677257.2857142857,670514.8
2015-05-02,A,629640,548837,1178477,2015,5,5,Before 2020,122,835711.0,435893.0,761806.0,684840.8571428572,672235.6666666666
2015-05-03,U,435591,379014,814605,2015,5,6,Before 2020,123,548837.0,352658.0,681130.0,700975.7142857143,665136.7
2015-05-04,W,933337,756442,1689779,2015,5,0,Before 2020,124,379014.0,769888.0,427101.0,704740.8571428572,655066.1666666666
2015-05-05,W,918652,769751,1688403,2015,5,1,Before 2020,125,756442.0,789018.0,327292.0,702820.0,666044.2
2015-05-06,W,951886,789988,1741874,2015,5,2,Before 2020,126,769751.0,793551.0,711923.0,700067.5714285715,680792.8333333334
2015-05-07,W,956437,810302,1766739,2015,5,3,Before 2020,127,789988.0,817167.0,727328.0,699558.5714285715,683395.0
2015-05-08,W,916218,780602,1696820,2015,5,4,Before 2020,128,810302.0,835711.0,750275.0,698577.8571428572,686160.8
2015-05-09,A,572064,455436,1027500,2015,5,5,Before 2020,129,780602.0,548837.0,711033.0,690705.1428571428,687171.7
2015-05-10,U,385323,315215,700538,2015,5,6,Before 2020,130,455436.0,379014.0,757159.0,677362.1428571428,678651.8
2015-05-11,W,869148,743353,1612501,2015,5,0,Before 2020,131,315215.0,756442.0,469045.0,668248.0,663920.3333333334
2015-05-12,W,904654,770185,1674839,2015,5,1,Before 2020,132,743353.0,769751.0,332334.0,666378.1428571428,673063.9333333333
2015-05-13,W,926402,784501,1710903,2015,5,2,Before 2020,133,770185.0,789988.0,767492.0,666440.1428571428,687658.9666666667
2015-05-14,W,912634,795093,1707727,2015,5,3,Before 2020,134,784501.0,810302.0,796083.0,665656.2857142857,688225.9333333333
2015-05-15,W,921190,804671,1725861,2015,5,4,Before 2020,135,795093.0,780602.0,796244.0,663483.5714285715,688192.9333333333
2015-05-16,A,561092,493377,1054469,2015,5,5,Before 2020,136,804671.0,455436.0,791213.0,666922.0,688473.8333333334
2015-05-17,U,415263,373832,789095,2015,5,6,Before 2020,137,493377.0,315215.0,818272.0,672342.1428571428,678545.9666666667
2015-05-18,W,908842,761991,1670833,2015,5,0,Before 2020,138,373832.0,743353.0,503902.0,680716.0,663731.3
2015-05-19,W,902867,759919,1662786,2015,5,1,Before 2020,139,761991.0,770185.0,338222.0,683378.5714285715,672334.2666666667
2015-05-20,W,906942,760399,1667341,2015,5,2,Before 2020,140,759919.0,784501.0,762726.0,681912.0,686390.8333333334
2015-05-21,W,921476,784762,1706238,2015,5,3,Before 2020,141,760399.0,795093.0,779658.0,678468.8571428572,686313.2666666667
2015-05-22,W,908692,760362,1669054,2015,5,4,Before 2020,142,784762.0,804671.0,780432.0,676993.0,686483.4
2015-05-23,A,575386,501879,1077265,2015,5,5,Before 2020,143,760362.0,493377.0,799888.0,670663.1428571428,685814.4
2015-05-24,U,401488,366008,767496,2015,5,6,Before 2020,144,501879.0,373832.0,782626.0,671877.7142857143,675880.7666666667
2015-05-25,U,397951,357227,755178,2015,5,0,Before 2020,145,366008.0,761991.0,435893.0,670760.0,661993.5
2015-05-26,W,878946,743291,1622237,2015,5,1,Before 2020,146,357227.0,759919.0,352658.0,612936.5714285715,659371.3
2015-05-27,W,921204,783749,1704953,2015,5,2,Before 2020,147,743291.0,760399.0,769888.0,610561.1428571428,672392.4
2015-05-28,W,925094,787104,1712198,2015,5,3,Before 2020,148,783749.0,784762.0,789018.0,613896.8571428572,672854.4333333333
2015-05-29,W,892551,800510,1693061,2015,5,4,Before 2020,149,787104.0,760362.0,793551.0,614231.4285714285,672790.6333333333
2015-05-30,A,481814,428464,910278,2015,5,5,Before 2020,150,800510.0,501879.0,817167.0,619966.8571428572,673022.6
2015-05-31,U,388866,351159,740025,2015,5,6,Before 2020,151,428464.0,366008.0,835711.0,609479.0,660065.8333333334
2015-06-01,W,942997,757975,1700972,2015,6,0,Before 2020,152,351159.0,357227.0,548837.0,607357.7142857143,643914.1
2015-06-02,W,933346,779073,1712419,2015,6,1,Before 2020,153,757975.0,743291.0,379014.0,664607.4285714285,650885.3666666667
2015-06-03,W,964899,794693,1759592,2015,6,2,Before 2020,154,779073.0,783749.0,756442.0,669719.1428571428,664220.6666666666
2015-06-04,W,938834,797464,1736298,2015,6,3,Before 2020,155,794693.0,787104.0,769751.0,671282.5714285715,665495.7
2015-06-05,W,919157,784462,1703619,2015,6,4,Before 2020,156,797464.0,800510.0,789988.0,672762.5714285715,666419.4666666667
2015-06-06,A,606641,511352,1117993,2015,6,5,Before 2020,157,784462.0,428464.0,810302.0,670470.0,666235.2666666667
2015-06-07,U,388946,337748,726694,2015,6,6,Before 2020,158,511352.0,351159.0,780602.0,682311.1428571428,656270.2666666667
2015-06-08,W,891851,759176,1651027,2015,6,0,Before 2020,159,337748.0,757975.0,455436.0,680395.2857142857,641508.4666666667
2015-06-09,W,932006,792806,1724812,2015,6,1,Before 2020,160,759176.0,779073.0,315215.0,680566.8571428572,651633.1333333333
2015-06-10,W,915049,801607,1716656,2015,6,2,Before 2020,161,792806.0,794693.0,743353.0,682528.7142857143,667552.8333333334
2015-06-11,W,898644,811432,1710076,2015,6,3,Before 2020,162,801607.0,797464.0,770185.0,683516.4285714285,669494.6333333333
2015-06-12,W,854059,812194,1666253,2015,6,4,Before 2020,163,811432.0,784462.0,784501.0,685511.8571428572,670869.5333333333
2015-06-13,A,590950,566965,1157915,2015,6,5,Before 2020,164,812194.0,511352.0,795093.0,689473.5714285715,671792.6333333333
2015-06-14,U,419317,407107,826424,2015,6,6,Before 2020,165,566965.0,337748.0,804671.0,697418.2857142857,664188.3666666667
2015-06-15,W,817931,774439,1592370,2015,6,0,Before 2020,166,407107.0,759176.0,493377.0,707326.7142857143,650936.2333333333
2015-06-16,W,911783,818185,1729968,2015,6,1,Before 2020,167,774439.0,792806.0,373832.0,709507.1428571428,660304.9666666667
2015-06-17,W,869500,775968,1645468,2015,6,2,Before 2020,168,818185.0,801607.0,761991.0,713132.7142857143,675116.7333333333
2015-06-18,W,867529,914768,1782297,2015,6,3,Before 2020,169,775968.0,811432.0,759919.0,709470.0,675582.6333333333
2015-06-19,W,893122,813552,1706674,2015,6,4,Before 2020,170,914768.0,812194.0,760399.0,724232.2857142857,680744.2666666667
2015-06-20,A,563855,500734,1064589,2015,6,5,Before 2020,171,813552.0,566965.0,784762.0,724426.2857142857,682516.0333333333
2015-06-21,U,439513,390557,830070,2015,6,6,Before 2020,172,500734.0,407107.0,760362.0,714964.7142857143,673048.4333333333
2015-06-22,W,759346,731448,1490794,2015,6,0,Before 2020,173,390557.0,774439.0,501879.0,712600.4285714285,660721.6
2015-06-23,W,840211,794064,1634275,2015,6,1,Before 2020,174,731448.0,818185.0,366008.0,706458.8571428572,668373.9
2015-06-24,W,821308,787858,1609166,2015,6,2,Before 2020,175,794064.0,775968.0,357227.0,703013.0,682642.4333333333
2015-06-25,W,808260,791423,1599683,2015,6,3,Before 2020,176,787858.0,914768.0,743291.0,704711.5714285715,696996.8
2015-06-26,W,773954,748661,1522615,2015,6,4,Before 2020,177,791423.0,813552.0,783749.0,687090.8571428572,698601.2
2015-06-27,A,570969,509237,1080206,2015,6,5,Before 2020,178,748661.0,500734.0,787104.0,677820.7142857143,697431.6
2015-06-28,U,439944,577866,1017810,2015,6,6,Before 2020,179,509237.0,390557.0,800510.0,679035.4285714285,688169.3666666667
2015-06-29,W,797072,730941,1528013,2015,6,0,Before 2020,180,577866.0,731448.0,428464.0,705793.8571428572,680747.9
2015-06-30,W,835118,751277,1586395,2015,6,1,Before 2020,181,730941.0,794064.0,351159.0,705721.4285714285,690830.4666666667
2015-07-01,W,886380,762718,1649098,2015,7,2,Before 2020,182,751277.0,787858.0,757975.0,699609.0,704167.7333333333
2015-07-02,W,850667,773838,1624505,2015,7,3,Before 2020,183,762718.0,791423.0,779073.0,696017.5714285715,704325.8333333334
2015-07-03,U,602599,612736,1215335,2015,7,4,Before 2020,184,773838.0,748661.0,794693.0,693505.4285714285,704151.3333333334
2015-07-04,A,508110,545727,1053837,2015,7,5,Before 2020,185,612736.0,509237.0,797464.0,674087.5714285715,698086.1
2015-07-05,U,427090,435680,862770,2015,7,6,Before 2020,186,545727.0,577866.0,784462.0,679300.4285714285,689694.8666666667
2015-07-06,W,816338,770918,1587256,2015,7,0,Before 2020,187,435680.0,730941.0,511352.0,658988.1428571428,678068.8
2015-07-07,W,834983,794300,1629283,2015,7,1,Before 2020,188,770918.0,751277.0,337748.0,664699.1428571428,686721.0
2015-07-08,W,848028,813381,1661409,2015,7,2,Before 2020,189,794300.0,762718.0,759176.0,670845.2857142857,701939.4
2015-07-09,W,856253,834100,1690353,2015,7,3,Before 2020,190,813381.0,773838.0,792806.0,678082.8571428572,703746.2333333333
2015-07-10,W,858745,851630,1710375,2015,7,4,Before 2020,191,834100.0,612736.0,801607.0,686691.7142857143,705122.7
2015-07-11,A,575848,560642,1136490,2015,7,5,Before 2020,192,851630.0,545727.0,811432.0,720819.4285714285,706790.1333333333
2015-07-12,U,457477,468153,925630,2015,7,6,Before 2020,193,560642.0,435680.0,812194.0,722950.1428571428,698430.4666666667
2015-07-13,W,784509,727235,1511744,2015,7,0,Before 2020,194,468153.0,770918.0,566965.0,727589.1428571428,686962.4333333333
2015-07-14,W,836909,760527,1597436,2015,7,1,Before 2020,195,727235.0,794300.0,407107.0,721348.7142857143,692304.7666666667
2015-07-15,W,859672,775047,1634719,2015,7,2,Before 2020,196,760527.0,813381.0,774439.0,716524.0,704085.4333333333
2015-07-16,W,802468,762144,1564612,2015,7,3,Before 2020,197,775047.0,834100.0,818185.0,711047.7142857143,704105.7
2015-07-17,W,822257,809549,1631806,2015,7,4,Before 2020,198,762144.0,851630.0,775968.0,700768.2857142857,702237.6666666666
2015-07-18,A,529845,515769,1045614,2015,7,5,Before 2020,199,809549.0,560642.0,914768.0,694756.7142857143,703357.0333333333
2015-07-19,U,440059,443655,883714,2015,7,6,Before 2020,200,515769.0,468153.0,813552.0,688346.2857142857,690057.0666666667
2015-07-20,W,819425,749387,1568812,2015,7,0,Before 2020,201,443655.0,727235.0,500734.0,684846.5714285715,677727.1666666666
2015-07-21,W,848416,782194,1630610,2015,7,1,Before 2020,202,749387.0,760527.0,390557.0,688011.1428571428,686015.6
2015-07-22,W,844761,785763,1630524,2015,7,2,Before 2020,203,782194.0,775047.0,731448.0,691106.4285714285,699070.1666666666
2015-07-23,W,844483,783822,1628305,2015,7,3,Before 2020,204,785763.0,762144.0,794064.0,692637.2857142857,700880.6666666666
2015-07-24,W,830024,818410,1648434,2015,7,4,Before 2020,205,783822.0,809549.0,787858.0,695734.1428571428,700539.2666666667
2015-07-25,A,573827,539665,1113492,2015,7,5,Before 2020,206,818410.0,515769.0,791423.0,697000.0,701557.6666666666
2015-07-26,U,419005,402975,821980,2015,7,6,Before 2020,207,539665.0,443655.0,748661.0,700413.7142857143,693165.7333333333
2015-07-27,W,820529,760311,1580840,2015,7,0,Before 2020,208,402975.0,749387.0,509237.0,694602.2857142857,681642.8666666667
2015-07-28,W,827024,782394,1609418,2015,7,1,Before 2020,209,760311.0,782194.0,577866.0,696162.8571428572,690012.0
2015-07-29,W,814733,820373,1635106,2015,7,2,Before 2020,210,782394.0,785763.0,730941.0,696191.4285714285,696829.6
2015-07-30,W,825894,811903,1637797,2015,7,3,Before 2020,211,820373.0,783822.0,751277.0,701135.7142857143,699810.6666666666
2015-07-31,W,834790,871817,1706607,2015,7,4,Before 2020,212,811903.0,818410.0,762718.0,705147.2857142857,701831.5333333333
2015-08-01,A,574270,587633,1161903,2015,8,5,Before 2020,213,871817.0,539665.0,773838.0,712776.8571428572,705468.1666666666
2015-08-02,U,425896,469421,895317,2015,8,6,Before 2020,214,587633.0,402975.0,612736.0,719629.4285714285,699261.3333333334
2015-08-03,W,833632,751771,1585403,2015,8,0,Before 2020,215,469421.0,760311.0,545727.0,729121.7142857143,694484.1666666666
2015-08-04,W,839704,762573,1602277,2015,8,1,Before 2020,216,751771.0,782394.0,435680.0,727901.7142857143,701352.3
2015-08-05,W,831758,765442,1597200,2015,8,2,Before 2020,217,762573.0,820373.0,770918.0,725070.1428571428,712248.7333333333
2015-08-06,W,825012,795399,1620411,2015,8,3,Before 2020,218,765442.0,811903.0,794300.0,717222.8571428572,712066.2
2015-08-07,W,831076,798253,1629329,2015,8,4,Before 2020,219,795399.0,871817.0,813381.0,714865.1428571428,712102.8333333334
2015-08-08,A,577878,534305,1112183,2015,8,5,Before 2020,220,798253.0,587633.0,834100.0,704356.0,711598.5666666667
2015-08-09,U,414942,384961,799903,2015,8,6,Before 2020,221,534305.0,469421.0,851630.0,696737.7142857143,701605.4
2015-08-10,W,772518,716242,1488760,2015,8,0,Before 2020,222,384961.0,751771.0,560642.0,684672.0,686049.7666666667
2015-08-11,W,823620,770361,1593981,2015,8,1,Before 2020,223,716242.0,762573.0,468153.0,679596.4285714285,691236.4333333333
2015-08-12,W,817244,772367,1589611,2015,8,2,Before 2020,224,770361.0,765442.0,727235.0,680709.0,701310.0333333333
2015-08-13,W,817948,790163,1608111,2015,8,3,Before 2020,225,772367.0,795399.0,760527.0,681698.2857142857,702814.4333333333
2015-08-14,W,813718,760558,1574276,2015,8,4,Before 2020,226,790163.0,798253.0,775047.0,680950.2857142857,703802.3
2015-08-15,A,567544,517393,1084937,2015,8,5,Before 2020,227,760558.0,534305.0,762144.0,675565.2857142857,703319.3333333334
2015-08-16,U,448872,420453,869325,2015,8,6,Before 2020,228,517393.0,384961.0,809549.0,673149.2857142857,695160.9666666667
2015-08-17,W,775836,708821,1484657,2015,8,0,Before 2020,229,420453.0,716242.0,515769.0,678219.5714285715,682191.1
2015-08-18,W,782272,745246,1527518,2015,8,1,Before 2020,230,708821.0,770361.0,443655.0,677159.4285714285,688626.1666666666
2015-08-19,W,801496,768950,1570446,2015,8,2,Before 2020,231,745246.0,772367.0,749387.0,673571.5714285715,698679.2
2015-08-20,W,820929,778440,1599369,2015,8,3,Before 2020,232,768950.0,790163.0,782194.0,673083.4285714285,699331.3
2015-08-21,W,829744,785707,1615451,2015,8,4,Before 2020,233,778440.0,760558.0,785763.0,671408.7142857143,699206.1666666666
2015-08-22,A,582295,519930,1102225,2015,8,5,Before 2020,234,785707.0,517393.0,783822.0,675001.4285714285,699204.3
2015-08-23,U,412542,393966,806508,2015,8,6,Before 2020,235,519930.0,420453.0,818410.0,675363.8571428572,690407.9
2015-08-24,W,824140,774207,1598347,2015,8,0,Before 2020,236,393966.0,708821.0,539665.0,671580.0,676259.7666666667
2015-08-25,W,838405,768794,1607199,2015,8,1,Before 2020,237,774207.0,745246.0,402975.0,680920.8571428572,684077.8333333334
2015-08-26,W,860821,774429,1635250,2015,8,2,Before 2020,238,768794.0,768950.0,760311.0,684284.8571428572,696271.8
2015-08-27,W,858460,803728,1662188,2015,8,3,Before 2020,239,774429.0,778440.0,782394.0,685067.5714285715,696742.4
2015-08-28,W,841111,770482,1611593,2015,8,4,Before 2020,240,803728.0,785707.0,820373.0,688680.1428571428,697453.5333333333
2015-08-29,A,520511,468675,989186,2015,8,5,Before 2020,241,770482.0,519930.0,811903.0,686505.1428571428,695790.5
2015-08-30,U,417777,371923,789700,2015,8,6,Before 2020,242,468675.0,393966.0,871817.0,679183.0,684349.5666666667
2015-08-31,W,836125,771622,1607747,2015,8,0,Before 2020,243,371923.0,774207.0,587633.0,676034.0,667686.4333333333
2015-09-01,W,909864,799606,1709470,2015,9,1,Before 2020,244,771622.0,768794.0,469421.0,675664.7142857143,673819.4
2015-09-02,W,882052,792561,1674613,2015,9,2,Before 2020,245,799606.0,774429.0,751771.0,680066.4285714285,684825.5666666667
2015-09-03,W,907453,800062,1707515,2015,9,3,Before 2020,246,792561.0,803728.0,762573.0,682656.7142857143,686185.2333333333
2015-09-04,W,869966,802219,1672185,2015,9,4,Before 2020,247,800062.0,770482.0,765442.0,682133.0,687434.8666666667
2015-09-05,A,571868,528694,1100562,2015,9,5,Before 2020,248,802219.0,468675.0,795399.0,686666.8571428572,688660.7666666667
2015-09-06,U,452841,452445,905286,2015,9,6,Before 2020,249,528694.0,371923.0,798253.0,695241.0,679770.6
2015-09-07,U,419206,362421,781627,2015,9,0,Before 2020,250,452445.0,771622.0,534305.0,706744.1428571428,668243.6666666666
2015-09-08,W,885886,756110,1641996,2015,9,1,Before 2020,251,362421.0,799606.0,384961.0,648286.8571428572,662514.2
2015-09-09,W,966510,821823,1788333,2015,9,2,Before 2020,252,756110.0,792561.0,716242.0,642073.1428571428,674885.8333333334
2015-09-10,W,928707,823661,1752368,2015,9,3,Before 2020,253,821823.0,800062.0,770361.0,646253.4285714285,678405.2
2015-09-11,W,924272,872323,1796595,2015,9,4,Before 2020,254,823661.0,802219.0,772367.0,649624.7142857143,680181.8666666667
2015-09-12,A,553239,530282,1083521,2015,9,5,Before 2020,255,872323.0,528694.0,790163.0,659639.5714285715,683513.7333333333
2015-09-13,U,423559,417183,840742,2015,9,6,Before 2020,256,530282.0,452445.0,760558.0,659866.4285714285,674851.0333333333
2015-09-14,W,930582,803746,1734328,2015,9,0,Before 2020,257,417183.0,362421.0,517393.0,654829.0,663405.2
2015-09-15,W,956026,853826,1809852,2015,9,1,Before 2020,258,803746.0,756110.0,420453.0,717875.4285714285,672950.3
2015-09-16,W,956622,840594,1797216,2015,9,2,Before 2020,259,853826.0,821823.0,708821.0,731834.8571428572,687396.0666666667
2015-09-17,W,927771,851514,1779285,2015,9,3,Before 2020,260,840594.0,823661.0,745246.0,734516.4285714285,691788.5
2015-09-18,W,895702,853094,1748796,2015,9,4,Before 2020,261,851514.0,872323.0,768950.0,738495.4285714285,695330.7666666667
2015-09-19,A,558990,557919,1116909,2015,9,5,Before 2020,262,853094.0,530282.0,778440.0,735748.4285714285,698135.5666666667
2015-09-20,U,433770,428858,862628,2015,9,6,Before 2020,263,557919.0,417183.0,785707.0,739696.5714285715,690784.8666666667
2015-09-21,W,935471,837061,1772532,2015,9,0,Before 2020,264,428858.0,803746.0,519930.0,741364.4285714285,678889.9
2015-09-22,W,947566,842632,1790198,2015,9,1,Before 2020,265,837061.0,853826.0,393966.0,746123.7142857143,689460.9333333333
2015-09-23,W,942933,838495,1781428,2015,9,2,Before 2020,266,842632.0,840594.0,774207.0,744524.5714285715,704416.4666666667
2015-09-24,W,942518,835403,1777921,2015,9,3,Before 2020,267,838495.0,851514.0,768794.0,744224.7142857143,706559.4
2015-09-25,W,951827,863209,1815036,2015,9,4,Before 2020,268,835403.0,853094.0,774429.0,741923.1428571428,708779.7
2015-09-26,A,598862,565634,1164496,2015,9,5,Before 2020,269,863209.0,557919.0,803728.0,743368.1428571428,711739.0333333333
2015-09-27,U,422542,406802,829344,2015,9,6,Before 2020,270,565634.0,428858.0,770482.0,744470.2857142857,703802.5666666667
2015-09-28,W,929278,829791,1759069,2015,9,0,Before 2020,271,406802.0,837061.0,468675.0,741319.4285714285,691679.9
2015-09-29,W,914286,822855,1737141,2015,9,1,Before 2020,272,829791.0,842632.0,371923.0,740280.8571428572,703717.1
2015-09-30,W,946374,835001,1781375,2015,9,2,Before 2020,273,822855.0,838495.0,771622.0,737455.5714285715,718748.1666666666
2015-10-01,W,993576,848050,1841626,2015,10,3,Before 2020,274,835001.0,835403.0,799606.0,736956.4285714285,720860.8
2015-10-02,W,981039,837159,1818198,2015,10,4,Before 2020,275,848050.0,863209.0,792561.0,738763.1428571428,722475.6
2015-10-03,A,571153,488574,1059727,2015,10,5,Before 2020,276,837159.0,565634.0,800062.0,735041.7142857143,723962.2
2015-10-04,U,417529,371950,789479,2015,10,6,Before 2020,277,488574.0,406802.0,802219.0,724033.1428571428,713579.2666666667
2015-10-05,W,948999,805091,1754090,2015,10,0,Before 2020,278,371950.0,829791.0,528694.0,719054.2857142857,699236.9666666667
2015-10-06,W,967808,831137,1798945,2015,10,1,Before 2020,279,805091.0,822855.0,452445.0,715525.7142857143,708450.2
2015-10-07,W,970204,854361,1824565,2015,10,2,Before 2020,280,831137.0,835001.0,362421.0,716708.8571428572,721073.2666666667
2015-10-08,W,959798,851423,1811221,2015,10,3,Before 2020,281,854361.0,848050.0,756110.0,719474.5714285715,737471.2666666667
2015-10-09,W,931769,854606,1786375,2015,10,4,Before 2020,282,851423.0,837159.0,821823.0,719956.4285714285,740648.3666666667
2015-10-10,A,577667,541173,1118840,2015,10,5,Before 2020,283,854606.0,488574.0,823661.0,722448.8571428572,741741.1333333333
2015-10-11,U,400140,558033,958173,2015,10,6,Before 2020,284,541173.0,371950.0,872323.0,729963.0,732324.8666666667
2015-10-12,W,759254,776968,1536222,2015,10,0,Before 2020,285,558033.0,805091.0,530282.0,756546.2857142857,721848.5333333333
2015-10-13,W,947941,873747,1821688,2015,10,1,Before 2020,286,776968.0,831137.0,417183.0,752528.7142857143,730071.4
2015-10-14,W,954519,845066,1799585,2015,10,2,Before 2020,287,873747.0,854361.0,803746.0,758615.8571428572,745290.2
2015-10-15,W,946290,860809,1807099,2015,10,3,Before 2020,288,845066.0,851423.0,853826.0,757288.0,746667.5333333333
2015-10-16,W,936818,855252,1792070,2015,10,4,Before 2020,289,860809.0,854606.0,840594.0,758628.8571428572,746900.3
2015-10-17,A,578160,546096,1124256,2015,10,5,Before 2020,290,855252.0,541173.0,851514.0,758721.1428571428,747388.9
2015-10-18,U,415455,392712,808167,2015,10,6,Before 2020,291,546096.0,558033.0,853094.0,759424.4285714285,737208.3
2015-10-19,W,930236,819286,1749522,2015,10,0,Before 2020,292,392712.0,776968.0,557919.0,735807.1428571428,721862.2333333333
2015-10-20,W,950953,875792,1826745,2015,10,1,Before 2020,293,819286.0,873747.0,428858.0,741852.5714285715,730574.4666666667
2015-10-21,W,955633,882188,1837821,2015,10,2,Before 2020,294,875792.0,845066.0,837061.0,742144.7142857143,745472.2666666667
2015-10-22,W,942983,852957,1795940,2015,10,3,Before 2020,295,882188.0,860809.0,842632.0,747447.8571428572,746976.5
2015-10-23,W,915489,828812,1744301,2015,10,4,Before 2020,296,852957.0,855252.0,838495.0,746326.1428571428,747320.6666666666
2015-10-24,A,556146,492083,1048229,2015,10,5,Before 2020,297,828812.0,546096.0,835403.0,742549.0,746997.9
2015-10-25,U,415182,368100,783282,2015,10,6,Before 2020,298,492083.0,392712.0,863209.0,734832.8571428572,735553.9
2015-10-26,W,929741,805144,1734885,2015,10,0,Before 2020,299,368100.0,819286.0,565634.0,731316.8571428572,719050.2666666667
2015-10-27,W,916953,824772,1741725,2015,10,1,Before 2020,300,805144.0,875792.0,406802.0,729296.5714285715,727033.9333333333
2015-10-28,W,910794,826173,1736967,2015,10,2,Before 2020,301,824772.0,882188.0,829791.0,722008.0,740966.2666666667
2015-10-29,W,916453,837868,1754321,2015,10,3,Before 2020,302,826173.0,852957.0,822855.0,714005.8571428572,740845.6666666666
2015-10-30,W,949185,840246,1789431,2015,10,4,Before 2020,303,837868.0,828812.0,835001.0,711850.2857142857,741346.1
2015-10-31,A,500004,418362,918366,2015,10,5,Before 2020,304,840246.0,492083.0,848050.0,713483.7142857143,741520.9333333333
2015-11-01,U,436791,378873,815664,2015,11,6,Before 2020,305,418362.0,368100.0,837159.0,702952.1428571428,727198.0
2015-11-02,W,940464,817657,1758121,2015,11,0,Before 2020,306,378873.0,805144.0,488574.0,704491.1428571428,711921.8
2015-11-03,W,987382,830460,1817842,2015,11,1,Before 2020,307,817657.0,824772.0,371950.0,706278.7142857143,722891.2333333333
2015-11-04,W,956176,842035,1798211,2015,11,2,Before 2020,308,830460.0,826173.0,805091.0,707091.2857142857,738174.9
2015-11-05,W,942300,851684,1793984,2015,11,3,Before 2020,309,842035.0,837868.0,831137.0,709357.2857142857,739406.3666666667
2015-11-06,W,925054,832872,1757926,2015,11,4,Before 2020,310,851684.0,840246.0,854361.0,711331.0,740091.2666666667
2015-11-07,A,573470,496404,1069874,2015,11,5,Before 2020,311,832872.0,418362.0,851423.0,710277.5714285715,739374.9666666667
2015-11-08,U,414784,379185,793969,2015,11,6,Before 2020,312,496404.0,378873.0,854606.0,721426.4285714285,727541.0
2015-11-09,W,923927,811177,1735104,2015,11,0,Before 2020,313,379185.0,817657.0,541173.0,721471.0,711693.6333333333
2015-11-10,W,940362,832141,1772503,2015,11,1,Before 2020,314,811177.0,830460.0,558033.0,720545.2857142857,720693.7666666667
2015-11-11,W,755234,738828,1494062,2015,11,2,Before 2020,315,832141.0,842035.0,776968.0,720785.4285714285,729830.7
2015-11-12,W,879349,820988,1700337,2015,11,3,Before 2020,316,738828.0,851684.0,873747.0,706041.5714285715,728559.3666666667
2015-11-13,W,837532,804273,1641805,2015,11,4,Before 2020,317,820988.0,832872.0,845066.0,701656.4285714285,726800.7333333333
2015-11-14,A,545554,475091,1020645,2015,11,5,Before 2020,318,804273.0,496404.0,860809.0,697570.8571428572,725440.9666666667
2015-11-15,U,411704,352488,764192,2015,11,6,Before 2020,319,475091.0,379185.0,855252.0,694526.1428571428,712583.7
2015-11-16,W,908305,797597,1705902,2015,11,0,Before 2020,320,352488.0,811177.0,546096.0,690712.2857142857,695824.9
2015-11-17,W,880013,801291,1681304,2015,11,1,Before 2020,321,797597.0,832141.0,392712.0,688772.2857142857,704208.2666666667
2015-11-18,W,893671,808901,1702572,2015,11,2,Before 2020,322,801291.0,738828.0,819286.0,684365.1428571428,717827.5666666667
2015-11-19,W,884290,811595,1695885,2015,11,3,Before 2020,323,808901.0,820988.0,875792.0,694375.5714285715,717481.4
2015-11-20,W,894949,812590,1707539,2015,11,4,Before 2020,324,811595.0,804273.0,882188.0,693033.7142857143,715341.5
2015-11-21,A,429624,469943,899567,2015,11,5,Before 2020,325,812590.0,475091.0,852957.0,694221.8571428572,713021.5666666667
2015-11-22,U,356953,338408,695361,2015,11,6,Before 2020,326,469943.0,352488.0,828812.0,693486.4285714285,700254.4333333333
2015-11-23,W,877236,781545,1658781,2015,11,0,Before 2020,327,338408.0,797597.0,492083.0,691475.0,683907.6333333333
2015-11-24,W,898177,805812,1703989,2015,11,1,Before 2020,328,781545.0,801291.0,368100.0,689181.8571428572,693556.3666666667
2015-11-25,W,735265,667707,1402972,2015,11,2,Before 2020,329,805812.0,808901.0,805144.0,689827.7142857143,708146.7666666667
2015-11-26,U,288282,234285,522567,2015,11,3,Before 2020,330,667707.0,811595.0,824772.0,669657.1428571428,703565.5333333333
2015-11-27,W,443089,410220,853309,2015,11,4,Before 2020,331,234285.0,812590.0,826173.0,587184.2857142857,683882.6333333333
2015-11-28,A,459598,396926,856524,2015,11,5,Before 2020,332,410220.0,469943.0,837868.0,529702.8571428572,670017.5333333333
2015-11-29,U,365314,312990,678304,2015,11,6,Before 2020,333,396926.0,338408.0,840246.0,519271.85714285716,655319.4666666667
2015-11-30,W,870662,756626,1627288,2015,11,0,Before 2020,334,312990.0,781545.0,418362.0,515640.71428571426,637744.2666666667
2015-12-01,W,949925,794768,1744693,2015,12,1,Before 2020,335,756626.0,805812.0,378873.0,512080.85714285716,649019.7333333333
2015-12-02,W,906715,792020,1698735,2015,12,2,Before 2020,336,794768.0,667707.0,817657.0,510503.14285714284,662882.9
2015-12-03,W,940609,807065,1747674,2015,12,3,Before 2020,337,792020.0,234285.0,830460.0,528262.1428571428,662028.3333333334
2015-12-04,W,930083,815301,1745384,2015,12,4,Before 2020,338,807065.0,410220.0,842035.0,610087.8571428572,661248.5
2015-12-05,A,566882,501339,1068221,2015,12,5,Before 2020,339,815301.0,396926.0,851684.0,667956.5714285715,660357.3666666667
2015-12-06,U,411174,360066,771240,2015,12,6,Before 2020,340,501339.0,312990.0,832872.0,682872.7142857143,648679.2
2015-12-07,W,898172,758242,1656414,2015,12,0,Before 2020,341,360066.0,756626.0,496404.0,689597.8571428572,632919.0
2015-12-08,W,910018,775695,1685713,2015,12,1,Before 2020,342,758242.0,794768.0,379185.0,689828.7142857143,641646.9333333333
2015-12-09,W,916281,789224,1705505,2015,12,2,Before 2020,343,775695.0,792020.0,811177.0,687104.0,654863.9333333333
2015-12-10,W,909606,796080,1705686,2015,12,3,Before 2020,344,789224.0,807065.0,832141.0,686704.5714285715,654132.1666666666
2015-12-11,W,912854,801907,1714761,2015,12,4,Before 2020,345,796080.0,815301.0,738828.0,685135.2857142857,652930.1333333333
2015-12-12,A,541305,491199,1032504,2015,12,5,Before 2020,346,801907.0,501339.0,820988.0,683221.8571428572,655032.7666666667
2015-12-13,U,383666,344084,727750,2015,12,6,Before 2020,347,491199.0,360066.0,804273.0,681773.2857142857,644039.8
2015-12-14,W,849106,728299,1577405,2015,12,0,Before 2020,348,344084.0,758242.0,475091.0,679490.1428571428,628700.1666666666
2015-12-15,W,884506,755882,1640388,2015,12,1,Before 2020,349,728299.0,775695.0,352488.0,675212.5714285715,637140.4333333333
2015-12-16,W,871638,755292,1626930,2015,12,2,Before 2020,350,755882.0,789224.0,797597.0,672382.1428571428,650586.9
2015-12-17,W,864846,752203,1617049,2015,12,3,Before 2020,351,755292.0,796080.0,801291.0,667534.7142857143,649176.7333333333
2015-12-18,W,846033,738908,1584941,2015,12,4,Before 2020,352,752203.0,801907.0,808901.0,661266.5714285715,647540.4666666667
2015-12-19,A,506208,423960,930168,2015,12,5,Before 2020,353,738908.0,491199.0,811595.0,652266.7142857143,645207.3666666667
2015-12-20,U,392051,326681,718732,2015,12,6,Before 2020,354,423960.0,344084.0,812590.0,642661.1428571428,632286.2
2015-12-21,W,696473,644071,1340544,2015,12,0,Before 2020,355,326681.0,728299.0,469943.0,640175.0,616089.2333333333
2015-12-22,W,722061,664559,1386620,2015,12,1,Before 2020,356,644071.0,755882.0,338408.0,628142.4285714285,621893.5
2015-12-23,W,654312,571814,1226126,2015,12,2,Before 2020,357,664559.0,755292.0,781545.0,615096.2857142857,632765.2
2015-12-24,W,531521,378784,910305,2015,12,3,Before 2020,358,571814.0,752203.0,805812.0,588885.1428571428,625774.1666666666
2015-12-25,U,231718,162100,393818,2015,12,4,Before 2020,359,378784.0,738908.0,667707.0,535539.5714285715,611539.9
2015-12-26,A,387357,292832,680189,2015,12,5,Before 2020,360,162100.0,423960.0,234285.0,453138.4285714286,594686.3333333334
2015-12-27,U,334737,272169,606906,2015,12,6,Before 2020,361,292832.0,326681.0,410220.0,434405.85714285716,596637.9
2015-12-28,W,514171,484349,998520,2015,12,0,Before 2020,362,272169.0,644071.0,396926.0,426618.4285714286,592036.2
2015-12-29,W,638221,571322,1209543,2015,12,1,Before 2020,363,484349.0,664559.0,312990.0,403801.0,594950.3
2015-12-30,W,636706,585337,1222043,2015,12,2,Before 2020,364,571322.0,571814.0,756626.0,390481.4285714286,603561.3666666667
2015-12-31,W,604409,565772,1170181,2015,12,3,Before 2020,365,585337.0,378784.0,794768.0,392413.28571428574,597851.7333333333
2016-01-01,U,303321,319835,623156,2016,1,4,Before 2020,1,565772.0,162100.0,792020.0,419125.85714285716,590218.5333333333
2016-01-02,A,448859,365509,814368,2016,1,5,Before 2020,2,319835.0,292832.0,807065.0,441659.4285714286,574479.0333333333
2016-01-03,U,340540,287661,628201,2016,1,6,Before 2020,3,365509.0,272169.0,815301.0,452041.85714285716,559760.5
2016-01-04,W,829429,703185,1532614,2016,1,0,Before 2020,4,287661.0,484349.0,501339.0,454255.0,542172.5
2016-01-05,W,846789,727716,1574505,2016,1,1,Before 2020,5,703185.0,571322.0,360066.0,485517.28571428574,548900.7
2016-01-06,W,853904,733167,1587071,2016,1,2,Before 2020,6,727716.0,585337.0,758242.0,507859.28571428574,561155.7
2016-01-07,W,846274,736809,1583083,2016,1,3,Before 2020,7,733167.0,565772.0,775695.0,528977.8571428572,560319.8666666667
2016-01-08,W,841494,732495,1573989,2016,1,4,Before 2020,8,736809.0,319835.0,789224.0,553411.7142857143,559023.6666666666
2016-01-09,A,469539,391597,861136,2016,1,5,Before 2020,9,732495.0,365509.0,796080.0,612363.1428571428,557132.7
2016-01-10,U,306896,263073,569969,2016,1,6,Before 2020,10,391597.0,287661.0,801907.0,616090.0,543649.9333333333
2016-01-11,W,753006,694734,1447740,2016,1,0,Before 2020,11,263073.0,703185.0,491199.0,612577.4285714285,525688.8
2016-01-12,W,760149,705694,1465843,2016,1,1,Before 2020,12,694734.0,727716.0,344084.0,611370.1428571428,532473.3
2016-01-13,W,787220,716663,1503883,2016,1,2,Before 2020,13,705694.0,733167.0,728299.0,608224.1428571428,544526.9666666667
2016-01-14,W,859099,758116,1617215,2016,1,3,Before 2020,14,716663.0,736809.0,755882.0,605866.4285714285,544139.1
2016-01-15,W,858032,742622,1600654,2016,1,4,Before 2020,15,758116.0,732495.0,755292.0,608910.2857142857,544213.5666666667
2016-01-16,A,486797,404212,891009,2016,1,5,Before 2020,16,742622.0,391597.0,752203.0,610357.0,543791.2333333333
2016-01-17,U,266532,241160,507692,2016,1,6,Before 2020,17,404212.0,263073.0,738908.0,612159.1428571428,532191.5333333333
2016-01-18,W,439597,405686,845283,2016,1,0,Before 2020,18,241160.0,694734.0,423960.0,609028.7142857143,515599.93333333335
2016-01-19,W,810646,727458,1538104,2016,1,1,Before 2020,19,405686.0,705694.0,326681.0,567736.1428571428,514990.8
2016-01-20,W,856911,758524,1615435,2016,1,2,Before 2020,20,727458.0,716663.0,644071.0,570845.2857142857,528350.0333333333
2016-01-21,W,873177,766262,1639439,2016,1,3,Before 2020,21,758524.0,758116.0,664559.0,576825.4285714285,532165.1333333333
2016-01-22,W,841282,745168,1586450,2016,1,4,Before 2020,22,766262.0,742622.0,571814.0,577989.1428571428,535555.2333333333
2016-01-23,A,487975,416999,904974,2016,1,5,Before 2020,23,745168.0,404212.0,378784.0,578352.8571428572,541333.7
2016-01-24,U,352859,293804,646663,2016,1,6,Before 2020,24,416999.0,241160.0,162100.0,580179.5714285715,542607.5333333333
2016-01-25,W,865486,751104,1616590,2016,1,0,Before 2020,25,293804.0,405686.0,292832.0,587700.1428571428,546997.6666666666
2016-01-26,W,872768,764023,1636791,2016,1,1,Before 2020,26,751104.0,727458.0,272169.0,637045.5714285715,562273.4
2016-01-27,W,882832,768241,1651073,2016,1,2,Before 2020,27,764023.0,758524.0,484349.0,642269.1428571428,578668.5333333333
2016-01-28,W,877280,771161,1648441,2016,1,3,Before 2020,28,768241.0,766262.0,571322.0,643657.2857142857,588131.6
2016-01-29,W,863548,751090,1614638,2016,1,4,Before 2020,29,771161.0,745168.0,585337.0,644357.1428571428,594792.9
2016-01-30,A,510514,427874,938388,2016,1,5,Before 2020,30,751090.0,416999.0,565772.0,645203.1428571428,600318.0
2016-01-31,U,358361,293056,651417,2016,1,6,Before 2020,31,427874.0,293804.0,319835.0,646756.7142857143,595721.4
2016-02-01,W,926781,759849,1686630,2016,2,0,Before 2020,32,293056.0,751104.0,365509.0,646649.8571428572,594828.7666666667
2016-02-02,W,833911,739247,1573158,2016,2,1,Before 2020,33,759849.0,764023.0,287661.0,647899.1428571428,607973.4333333333
2016-02-03,W,925655,772821,1698476,2016,2,2,Before 2020,34,739247.0,768241.0,703185.0,644359.7142857143,623026.3
2016-02-04,W,901406,778227,1679633,2016,2,3,Before 2020,35,772821.0,771161.0,727716.0,645014.0,625347.5
2016-02-05,W,785587,731495,1517082,2016,2,4,Before 2020,36,778227.0,751090.0,733167.0,646023.4285714285,627031.2
2016-02-06,A,522296,423602,945898,2016,2,5,Before 2020,37,731495.0,427874.0,736809.0,643224.1428571428,626975.4666666667
2016-02-07,U,377642,301141,678783,2016,2,6,Before 2020,38,423602.0,293056.0,732495.0,642613.8571428572,616535.2333333333
2016-02-08,W,856547,733387,1589934,2016,2,0,Before 2020,39,301141.0,759849.0,391597.0,643768.8571428572,602156.7666666667
2016-02-09,W,858961,752849,1611810,2016,2,1,Before 2020,40,733387.0,739247.0,263073.0,639988.5714285715,613549.7666666667
2016-02-10,W,850090,742445,1592535,2016,2,2,Before 2020,41,752849.0,772821.0,694734.0,641931.7142857143,629875.6333333333
2016-02-11,W,866884,752703,1619587,2016,2,3,Before 2020,42,742445.0,778227.0,705694.0,637592.2857142857,631466.0
2016-02-12,W,820833,706242,1527075,2016,2,4,Before 2020,43,752703.0,731495.0,716663.0,633946.0,633032.9666666667
2016-02-13,A,438203,392095,830298,2016,2,5,Before 2020,44,706242.0,423602.0,758116.0,630338.4285714285,632685.6
2016-02-14,U,339238,314191,653429,2016,2,6,Before 2020,45,392095.0,301141.0,742622.0,625837.4285714285,620484.9
2016-02-15,W,605584,548390,1153974,2016,2,0,Before 2020,46,314191.0,733387.0,404212.0,627701.7142857143,606203.8666666667
2016-02-16,W,883108,764147,1647255,2016,2,1,Before 2020,47,548390.0,752849.0,241160.0,601273.5714285715,611009.8
2016-02-17,W,889758,766940,1656698,2016,2,2,Before 2020,48,764147.0,742445.0,405686.0,602887.5714285715,628442.7
2016-02-18,W,890627,773317,1663944,2016,2,3,Before 2020,49,766940.0,752703.0,727458.0,606386.8571428572,640484.5
2016-02-19,W,887914,761996,1649910,2016,2,4,Before 2020,50,773317.0,706242.0,758524.0,609331.7142857143,642013.1333333333
2016-02-20,A,566721,464149,1030870,2016,2,5,Before 2020,51,761996.0,392095.0,766262.0,617296.5714285715,642128.8666666667
2016-02-21,U,378769,311190,689959,2016,2,6,Before 2020,52,464149.0,314191.0,745168.0,627590.0,632058.4333333333
2016-02-22,W,869531,745072,1614603,2016,2,0,Before 2020,53,311190.0,548390.0,416999.0,627161.2857142857,617592.5
2016-02-23,W,890949,765309,1656258,2016,2,1,Before 2020,54,745072.0,764147.0,293804.0,655258.7142857143,628528.2666666667
2016-02-24,W,795160,725712,1520872,2016,2,2,Before 2020,55,765309.0,766940.0,751104.0,655424.7142857143,644245.1
2016-02-25,W,855117,762858,1617975,2016,2,3,Before 2020,56,725712.0,773317.0,764023.0,649535.0,643398.7
2016-02-26,W,865397,749991,1615388,2016,2,4,Before 2020,57,762858.0,761996.0,768241.0,648040.8571428572,643359.8666666667
2016-02-27,A,536678,455421,992099,2016,2,5,Before 2020,58,749991.0,464149.0,771161.0,646325.8571428572,642751.5333333333
2016-02-28,U,385121,323758,708879,2016,2,6,Before 2020,59,455421.0,311190.0,751090.0,645079.0,632226.8666666667
2016-02-29,W,862380,742972,1605352,2016,2,0,Before 2020,60,323758.0,745072.0,427874.0,646874.4285714285,617982.4666666667
2016-03-01,W,859775,741922,1601697,2016,3,1,Before 2020,61,742972.0,765309.0,293056.0,646574.4285714285,628485.7333333333
2016-03-02,W,878633,760062,1638695,2016,3,2,Before 2020,62,741922.0,725712.0,759849.0,643233.4285714285,643447.9333333333
2016-03-03,W,882188,764033,1646221,2016,3,3,Before 2020,63,760062.0,762858.0,739247.0,648140.5714285715,643455.0333333333
2016-03-04,W,883059,754750,1637809,2016,3,4,Before 2020,64,764033.0,749991.0,772821.0,648308.4285714285,644281.2333333333
2016-03-05,A,503983,421193,925176,2016,3,5,Before 2020,65,754750.0,455421.0,778227.0,648988.2857142857,643678.8666666667
2016-03-06,U,393610,327173,720783,2016,3,6,Before 2020,66,421193.0,323758.0,731495.0,644098.5714285715,631777.7333333333
2016-03-07,W,866171,739174,1605345,2016,3,0,Before 2020,67,327173.0,742972.0,423602.0,644586.4285714285,618300.3333333334
2016-03-08,W,902888,781301,1684189,2016,3,1,Before 2020,68,739174.0,741922.0,301141.0,644043.8571428572,628819.4
2016-03-09,W,882030,768961,1650991,2016,3,2,Before 2020,69,781301.0,760062.0,733387.0,649669.4285714285,644824.7333333333
2016-03-10,W,888084,780687,1668771,2016,3,3,Before 2020,70,768961.0,764033.0,752849.0,650940.7142857143,646010.5333333333
2016-03-11,W,886599,797977,1684576,2016,3,4,Before 2020,71,780687.0,754750.0,742445.0,653319.8571428572,646938.4666666667
2016-03-12,A,542246,605182,1147428,2016,3,5,Before 2020,72,797977.0,421193.0,752703.0,659495.1428571428,648789.5333333333
2016-03-13,U,332203,303129,635332,2016,3,6,Before 2020,73,605182.0,327173.0,706242.0,685779.2857142857,643872.1666666666
2016-03-14,W,870740,766595,1637335,2016,3,0,Before 2020,74,303129.0,739174.0,392095.0,682344.4285714285,630435.0666666667
2016-03-15,W,887592,769441,1657033,2016,3,1,Before 2020,75,766595.0,781301.0,314191.0,686261.7142857143,642918.4
2016-03-16,W,876232,779846,1656078,2016,3,2,Before 2020,76,769441.0,768961.0,548390.0,684567.4285714285,658093.4
2016-03-17,W,891580,793590,1685170,2016,3,3,Before 2020,77,779846.0,780687.0,764147.0,686122.4285714285,665808.6
2016-03-18,W,875707,765919,1641626,2016,3,4,Before 2020,78,793590.0,797977.0,766940.0,687965.7142857143,666790.0333333333
2016-03-19,A,520426,438020,958446,2016,3,5,Before 2020,79,765919.0,605182.0,773317.0,683386.0,666756.0
2016-03-20,U,388282,318670,706952,2016,3,6,Before 2020,80,438020.0,303129.0,761996.0,659505.7142857143,655579.4333333333
2016-03-21,W,845669,707127,1552796,2016,3,0,Before 2020,81,318670.0,766595.0,464149.0,661725.8571428572,640801.9
2016-03-22,W,863201,727343,1590544,2016,3,1,Before 2020,82,707127.0,769441.0,311190.0,653230.4285714285,648901.1666666666
2016-03-23,W,838201,714672,1552873,2016,3,2,Before 2020,83,727343.0,779846.0,745072.0,647216.4285714285,662772.9333333333
2016-03-24,W,770638,689517,1460155,2016,3,3,Before 2020,84,714672.0,793590.0,765309.0,637905.8571428572,661759.6
2016-03-25,W,722960,650870,1373830,2016,3,4,Before 2020,85,689517.0,765919.0,725712.0,623038.2857142857,659233.2
2016-03-26,A,518549,415919,934468,2016,3,5,Before 2020,86,650870.0,438020.0,762858.0,606602.7142857143,656738.4666666667
2016-03-27,U,342269,278098,620367,2016,3,6,Before 2020,87,415919.0,318670.0,749991.0,603445.4285714285,645173.8333333334
2016-03-28,W,842760,731858,1574618,2016,3,0,Before 2020,88,278098.0,707127.0,455421.0,597649.4285714285,629444.0666666667
2016-03-29,W,891134,766072,1657206,2016,3,1,Before 2020,89,731858.0,727343.0,323758.0,601182.4285714285,638658.6333333333
2016-03-30,W,860700,750353,1611053,2016,3,2,Before 2020,90,766072.0,714672.0,742972.0,606715.1428571428,653402.4333333333
2016-03-31,W,832775,758014,1590789,2016,3,3,Before 2020,91,750353.0,689517.0,741922.0,611812.4285714285,653648.4666666667
2016-04-01,W,848592,767974,1616566,2016,4,4,Before 2020,92,758014.0,650870.0,760062.0,621597.7142857143,654184.8666666667
2016-04-02,A,492072,406616,898688,2016,4,5,Before 2020,93,767974.0,415919.0,764033.0,638326.8571428572,654448.6
2016-04-03,U,396042,345432,741474,2016,4,6,Before 2020,94,406616.0,278098.0,754750.0,636997.8571428572,642534.7
2016-04-04,W,857791,741710,1599501,2016,4,0,Before 2020,95,345432.0,731858.0,421193.0,646617.0,628890.7666666667
2016-04-05,W,898889,774877,1673766,2016,4,1,Before 2020,96,741710.0,766072.0,327173.0,648024.4285714285,639574.6666666666
2016-04-06,W,851050,763128,1614178,2016,4,2,Before 2020,97,774877.0,750353.0,739174.0,649282.2857142857,654498.1333333333
2016-04-07,W,867670,786281,1653951,2016,4,3,Before 2020,98,763128.0,758014.0,781301.0,651107.2857142857,655296.6
2016-04-08,W,782419,753786,1536205,2016,4,4,Before 2020,99,786281.0,767974.0,768961.0,655145.4285714285,655462.6
2016-04-09,A,509980,446082,956062,2016,4,5,Before 2020,100,753786.0,406616.0,780687.0,653118.5714285715,654956.7666666667
2016-04-10,U,345627,301954,647581,2016,4,6,Before 2020,101,446082.0,345432.0,797977.0,658756.5714285715,643803.2666666667
2016-04-11,W,878043,789042,1667085,2016,4,0,Before 2020,102,301954.0,741710.0,605182.0,652545.4285714285,627269.1666666666
2016-04-12,W,886265,777658,1663923,2016,4,1,Before 2020,103,789042.0,774877.0,303129.0,659307.1428571428,633397.8333333334
2016-04-13,W,850705,796616,1647321,2016,4,2,Before 2020,104,777658.0,763128.0,766595.0,659704.4285714285,649215.4666666667
2016-04-14,W,863513,805071,1668584,2016,4,3,Before 2020,105,796616.0,786281.0,769441.0,664488.4285714285,650216.1666666666
2016-04-15,W,881603,806015,1687618,2016,4,4,Before 2020,106,805071.0,753786.0,779846.0,667172.7142857143,651403.8333333334
2016-04-16,A,554744,505299,1060043,2016,4,5,Before 2020,107,806015.0,446082.0,793590.0,674634.0,652276.1333333333
2016-04-17,U,409732,376485,786217,2016,4,6,Before 2020,108,505299.0,301954.0,765919.0,683093.5714285715,642666.4333333333
2016-04-18,W,785035,732335,1517370,2016,4,0,Before 2020,109,376485.0,789042.0,438020.0,693740.8571428572,629685.3
2016-04-19,W,765854,741141,1506995,2016,4,1,Before 2020,110,732335.0,777658.0,318670.0,685639.8571428572,639495.8
2016-04-20,W,774694,745040,1519734,2016,4,2,Before 2020,111,741141.0,796616.0,707127.0,680423.1428571428,653578.1666666666
2016-04-21,W,768704,754746,1523450,2016,4,3,Before 2020,112,745040.0,805071.0,727343.0,673055.1428571428,654841.9333333333
2016-04-22,W,745475,721051,1466526,2016,4,4,Before 2020,113,754746.0,806015.0,714672.0,665865.8571428572,655755.3666666667
2016-04-23,A,503944,445282,949226,2016,4,5,Before 2020,114,721051.0,505299.0,689517.0,653728.1428571428,655968.0
2016-04-24,U,397080,343644,740724,2016,4,6,Before 2020,115,445282.0,376485.0,650870.0,645154.2857142857,647826.8333333334
2016-04-25,W,854155,751951,1606106,2016,4,0,Before 2020,116,343644.0,732335.0,415919.0,640462.7142857143,637585.9666666667
2016-04-26,W,862743,782134,1644877,2016,4,1,Before 2020,117,751951.0,741141.0,278098.0,643265.0,648787.0333333333
2016-04-27,W,856722,782591,1639313,2016,4,2,Before 2020,118,782134.0,745040.0,731858.0,649121.1428571428,665588.2333333333
2016-04-28,W,851720,821158,1672878,2016,4,3,Before 2020,119,782591.0,754746.0,766072.0,654485.5714285715,667279.3333333334
2016-04-29,W,893284,815629,1708913,2016,4,4,Before 2020,120,821158.0,721051.0,750353.0,663973.0,669115.5333333333
2016-04-30,A,474138,416588,890726,2016,4,5,Before 2020,121,815629.0,445282.0,758014.0,677484.1428571428,671291.4
2016-05-01,U,376131,334275,710406,2016,5,6,Before 2020,122,416588.0,343644.0,767974.0,673385.0,659910.5333333333
2016-05-02,W,878407,751259,1629666,2016,5,0,Before 2020,123,334275.0,751951.0,406616.0,672046.5714285715,645453.9
2016-05-03,W,879141,769834,1648975,2016,5,1,Before 2020,124,751259.0,782134.0,345432.0,671947.7142857143,656942.0
2016-05-04,W,879217,767760,1646977,2016,5,2,Before 2020,125,769834.0,782591.0,741710.0,670190.5714285715,671088.7333333333
2016-05-05,W,898541,818665,1717206,2016,5,3,Before 2020,126,767760.0,821158.0,774877.0,668071.8571428572,671957.0666666667
2016-05-06,W,877873,814758,1692631,2016,5,4,Before 2020,127,818665.0,815629.0,763128.0,667715.7142857143,673416.6666666666
2016-05-07,A,512770,484312,997082,2016,5,5,Before 2020,128,814758.0,416588.0,786281.0,667591.2857142857,675137.6666666666
2016-05-08,U,393146,357946,751092,2016,5,6,Before 2020,129,484312.0,334275.0,753786.0,677266.1428571428,665072.0333333333
2016-05-09,W,815440,736551,1551991,2016,5,0,Before 2020,130,357946.0,751259.0,446082.0,680647.7142857143,651877.3666666667
2016-05-10,W,827322,761469,1588791,2016,5,1,Before 2020,131,736551.0,769834.0,301954.0,678546.5714285715,661559.6666666666
2016-05-11,W,873275,804156,1677431,2016,5,2,Before 2020,132,761469.0,767760.0,789042.0,677351.5714285715,676876.8333333334
2016-05-12,W,849532,775198,1624730,2016,5,3,Before 2020,133,804156.0,818665.0,777658.0,682551.0,677380.6333333333
2016-05-13,W,852594,787476,1640070,2016,5,4,Before 2020,134,775198.0,814758.0,796616.0,676341.4285714285,677298.6333333333
2016-05-14,A,497514,455838,953352,2016,5,5,Before 2020,135,787476.0,484312.0,805071.0,672444.0,676993.9666666667
2016-05-15,U,384799,360008,744807,2016,5,6,Before 2020,136,455838.0,357946.0,806015.0,668376.2857142857,665352.8666666667
2016-05-16,W,836089,730287,1566376,2016,5,0,Before 2020,137,360008.0,736551.0,505299.0,668670.8571428572,650485.9666666667
2016-05-17,W,839788,748287,1588075,2016,5,1,Before 2020,138,730287.0,761469.0,376485.0,667776.0,657985.5666666667
2016-05-18,W,856701,757395,1614096,2016,5,2,Before 2020,139,748287.0,804156.0,732335.0,665892.8571428572,670378.9666666667
2016-05-19,W,855438,772464,1627902,2016,5,3,Before 2020,140,757395.0,775198.0,741141.0,659212.7142857143,671214.3
2016-05-20,W,834308,756160,1590468,2016,5,4,Before 2020,141,772464.0,787476.0,745040.0,658822.1428571428,672258.4
2016-05-21,A,513934,460385,974319,2016,5,5,Before 2020,142,756160.0,455838.0,754746.0,654348.4285714285,672629.0666666667
2016-05-22,U,393684,357897,751581,2016,5,6,Before 2020,143,460385.0,360008.0,721051.0,654998.0,662817.0333333333
2016-05-23,W,839566,748976,1588542,2016,5,0,Before 2020,144,357897.0,730287.0,445282.0,654696.4285714285,650711.9
2016-05-24,W,854725,767439,1622164,2016,5,1,Before 2020,145,748976.0,748287.0,343644.0,657366.2857142857,660835.0333333333
2016-05-25,W,833427,754244,1587671,2016,5,2,Before 2020,146,767439.0,757395.0,751951.0,660102.2857142857,674961.5333333333
2016-05-26,W,853656,775073,1628729,2016,5,3,Before 2020,147,754244.0,772464.0,782134.0,659652.1428571428,675037.9666666667
2016-05-27,W,808244,757981,1566225,2016,5,4,Before 2020,148,775073.0,756160.0,782591.0,660024.8571428572,674802.6
2016-05-28,A,500775,532343,1033118,2016,5,5,Before 2020,149,757981.0,460385.0,821158.0,660285.0,673982.2666666667
2016-05-29,U,409978,430982,840960,2016,5,6,Before 2020,150,532343.0,357897.0,815629.0,670564.7142857143,664355.1
2016-05-30,U,394914,389143,784057,2016,5,0,Before 2020,151,430982.0,748976.0,416588.0,681005.4285714285,651533.5333333333
2016-05-31,W,801439,753953,1555392,2016,5,1,Before 2020,152,389143.0,767439.0,334275.0,629600.7142857143,650618.7
2016-06-01,W,872679,788650,1661329,2016,6,2,Before 2020,153,753953.0,754244.0,751259.0,627674.1428571428,664607.9666666667
2016-06-02,W,873112,815928,1689040,2016,6,3,Before 2020,154,788650.0,775073.0,769834.0,632589.2857142857,665854.3333333334
2016-06-03,W,892290,824890,1717180,2016,6,4,Before 2020,155,815928.0,757981.0,767760.0,638425.7142857143,667390.8
2016-06-04,A,504778,462308,967086,2016,6,5,Before 2020,156,824890.0,532343.0,818665.0,647984.1428571428,669295.1333333333
2016-06-05,U,415836,395977,811813,2016,6,6,Before 2020,157,462308.0,430982.0,814758.0,637979.1428571428,657416.5666666667
2016-06-06,W,854036,762707,1616743,2016,6,0,Before 2020,158,395977.0,389143.0,484312.0,632978.4285714285,643457.2
2016-06-07,W,863284,795251,1658535,2016,6,1,Before 2020,159,762707.0,753953.0,357946.0,686344.7142857143,652737.0333333333
2016-06-08,W,866785,791667,1658452,2016,6,2,Before 2020,160,795251.0,788650.0,736551.0,692244.4285714285,667313.8666666667
2016-06-09,W,828551,789678,1618229,2016,6,3,Before 2020,161,791667.0,815928.0,761469.0,692675.4285714285,669151.0666666667
2016-06-10,W,862529,853441,1715970,2016,6,4,Before 2020,162,789678.0,824890.0,804156.0,688925.4285714285,670091.3666666667
2016-06-11,A,530558,542809,1073367,2016,6,5,Before 2020,163,853441.0,462308.0,775198.0,693004.1428571428,671734.2
2016-06-12,U,409577,414048,823625,2016,6,6,Before 2020,164,542809.0,395977.0,787476.0,704504.2857142857,663987.9
2016-06-13,W,827684,760210,1587894,2016,6,0,Before 2020,165,414048.0,762707.0,455838.0,707085.8571428572,651540.3
2016-06-14,W,834141,778823,1612964,2016,6,1,Before 2020,166,760210.0,795251.0,360008.0,706729.1428571428,661686.0333333333
2016-06-15,W,845450,786422,1631872,2016,6,2,Before 2020,167,778823.0,791667.0,730287.0,704382.2857142857,675646.5333333333
2016-06-16,W,832864,777260,1610124,2016,6,3,Before 2020,168,786422.0,789678.0,748287.0,703633.0,677517.7
2016-06-17,W,832088,818467,1650555,2016,6,4,Before 2020,169,777260.0,853441.0,757395.0,701859.0,678483.4666666667
2016-06-18,A,526402,520856,1047258,2016,6,5,Before 2020,170,818467.0,542809.0,772464.0,696862.7142857143,680519.2
2016-06-19,U,405719,396078,801797,2016,6,6,Before 2020,171,520856.0,414048.0,756160.0,693726.5714285715,672132.2666666667
2016-06-20,W,785446,762810,1548256,2016,6,0,Before 2020,172,396078.0,760210.0,460385.0,691159.4285714285,660129.5333333333
2016-06-21,W,834157,810149,1644306,2016,6,1,Before 2020,173,762810.0,778823.0,357897.0,691530.8571428572,670210.3666666667
2016-06-22,W,707452,755165,1462617,2016,6,2,Before 2020,174,810149.0,786422.0,748976.0,696006.0,685285.4333333333
2016-06-23,W,757817,760840,1518657,2016,6,3,Before 2020,175,755165.0,777260.0,767439.0,691540.7142857143,685491.7333333333
2016-06-24,W,762562,781653,1544215,2016,6,4,Before 2020,176,760840.0,818467.0,754244.0,689195.0,685271.7666666667
2016-06-25,A,531261,506223,1037484,2016,6,5,Before 2020,177,781653.0,520856.0,775073.0,683935.8571428572,686185.4
2016-06-26,U,380689,453679,834368,2016,6,6,Before 2020,178,506223.0,396078.0,757981.0,681845.4285714285,677223.7333333333
2016-06-27,W,753543,723488,1477031,2016,6,0,Before 2020,179,453679.0,762810.0,532343.0,690074.1428571428,667080.3333333334
2016-06-28,W,771611,748753,1520364,2016,6,1,Before 2020,180,723488.0,810149.0,430982.0,684456.7142857143,673451.8333333334
2016-06-29,W,774728,754918,1529646,2016,6,2,Before 2020,181,748753.0,755165.0,389143.0,675685.8571428572,684044.2
2016-06-30,W,763112,783020,1546132,2016,6,3,Before 2020,182,754918.0,760840.0,753953.0,675650.5714285715,696236.7
2016-07-01,W,798706,726939,1525645,2016,7,4,Before 2020,183,783020.0,781653.0,788650.0,678819.1428571428,697205.6
2016-07-02,A,530654,448200,978854,2016,7,5,Before 2020,184,726939.0,506223.0,815928.0,671002.8571428572,695148.5666666667
2016-07-03,U,415172,376896,792068,2016,7,6,Before 2020,185,448200.0,453679.0,824890.0,662713.8571428572,682890.9666666667
2016-07-04,U,393858,410925,804783,2016,7,0,Before 2020,186,376896.0,723488.0,462308.0,651744.8571428572,667957.8333333334
2016-07-05,W,769179,735491,1504670,2016,7,1,Before 2020,187,410925.0,748753.0,395977.0,607093.0,666245.0666666667
2016-07-06,W,771626,788995,1560621,2016,7,2,Before 2020,188,735491.0,754918.0,762707.0,605198.4285714285,677562.2
2016-07-07,W,769513,774128,1543641,2016,7,3,Before 2020,189,788995.0,783020.0,795251.0,610066.5714285715,678438.4666666667
2016-07-08,W,786823,790177,1577000,2016,7,4,Before 2020,190,774128.0,726939.0,791667.0,608796.2857142857,677734.3666666667
2016-07-09,A,536269,515738,1052007,2016,7,5,Before 2020,191,790177.0,448200.0,789678.0,617830.2857142857,677684.7
2016-07-10,U,409685,397778,807463,2016,7,6,Before 2020,192,515738.0,376896.0,853441.0,627478.5714285715,668553.3666666667
2016-07-11,W,769128,739158,1508286,2016,7,0,Before 2020,193,397778.0,410925.0,542809.0,630461.7142857143,653364.6
2016-07-12,W,782892,749136,1532028,2016,7,1,Before 2020,194,739158.0,735491.0,414048.0,677352.1428571428,659909.5666666667
2016-07-13,W,762764,742502,1505266,2016,7,2,Before 2020,195,749136.0,788995.0,760210.0,679301.4285714285,671079.1666666666
2016-07-14,W,794813,775495,1570308,2016,7,3,Before 2020,196,742502.0,774128.0,778823.0,672659.5714285715,670488.9
2016-07-15,W,769172,804635,1573807,2016,7,4,Before 2020,197,775495.0,790177.0,786422.0,672854.8571428572,670377.9666666667
2016-07-16,A,529240,528345,1057585,2016,7,5,Before 2020,198,804635.0,515738.0,777260.0,674920.2857142857,670985.0666666667
2016-07-17,U,372190,409174,781364,2016,7,6,Before 2020,199,528345.0,397778.0,818467.0,676721.2857142857,662687.9
2016-07-18,W,774239,768719,1542958,2016,7,0,Before 2020,200,409174.0,739158.0,520856.0,678349.2857142857,649044.8
2016-07-19,W,795162,797424,1592586,2016,7,1,Before 2020,201,768719.0,749136.0,396078.0,682572.2857142857,657306.9
2016-07-20,W,788803,794496,1583299,2016,7,2,Before 2020,202,797424.0,742502.0,762810.0,689470.5714285715,670685.1
2016-07-21,W,737845,753156,1491001,2016,7,3,Before 2020,203,794496.0,775495.0,810149.0,696898.2857142857,671741.3
2016-07-22,W,745409,747479,1492888,2016,7,4,Before 2020,204,753156.0,804635.0,755165.0,693707.0,669841.5333333333
2016-07-23,A,472199,457178,929377,2016,7,5,Before 2020,205,747479.0,528345.0,760840.0,685541.8571428572,669585.3333333334
2016-07-24,U,370394,346616,717010,2016,7,6,Before 2020,206,457178.0,409174.0,781653.0,675375.1428571428,659463.2666666667
2016-07-25,W,757860,744827,1502687,2016,7,0,Before 2020,207,346616.0,768719.0,506223.0,666438.2857142857,644962.0333333333
2016-07-26,W,786060,777948,1564008,2016,7,1,Before 2020,208,744827.0,797424.0,453679.0,663025.1428571428,652915.5
2016-07-27,W,789537,831925,1621462,2016,7,2,Before 2020,209,777948.0,794496.0,723488.0,660242.8571428572,663724.4666666667
2016-07-28,W,745499,867964,1613463,2016,7,3,Before 2020,210,831925.0,753156.0,748753.0,665589.8571428572,667339.0333333333
2016-07-29,W,739138,868062,1607200,2016,7,4,Before 2020,211,867964.0,747479.0,754918.0,681991.0,671312.7333333333
2016-07-30,A,503786,576267,1080053,2016,7,5,Before 2020,212,868062.0,457178.0,783020.0,699217.1428571428,675084.2
2016-07-31,U,400504,472314,872818,2016,7,6,Before 2020,213,576267.0,346616.0,726939.0,716229.8571428572,668192.4333333333
2016-08-01,W,805970,779020,1584990,2016,8,0,Before 2020,214,472314.0,744827.0,448200.0,734186.7142857143,659704.9333333333
2016-08-02,W,795778,779493,1575271,2016,8,1,Before 2020,215,779020.0,777948.0,376896.0,739071.4285714285,670732.2666666667
2016-08-03,W,822281,785246,1607527,2016,8,2,Before 2020,216,779493.0,831925.0,410925.0,739292.1428571428,684152.1666666666
2016-08-04,W,783253,755236,1538489,2016,8,3,Before 2020,217,785246.0,867964.0,735491.0,732623.7142857143,696629.5333333333
2016-08-05,W,779186,747672,1526858,2016,8,4,Before 2020,218,755236.0,868062.0,788995.0,716519.7142857143,697287.7
2016-08-06,A,539382,467180,1006562,2016,8,5,Before 2020,219,747672.0,576267.0,774128.0,699321.1428571428,695910.2666666667
2016-08-07,U,398288,355693,753981,2016,8,6,Before 2020,220,467180.0,472314.0,790177.0,683737.2857142857,685678.6666666666
2016-08-08,W,759970,707087,1467057,2016,8,0,Before 2020,221,355693.0,779020.0,515738.0,667077.1428571428,671195.8666666667
2016-08-09,W,781438,769199,1550637,2016,8,1,Before 2020,222,707087.0,779493.0,397778.0,656801.0,677574.1666666666
2016-08-10,W,777389,765854,1543243,2016,8,2,Before 2020,223,769199.0,785246.0,739158.0,655330.4285714285,689954.8666666667
2016-08-11,W,767967,775031,1542998,2016,8,3,Before 2020,224,765854.0,755236.0,749136.0,652560.1428571428,690844.7333333333
2016-08-12,W,700723,715035,1415758,2016,8,4,Before 2020,225,775031.0,747672.0,742502.0,655388.0,691707.9
2016-08-13,A,522972,488035,1011007,2016,8,5,Before 2020,226,715035.0,467180.0,775495.0,650725.5714285715,690792.3333333334
2016-08-14,U,402523,380801,783324,2016,8,6,Before 2020,227,488035.0,355693.0,804635.0,653704.8571428572,681210.3333333334
2016-08-15,W,718167,688590,1406757,2016,8,0,Before 2020,228,380801.0,707087.0,528345.0,657291.7142857143,667082.5333333333
2016-08-16,W,762943,764267,1527210,2016,8,1,Before 2020,229,688590.0,769199.0,409174.0,654649.2857142857,672424.0333333333
2016-08-17,W,759254,747942,1507196,2016,8,2,Before 2020,230,764267.0,765854.0,768719.0,653944.7142857143,684260.4666666667
2016-08-18,W,740297,743427,1483724,2016,8,3,Before 2020,231,747942.0,775031.0,797424.0,651385.8571428572,683567.9
2016-08-19,W,743211,718317,1461528,2016,8,4,Before 2020,232,743427.0,715035.0,794496.0,646871.0,681768.0
2016-08-20,A,480928,445798,926726,2016,8,5,Before 2020,233,718317.0,488035.0,753156.0,647339.8571428572,679228.7
2016-08-21,U,417057,396317,813374,2016,8,6,Before 2020,234,445798.0,380801.0,747479.0,641306.0,668983.4333333333
2016-08-22,W,764690,744165,1508855,2016,8,0,Before 2020,235,396317.0,688590.0,457178.0,643522.5714285715,657278.0333333333
2016-08-23,W,784341,744176,1528517,2016,8,1,Before 2020,236,744165.0,764267.0,346616.0,651461.8571428572,666844.2666666667
2016-08-24,W,751955,721826,1473781,2016,8,2,Before 2020,237,744176.0,747942.0,744827.0,648591.7142857143,680096.2666666667
2016-08-25,W,775862,737801,1513663,2016,8,3,Before 2020,238,721826.0,743427.0,777948.0,644860.8571428572,679329.5666666667
2016-08-26,W,797432,768053,1565485,2016,8,4,Before 2020,239,737801.0,718317.0,831925.0,644057.1428571428,677991.3333333334
2016-08-27,A,501883,451497,953380,2016,8,5,Before 2020,240,768053.0,445798.0,867964.0,651162.2857142857,675862.2666666667
2016-08-28,U,395954,343853,739807,2016,8,6,Before 2020,241,451497.0,396317.0,868062.0,651976.4285714285,661980.0333333333
2016-08-29,W,781400,750329,1531729,2016,8,0,Before 2020,242,343853.0,744165.0,576267.0,644481.5714285715,644506.4
2016-08-30,W,791868,767220,1559088,2016,8,1,Before 2020,243,750329.0,744176.0,472314.0,645362.1428571428,650308.4666666667
2016-08-31,W,815110,779334,1594444,2016,8,2,Before 2020,244,767220.0,721826.0,779020.0,648654.1428571428,660138.6666666666
2016-09-01,W,847144,784336,1631480,2016,9,3,Before 2020,245,779334.0,737801.0,779493.0,656869.5714285715,660149.1333333333
2016-09-02,W,838151,777158,1615309,2016,9,4,Before 2020,246,784336.0,768053.0,785246.0,663517.4285714285,660310.5666666667
2016-09-03,A,542836,509314,1052150,2016,9,5,Before 2020,247,777158.0,451497.0,755236.0,664818.1428571428,660040.9666666667
2016-09-04,U,427194,421479,848673,2016,9,6,Before 2020,248,509314.0,343853.0,747672.0,673077.7142857143,651843.5666666667
2016-09-05,U,399846,347259,747105,2016,9,0,Before 2020,249,421479.0,750329.0,467180.0,684167.1428571428,640970.4666666667
2016-09-06,W,910863,760434,1671297,2016,9,1,Before 2020,250,347259.0,767220.0,355693.0,626585.7142857143,636973.1
2016-09-07,W,885587,785121,1670708,2016,9,2,Before 2020,251,760434.0,779334.0,707087.0,625616.2857142857,650464.4666666667
2016-09-08,W,882599,797585,1680184,2016,9,3,Before 2020,252,785121.0,784336.0,769199.0,626443.0,653065.6
2016-09-09,W,879935,784678,1664613,2016,9,4,Before 2020,253,797585.0,777158.0,765854.0,628335.7142857143,654011.8
2016-09-10,A,510845,465562,976407,2016,9,5,Before 2020,254,784678.0,509314.0,775031.0,629410.0,654639.2666666667
2016-09-11,U,397693,354732,752425,2016,9,6,Before 2020,255,465562.0,421479.0,715035.0,623159.7142857143,644323.6333333333
2016-09-12,W,886146,784139,1670285,2016,9,0,Before 2020,256,354732.0,347259.0,488035.0,613624.4285714285,632313.5333333333
2016-09-13,W,904869,811807,1716676,2016,9,1,Before 2020,257,784139.0,760434.0,380801.0,676035.8571428572,642183.6666666666
2016-09-14,W,898125,812240,1710365,2016,9,2,Before 2020,258,811807.0,785121.0,688590.0,683374.8571428572,656550.5333333333
2016-09-15,W,907872,862105,1769977,2016,9,3,Before 2020,259,812240.0,797585.0,764267.0,687249.0,660672.2
2016-09-16,W,889307,843488,1732795,2016,9,4,Before 2020,260,862105.0,784678.0,747942.0,696466.1428571428,663933.4666666667
2016-09-17,A,537329,524421,1061750,2016,9,5,Before 2020,261,843488.0,465562.0,743427.0,704867.5714285715,667118.3333333334
2016-09-18,U,401077,402811,803888,2016,9,6,Before 2020,262,524421.0,354732.0,718317.0,713276.0,659818.1333333333
2016-09-19,W,894210,816014,1710224,2016,9,0,Before 2020,263,402811.0,784139.0,445798.0,720144.4285714285,649301.2666666667
2016-09-20,W,895184,826518,1721702,2016,9,1,Before 2020,264,816014.0,811807.0,396317.0,724698.0,661641.8
2016-09-21,W,863211,814264,1677475,2016,9,2,Before 2020,265,826518.0,812240.0,744165.0,726799.5714285715,675981.8333333334
2016-09-22,W,897609,814897,1712506,2016,9,3,Before 2020,266,814264.0,862105.0,744176.0,727088.7142857143,678318.4666666667
2016-09-23,W,880748,832417,1713165,2016,9,4,Before 2020,267,814897.0,843488.0,721826.0,720344.7142857143,680675.8333333334
2016-09-24,A,539037,529457,1068494,2016,9,5,Before 2020,268,832417.0,524421.0,737801.0,718763.1428571428,684362.2
2016-09-25,U,394810,380403,775213,2016,9,6,Before 2020,269,529457.0,402811.0,768053.0,719482.5714285715,677417.4
2016-09-26,W,884989,787408,1672397,2016,9,0,Before 2020,270,380403.0,816014.0,451497.0,716281.4285714285,664495.7333333333
2016-09-27,W,889769,795780,1685549,2016,9,1,Before 2020,271,787408.0,826518.0,343853.0,712194.8571428572,675692.7666666667
2016-09-28,W,855499,787727,1643226,2016,9,2,Before 2020,272,795780.0,814264.0,750329.0,707803.7142857143,690757.0
2016-09-29,W,870533,799130,1669663,2016,9,3,Before 2020,273,787727.0,814897.0,767220.0,704012.7142857143,692003.6
2016-09-30,W,889641,787112,1676753,2016,9,4,Before 2020,274,799130.0,832417.0,779334.0,701760.2857142857,693067.2666666667
2016-10-01,A,511504,445272,956776,2016,10,5,Before 2020,275,787112.0,529457.0,784336.0,695288.1428571428,693326.5333333333
2016-10-02,U,391845,351589,743434,2016,10,6,Before 2020,276,445272.0,380403.0,777158.0,683261.7142857143,682024.4
2016-10-03,W,912435,775906,1688341,2016,10,0,Before 2020,277,351589.0,787408.0,509314.0,679145.4285714285,667838.7666666667
2016-10-04,W,919088,799529,1718617,2016,10,1,Before 2020,278,775906.0,795780.0,421479.0,677502.2857142857,676725.1666666666
2016-10-05,W,915987,815309,1731296,2016,10,2,Before 2020,279,799529.0,787727.0,347259.0,678037.8571428572,689326.8333333334
2016-10-06,W,858960,817595,1676555,2016,10,3,Before 2020,280,815309.0,799130.0,760434.0,681978.1428571428,704928.5
2016-10-07,W,888731,877814,1766545,2016,10,4,Before 2020,281,817595.0,787112.0,785121.0,684616.0,706833.8666666667
2016-10-08,A,537610,546072,1083682,2016,10,5,Before 2020,282,877814.0,445272.0,797585.0,697573.4285714285,709923.6333333333
2016-10-09,U,368515,528189,896704,2016,10,6,Before 2020,283,546072.0,351589.0,784678.0,711973.4285714285,701539.8666666667
2016-10-10,W,714940,708958,1423898,2016,10,0,Before 2020,284,528189.0,775906.0,465562.0,737202.0,692990.2333333333
2016-10-11,W,884539,805839,1690378,2016,10,1,Before 2020,285,708958.0,799529.0,354732.0,727638.0,701103.4333333333
2016-10-12,W,847394,785404,1632798,2016,10,2,Before 2020,286,805839.0,815309.0,784139.0,728539.4285714285,716140.3333333334
2016-10-13,W,896918,828891,1725809,2016,10,3,Before 2020,287,785404.0,817595.0,811807.0,724267.2857142857,716182.5
2016-10-14,W,892797,818230,1711027,2016,10,4,Before 2020,288,828891.0,877814.0,812240.0,725881.0,716751.9666666667
2016-10-15,A,542187,535567,1077754,2016,10,5,Before 2020,289,818230.0,546072.0,862105.0,717369.0,716951.6333333333
2016-10-16,U,385574,403090,788664,2016,10,6,Before 2020,290,535567.0,528189.0,843488.0,715868.2857142857,706067.0333333333
2016-10-17,W,890736,791317,1682053,2016,10,0,Before 2020,291,403090.0,708958.0,524421.0,697997.0,691387.1
2016-10-18,W,901884,810090,1711974,2016,10,1,Before 2020,292,791317.0,805839.0,402811.0,709762.5714285715,700283.6333333333
2016-10-19,W,895104,807016,1702120,2016,10,2,Before 2020,293,810090.0,785404.0,816014.0,710369.8571428572,713859.6
2016-10-20,W,880209,812195,1692404,2016,10,3,Before 2020,294,807016.0,828891.0,826518.0,713457.2857142857,713559.6666666666
2016-10-21,W,867704,800137,1667841,2016,10,4,Before 2020,295,812195.0,818230.0,814264.0,711072.1428571428,713082.2333333333
2016-10-22,A,533242,566999,1100241,2016,10,5,Before 2020,296,800137.0,535567.0,814897.0,708487.4285714285,712611.3333333334
2016-10-23,U,388470,366503,754973,2016,10,6,Before 2020,297,566999.0,403090.0,832417.0,712977.7142857143,704348.0666666667
2016-10-24,W,869861,779618,1649479,2016,10,0,Before 2020,298,366503.0,791317.0,529457.0,707751.0,688817.6
2016-10-25,W,876768,801123,1677891,2016,10,1,Before 2020,299,779618.0,810090.0,380403.0,706079.7142857143,697156.3
2016-10-26,W,824006,782126,1606132,2016,10,2,Before 2020,300,801123.0,807016.0,787408.0,704798.7142857143,711180.3
2016-10-27,W,892963,822190,1715153,2016,10,3,Before 2020,301,782126.0,812195.0,795780.0,701243.0,711004.2333333333
2016-10-28,W,894311,918735,1813046,2016,10,4,Before 2020,302,822190.0,800137.0,787727.0,702670.8571428572,711884.5666666667
2016-10-29,A,539098,627116,1166214,2016,10,5,Before 2020,303,918735.0,566999.0,799130.0,719613.4285714285,716251.5
2016-10-30,U,377290,446582,823872,2016,10,6,Before 2020,304,627116.0,366503.0,787112.0,728201.5714285715,710517.7
2016-10-31,W,860741,797545,1658286,2016,10,0,Before 2020,305,446582.0,779618.0,445272.0,739641.4285714285,699166.7
2016-11-01,W,931276,815318,1746594,2016,11,1,Before 2020,306,797545.0,801123.0,351589.0,742202.4285714285,710909.1333333333
2016-11-02,W,866812,842885,1709697,2016,11,2,Before 2020,307,815318.0,782126.0,775906.0,744230.2857142857,726366.7666666667
2016-11-03,W,919828,891357,1811185,2016,11,3,Before 2020,308,842885.0,822190.0,799529.0,752910.1428571428,728599.4
2016-11-04,W,798901,1146516,1945417,2016,11,4,Before 2020,309,891357.0,918735.0,815309.0,762791.1428571428,731660.3333333334
2016-11-05,A,536579,531687,1068266,2016,11,5,Before 2020,310,1146516.0,627116.0,817595.0,795331.2857142857,742700.5666666667
2016-11-06,U,406215,380648,786863,2016,11,6,Before 2020,311,531687.0,446582.0,877814.0,781698.5714285715,733170.3
2016-11-07,W,887002,809878,1696880,2016,11,0,Before 2020,312,380648.0,797545.0,546072.0,772279.4285714285,716598.1
2016-11-08,W,880506,791870,1672376,2016,11,1,Before 2020,313,809878.0,815318.0,528189.0,774041.2857142857,725391.6333333333
2016-11-09,W,865500,817596,1683096,2016,11,2,Before 2020,314,791870.0,842885.0,708958.0,770691.5714285715,734181.0
2016-11-10,W,842332,807250,1649582,2016,11,3,Before 2020,315,817596.0,891357.0,805839.0,767078.8571428572,737802.2666666667
2016-11-11,W,715260,721083,1436343,2016,11,4,Before 2020,316,807250.0,1146516.0,785404.0,755063.5714285715,737849.3
2016-11-12,A,500583,474411,974994,2016,11,5,Before 2020,317,721083.0,531687.0,828891.0,694287.4285714285,735705.2666666667
2016-11-13,U,369986,338339,708325,2016,11,6,Before 2020,318,474411.0,380648.0,818230.0,686105.1428571428,723889.2666666667
2016-11-14,W,862939,775439,1638378,2016,11,0,Before 2020,319,338339.0,809878.0,535567.0,680061.0,707892.9
2016-11-15,W,881225,797235,1678460,2016,11,1,Before 2020,320,775439.0,791870.0,403090.0,675141.1428571428,715888.6333333333
2016-11-16,W,884662,801320,1685982,2016,11,2,Before 2020,321,797235.0,817596.0,791317.0,675907.5714285715,729026.8
2016-11-17,W,873693,811240,1684933,2016,11,3,Before 2020,322,801320.0,807250.0,810090.0,673582.4285714285,729360.2333333333
2016-11-18,W,819907,792361,1612268,2016,11,4,Before 2020,323,811240.0,721083.0,807016.0,674152.4285714285,729398.5666666667
2016-11-19,A,477472,501156,978628,2016,11,5,Before 2020,324,792361.0,474411.0,812195.0,684335.0,728910.0666666667
2016-11-20,U,345895,315179,661074,2016,11,6,Before 2020,325,501156.0,338339.0,800137.0,688155.7142857143,718542.1
2016-11-21,W,844666,758214,1602880,2016,11,0,Before 2020,326,315179.0,775439.0,566999.0,684847.1428571428,702376.8333333334
2016-11-22,W,837828,756704,1594532,2016,11,1,Before 2020,327,758214.0,797235.0,366503.0,682386.4285714285,708750.6666666666
2016-11-23,W,661576,624827,1286403,2016,11,2,Before 2020,328,756704.0,801320.0,779618.0,676596.2857142857,721757.3666666667
2016-11-24,U,266241,219875,486116,2016,11,3,Before 2020,329,624827.0,811240.0,801123.0,651383.0,716597.6666666666
2016-11-25,W,496285,411245,907530,2016,11,4,Before 2020,330,219875.0,792361.0,782126.0,566902.2857142857,697222.7333333333
2016-11-26,A,441384,383042,824426,2016,11,5,Before 2020,331,411245.0,501156.0,822190.0,512457.14285714284,684860.0333333333
2016-11-27,U,343504,302029,645533,2016,11,6,Before 2020,332,383042.0,315179.0,918735.0,495583.71428571426,670221.7666666667
2016-11-28,W,801243,720824,1522067,2016,11,0,Before 2020,333,302029.0,758214.0,627116.0,493705.14285714284,649664.9
2016-11-29,W,871577,771348,1642925,2016,11,1,Before 2020,334,720824.0,756704.0,446582.0,488363.71428571426,652788.5
2016-11-30,W,852623,768149,1620772,2016,11,2,Before 2020,335,771348.0,624827.0,797545.0,490455.71428571426,663614.0333333333
2016-12-01,W,885401,779287,1664688,2016,12,3,Before 2020,336,768149.0,219875.0,815318.0,510930.28571428574,662634.1666666666
2016-12-02,W,882063,780569,1662632,2016,12,4,Before 2020,337,779287.0,411245.0,842885.0,590846.2857142857,661433.1333333333
2016-12-03,A,517756,456762,974518,2016,12,5,Before 2020,338,780569.0,383042.0,891357.0,643606.8571428572,659355.9333333333
2016-12-04,U,333825,312904,646729,2016,12,6,Before 2020,339,456762.0,302029.0,1146516.0,654138.2857142857,644869.4333333333
2016-12-05,W,841336,735184,1576520,2016,12,0,Before 2020,340,312904.0,720824.0,531687.0,655691.8571428572,617082.3666666667
2016-12-06,W,859470,745095,1604565,2016,12,1,Before 2020,341,735184.0,771348.0,380648.0,657743.2857142857,623865.6
2016-12-07,W,831766,745626,1577392,2016,12,2,Before 2020,342,745095.0,768149.0,809878.0,653992.8571428572,636013.8333333334
2016-12-08,W,790418,724726,1515144,2016,12,3,Before 2020,343,745626.0,779287.0,791870.0,650775.2857142857,633872.1
2016-12-09,W,806718,730968,1537686,2016,12,4,Before 2020,344,724726.0,780569.0,817596.0,642980.8571428572,631633.9666666667
2016-12-10,A,472855,424387,897242,2016,12,5,Before 2020,345,730968.0,456762.0,807250.0,635895.0,628746.3666666667
2016-12-11,U,309743,291688,601431,2016,12,6,Before 2020,346,424387.0,312904.0,721083.0,631270.0,615984.2666666667
2016-12-12,W,787062,702745,1489807,2016,12,0,Before 2020,347,291688.0,735184.0,474411.0,628239.1428571428,601671.1
2016-12-13,W,785276,714038,1499314,2016,12,1,Before 2020,348,702745.0,745095.0,338339.0,623605.0,609282.2333333333
2016-12-14,W,734884,688959,1423843,2016,12,2,Before 2020,349,714038.0,745626.0,775439.0,619168.2857142857,621805.5333333333
2016-12-15,W,617119,624213,1241332,2016,12,3,Before 2020,350,688959.0,724726.0,797235.0,611073.0,618922.8666666667
2016-12-16,W,744691,690845,1435536,2016,12,4,Before 2020,351,624213.0,730968.0,801320.0,596714.0,613155.4666666667
2016-12-17,A,445779,394366,840145,2016,12,5,Before 2020,352,690845.0,424387.0,811240.0,590982.1428571428,609472.9666666667
2016-12-18,U,270767,253184,523951,2016,12,6,Before 2020,353,394366.0,291688.0,792361.0,586693.4285714285,595577.1666666666
2016-12-19,W,650356,607020,1257376,2016,12,0,Before 2020,354,253184.0,702745.0,501156.0,581192.8571428572,577604.6
2016-12-20,W,758686,668762,1427448,2016,12,1,Before 2020,355,607020.0,714038.0,315179.0,567517.8571428572,581133.4
2016-12-21,W,770713,665402,1436115,2016,12,2,Before 2020,356,668762.0,688959.0,758214.0,561049.8571428572,592919.5
2016-12-22,W,747188,635174,1382362,2016,12,3,Before 2020,357,665402.0,624213.0,756704.0,557684.5714285715,589825.7666666667
2016-12-23,W,676407,516584,1192991,2016,12,4,Before 2020,358,635174.0,690845.0,624827.0,559250.4285714285,585774.7666666667
2016-12-24,A,391140,253926,645066,2016,12,5,Before 2020,359,516584.0,394366.0,219875.0,534356.0,582166.6666666666
2016-12-25,U,199220,131542,330762,2016,12,6,Before 2020,360,253926.0,253184.0,411245.0,514293.14285714284,583301.7
2016-12-26,U,380189,292312,672501,2016,12,0,Before 2020,361,131542.0,607020.0,383042.0,496915.71428571426,573978.2666666667
2016-12-27,W,575294,490822,1066116,2016,12,1,Before 2020,362,292312.0,668762.0,302029.0,451957.4285714286,570953.9333333333
2016-12-28,W,611176,537443,1148619,2016,12,2,Before 2020,363,490822.0,665402.0,720824.0,426537.4285714286,577247.0333333333
2016-12-29,W,593626,532909,1126535,2016,12,3,Before 2020,364,537443.0,635174.0,771348.0,408257.5714285714,571134.3333333334
2016-12-30,W,628159,524474,1152633,2016,12,4,Before 2020,365,532909.0,516584.0,768149.0,393648.28571428574,563186.3666666667
2016-12-31,A,433952,361268,795220,2016,12,5,Before 2020,366,524474.0,253926.0,779287.0,394775.4285714286,555063.8666666667
2017-01-01,U,277926,292472,570398,2017,1,6,Before 2020,1,361268.0,131542.0,780569.0,410110.0,541129.9
2017-01-02,U,371865,314798,686663,2017,1,0,Before 2020,2,292472.0,292312.0,456762.0,433100.0,524860.0
2017-01-03,W,690503,650650,1341153,2017,1,1,Before 2020,3,314798.0,490822.0,312904.0,436312.28571428574,520127.86666666664
2017-01-04,W,636491,639970,1276461,2017,1,2,Before 2020,4,650650.0,537443.0,735184.0,459144.85714285716,531386.0666666667
2017-01-05,W,611987,629939,1241926,2017,1,3,Before 2020,5,639970.0,532909.0,745095.0,473791.5714285714,528212.2666666667
2017-01-06,W,591800,600277,1192077,2017,1,4,Before 2020,6,629939.0,524474.0,745626.0,487653.0,524373.7333333333
2017-01-07,A,362508,319746,682254,2017,1,5,Before 2020,7,600277.0,361268.0,724726.0,498482.0,519528.76666666666
2017-01-08,U,290096,244060,534156,2017,1,6,Before 2020,8,319746.0,292472.0,730968.0,492550.28571428574,506029.43333333335
2017-01-09,W,781139,692776,1473915,2017,1,0,Before 2020,9,244060.0,314798.0,424387.0,485634.28571428574,489799.1666666667
2017-01-10,W,773792,711194,1484986,2017,1,1,Before 2020,10,692776.0,650650.0,291688.0,539631.1428571428,498745.4666666667
2017-01-11,W,803730,714551,1518281,2017,1,2,Before 2020,11,711194.0,639970.0,702745.0,548280.2857142857,512729.0
2017-01-12,W,777149,714212,1491361,2017,1,3,Before 2020,12,714551.0,629939.0,714038.0,558934.7142857143,513122.5333333333
2017-01-13,W,771359,698254,1469613,2017,1,4,Before 2020,13,714212.0,600277.0,688959.0,570973.7142857143,513128.3333333333
2017-01-14,A,429614,363554,793168,2017,1,5,Before 2020,14,698254.0,319746.0,624213.0,584970.4285714285,513438.1666666667
2017-01-15,U,328355,280852,609207,2017,1,6,Before 2020,15,363554.0,244060.0,690845.0,591228.7142857143,504749.5333333333
2017-01-16,W,486791,435039,921830,2017,1,0,Before 2020,16,280852.0,692776.0,394366.0,596484.7142857143,491083.1
2017-01-17,W,829925,737976,1567901,2017,1,1,Before 2020,17,435039.0,711194.0,253184.0,559665.1428571428,492438.86666666664
2017-01-18,W,835362,742180,1577542,2017,1,2,Before 2020,18,737976.0,714551.0,607020.0,563491.1428571428,508598.6
2017-01-19,W,823901,743065,1566966,2017,1,3,Before 2020,19,742180.0,714212.0,668762.0,567438.1428571428,513103.93333333335
2017-01-20,W,798511,731616,1530127,2017,1,4,Before 2020,20,743065.0,698254.0,665402.0,571560.0,515580.7
2017-01-21,A,488902,582031,1070933,2017,1,5,Before 2020,21,731616.0,363554.0,635174.0,576326.0,517787.8333333333
2017-01-22,U,331138,272268,603406,2017,1,6,Before 2020,22,582031.0,280852.0,516584.0,607537.0,516016.4
2017-01-23,W,817750,724078,1541828,2017,1,0,Before 2020,23,272268.0,435039.0,253926.0,606310.7142857143,507872.5333333333
2017-01-24,W,834979,742724,1577703,2017,1,1,Before 2020,24,724078.0,737976.0,131542.0,647602.0,523544.26666666666
2017-01-25,W,831467,743587,1575054,2017,1,2,Before 2020,25,742724.0,742180.0,292312.0,648280.2857142857,543917.0
2017-01-26,W,823395,750472,1573867,2017,1,3,Before 2020,26,743587.0,743065.0,490822.0,648481.2857142857,558959.5
2017-01-27,W,792183,715515,1507698,2017,1,4,Before 2020,27,750472.0,731616.0,537443.0,649539.4285714285,567614.5
2017-01-28,A,439479,382131,821610,2017,1,5,Before 2020,28,715515.0,582031.0,532909.0,647239.2857142857,573550.2333333333
2017-01-29,U,304565,274728,579293,2017,1,6,Before 2020,29,382131.0,272268.0,524474.0,618682.1428571428,568524.3
2017-01-30,W,806014,715290,1521304,2017,1,0,Before 2020,30,274728.0,724078.0,361268.0,619033.5714285715,560199.4333333333
2017-01-31,W,828074,741389,1569463,2017,1,1,Before 2020,31,715290.0,742724.0,292472.0,617778.1428571428,572000.1666666666
2017-02-01,W,883845,750500,1634345,2017,2,2,Before 2020,32,741389.0,743587.0,314798.0,617587.4285714285,586964.0666666667
2017-02-02,W,829125,736551,1565676,2017,2,3,Before 2020,33,750500.0,750472.0,650650.0,618575.0,601487.4666666667
2017-02-03,W,782899,690415,1473314,2017,2,4,Before 2020,34,736551.0,715515.0,639970.0,616586.2857142857,604350.8333333334
2017-02-04,A,461743,370873,832616,2017,2,5,Before 2020,35,690415.0,382131.0,629939.0,613000.5714285715,606032.3333333334
2017-02-05,U,351708,282731,634439,2017,2,6,Before 2020,36,370873.0,274728.0,600277.0,611392.2857142857,597396.8
2017-02-06,W,838312,713858,1552170,2017,2,0,Before 2020,37,282731.0,715290.0,319746.0,612535.5714285715,586811.9333333333
2017-02-07,W,827885,734586,1562471,2017,2,1,Before 2020,38,713858.0,741389.0,244060.0,612331.0,599949.0
2017-02-08,W,841278,737535,1578813,2017,2,2,Before 2020,39,734586.0,750500.0,692776.0,611359.1428571428,616299.8666666667
2017-02-09,W,815353,726872,1542225,2017,2,3,Before 2020,40,737535.0,736551.0,711194.0,609507.0,617791.8333333334
2017-02-10,W,832724,720483,1553207,2017,2,4,Before 2020,41,726872.0,690415.0,714551.0,608124.2857142857,618314.4333333333
2017-02-11,A,497589,405211,902800,2017,2,5,Before 2020,42,720483.0,370873.0,714212.0,612419.7142857143,618512.1666666666
2017-02-12,U,358101,296805,654906,2017,2,6,Before 2020,43,405211.0,282731.0,698254.0,617325.1428571428,608212.1333333333
2017-02-13,W,822007,702129,1524136,2017,2,0,Before 2020,44,296805.0,713858.0,363554.0,619335.7142857143,594830.5
2017-02-14,W,870130,752585,1622715,2017,2,1,Before 2020,45,702129.0,734586.0,280852.0,617660.1428571428,606116.3333333334
2017-02-15,W,841181,735910,1577091,2017,2,2,Before 2020,46,752585.0,737535.0,435039.0,620231.4285714285,621840.7666666667
2017-02-16,W,831398,738525,1569923,2017,2,3,Before 2020,47,735910.0,726872.0,737976.0,619999.2857142857,631869.8
2017-02-17,W,841425,738941,1580366,2017,2,4,Before 2020,48,738525.0,720483.0,742180.0,621664.0,631888.1
2017-02-18,A,512205,447059,959264,2017,2,5,Before 2020,49,738941.0,405211.0,743065.0,624300.8571428572,631780.1333333333
2017-02-19,U,383581,328391,711972,2017,2,6,Before 2020,50,447059.0,296805.0,731616.0,630279.1428571428,621913.2666666667
2017-02-20,W,623736,557822,1181558,2017,2,0,Before 2020,51,328391.0,702129.0,582031.0,634791.4285714285,608472.4333333333
2017-02-21,W,848951,741773,1590724,2017,2,1,Before 2020,52,557822.0,752585.0,272268.0,614176.1428571428,607665.4666666667
2017-02-22,W,873309,758299,1631608,2017,2,2,Before 2020,53,741773.0,735910.0,724078.0,612631.5714285715,623315.6333333333
2017-02-23,W,850254,751257,1601511,2017,2,3,Before 2020,54,758299.0,738525.0,742724.0,615830.0,624456.3333333334
2017-02-24,W,820536,723532,1544068,2017,2,4,Before 2020,55,751257.0,738941.0,743587.0,617648.8571428572,624740.7666666667
2017-02-25,A,449817,374595,824412,2017,2,5,Before 2020,56,723532.0,447059.0,750472.0,615447.5714285715,624072.2666666667
2017-02-26,U,350829,287405,638234,2017,2,6,Before 2020,57,374595.0,328391.0,715515.0,605095.5714285715,611543.0333333333
2017-02-27,W,837214,720932,1558146,2017,2,0,Before 2020,58,287405.0,557822.0,382131.0,599240.4285714285,597272.7
2017-02-28,W,823654,730508,1554162,2017,2,1,Before 2020,59,720932.0,741773.0,274728.0,622541.8571428572,608566.0666666667
2017-03-01,W,863043,742729,1605772,2017,3,2,Before 2020,60,730508.0,758299.0,715290.0,620932.5714285715,623758.7333333333
2017-03-02,W,842926,741459,1584385,2017,3,3,Before 2020,61,742729.0,751257.0,741389.0,618708.2857142857,624673.3666666667
2017-03-03,W,851128,729461,1580589,2017,3,4,Before 2020,62,741459.0,723532.0,750500.0,617308.5714285715,624675.7
2017-03-04,A,487500,401568,889068,2017,3,5,Before 2020,63,729461.0,374595.0,736551.0,618155.5714285715,623974.4
2017-03-05,U,364977,298189,663166,2017,3,6,Before 2020,64,401568.0,287405.0,690415.0,622008.8571428572,612808.3
2017-03-06,W,823084,703811,1526895,2017,3,0,Before 2020,65,298189.0,720932.0,370873.0,623549.4285714285,599734.1
2017-03-07,W,862784,751315,1614099,2017,3,1,Before 2020,66,703811.0,730508.0,282731.0,621103.5714285715,610832.0333333333
2017-03-08,W,858498,751336,1609834,2017,3,2,Before 2020,67,751315.0,742729.0,713858.0,624076.0,626451.5
2017-03-09,W,841498,748709,1590207,2017,3,3,Before 2020,68,751336.0,741459.0,734586.0,625305.5714285715,627700.7666666667
2017-03-10,W,816750,730837,1547587,2017,3,4,Before 2020,69,748709.0,729461.0,737535.0,626341.2857142857,628171.5333333333
2017-03-11,A,459826,493451,953277,2017,3,5,Before 2020,70,730837.0,401568.0,726872.0,626537.8571428572,627948.2666666667
2017-03-12,U,336952,292240,629192,2017,3,6,Before 2020,71,493451.0,298189.0,720483.0,639664.0,620167.5666666667
2017-03-13,W,761376,703982,1465358,2017,3,0,Before 2020,72,292240.0,703811.0,405211.0,638814.1428571428,605892.8
2017-03-14,W,712423,727042,1439465,2017,3,1,Before 2020,73,703982.0,751315.0,296805.0,638838.5714285715,615851.8333333334
2017-03-15,W,822423,748703,1571126,2017,3,2,Before 2020,74,727042.0,751336.0,702129.0,635371.0,630193.0666666667
2017-03-16,W,827779,758060,1585839,2017,3,3,Before 2020,75,748703.0,748709.0,752585.0,634994.8571428572,631745.5333333333
2017-03-17,W,804320,732007,1536327,2017,3,4,Before 2020,76,758060.0,730837.0,735910.0,636330.7142857143,631928.0333333333
2017-03-18,A,473609,404779,878388,2017,3,5,Before 2020,77,732007.0,493451.0,738525.0,636497.8571428572,631797.9333333333
2017-03-19,U,371042,304418,675460,2017,3,6,Before 2020,78,404779.0,292240.0,738941.0,623830.4285714285,620673.0666666667
2017-03-20,W,802404,690624,1493028,2017,3,0,Before 2020,79,304418.0,703982.0,447059.0,625570.1428571428,606188.9666666667
2017-03-21,W,835641,718304,1553945,2017,3,1,Before 2020,80,690624.0,727042.0,328391.0,623661.8571428572,614307.8
2017-03-22,W,816876,706282,1523158,2017,3,2,Before 2020,81,718304.0,748703.0,557822.0,622413.5714285715,627304.9
2017-03-23,W,802941,708026,1510967,2017,3,3,Before 2020,82,706282.0,758060.0,741773.0,616353.4285714285,632253.5666666667
2017-03-24,W,821828,715787,1537615,2017,3,4,Before 2020,83,708026.0,732007.0,758299.0,609205.7142857143,631128.6666666666
2017-03-25,A,414644,356083,770727,2017,3,5,Before 2020,84,715787.0,404779.0,751257.0,606888.5714285715,629711.6
2017-03-26,U,340733,292995,633728,2017,3,6,Before 2020,85,356083.0,304418.0,723532.0,599932.0,616539.1333333333
2017-03-27,W,825472,724012,1549484,2017,3,0,Before 2020,86,292995.0,690624.0,374595.0,598300.1428571428,602187.9
2017-03-28,W,846658,748201,1594859,2017,3,1,Before 2020,87,724012.0,718304.0,287405.0,603069.8571428572,613835.1333333333
2017-03-29,W,837430,745915,1583345,2017,3,2,Before 2020,88,748201.0,706282.0,720932.0,607340.8571428572,629195.0
2017-03-30,W,756598,718864,1475462,2017,3,3,Before 2020,89,745915.0,708026.0,730508.0,613002.7142857143,630027.7666666667
2017-03-31,W,839312,737168,1576480,2017,3,4,Before 2020,90,718864.0,715787.0,742729.0,614551.0,629639.6333333333
2017-04-01,A,517493,433603,951096,2017,4,5,Before 2020,91,737168.0,356083.0,741459.0,617605.4285714285,629454.2666666667
2017-04-02,U,357643,319046,676689,2017,4,6,Before 2020,92,433603.0,292995.0,729461.0,628679.7142857143,619192.4
2017-04-03,W,840610,743301,1583911,2017,4,0,Before 2020,93,319046.0,724012.0,401568.0,632401.2857142857,605511.9
2017-04-04,W,873844,763221,1637065,2017,4,1,Before 2020,94,743301.0,748201.0,298189.0,635156.8571428572,616903.0
2017-04-05,W,755345,732462,1487807,2017,4,2,Before 2020,95,763221.0,745915.0,703811.0,637302.5714285715,632404.0666666667
2017-04-06,W,822266,771468,1593734,2017,4,3,Before 2020,96,732462.0,718864.0,751315.0,635380.7142857143,633359.1
2017-04-07,W,765361,741568,1506929,2017,4,4,Before 2020,97,771468.0,737168.0,751336.0,642895.5714285715,634030.8666666667
2017-04-08,A,508239,452426,960665,2017,4,5,Before 2020,98,741568.0,433603.0,748709.0,643524.1428571428,633705.2666666667
2017-04-09,U,388435,336277,724712,2017,4,6,Before 2020,99,452426.0,319046.0,730837.0,646213.1428571428,623829.1666666666
2017-04-10,W,695555,708408,1403963,2017,4,0,Before 2020,100,336277.0,743301.0,493451.0,648674.7142857143,610677.1666666666
2017-04-11,W,736309,720080,1456389,2017,4,1,Before 2020,101,708408.0,763221.0,292240.0,643690.0,617842.4
2017-04-12,W,754940,757854,1512794,2017,4,2,Before 2020,102,720080.0,732462.0,703982.0,637527.0,632103.7333333333
2017-04-13,W,723724,745720,1469444,2017,4,3,Before 2020,103,757854.0,771468.0,727042.0,641154.4285714285,633899.4666666667
2017-04-14,W,692506,676016,1368522,2017,4,4,Before 2020,104,745720.0,741568.0,748703.0,637476.1428571428,634522.0666666667
2017-04-15,A,506929,453975,960904,2017,4,5,Before 2020,105,676016.0,452426.0,758060.0,628111.5714285715,632099.1666666666
2017-04-16,U,339738,293545,633283,2017,4,6,Before 2020,106,453975.0,336277.0,732007.0,628332.8571428572,621963.0
2017-04-17,W,809433,738426,1547859,2017,4,0,Before 2020,107,293545.0,708408.0,404779.0,622228.2857142857,607347.6
2017-04-18,W,848195,772115,1620310,2017,4,1,Before 2020,108,738426.0,720080.0,304418.0,626516.5714285715,618469.1666666666
2017-04-19,W,811178,757251,1568429,2017,4,2,Before 2020,109,772115.0,757854.0,690624.0,633950.1428571428,634059.0666666667
2017-04-20,W,797055,758119,1555174,2017,4,3,Before 2020,110,757251.0,745720.0,718304.0,633864.0,636279.9666666667
2017-04-21,W,819393,753932,1573325,2017,4,4,Before 2020,111,758119.0,676016.0,706282.0,635635.2857142857,637607.1333333333
2017-04-22,A,493687,467485,961172,2017,4,5,Before 2020,112,753932.0,453975.0,708026.0,646766.1428571428,639195.4666666667
2017-04-23,U,373492,330832,704324,2017,4,6,Before 2020,113,467485.0,293545.0,715787.0,648696.1428571428,631177.4333333333
2017-04-24,W,830257,736639,1566896,2017,4,0,Before 2020,114,330832.0,738426.0,356083.0,654022.8571428572,618345.6
2017-04-25,W,860569,761180,1621749,2017,4,1,Before 2020,115,736639.0,772115.0,292995.0,653767.5714285715,631030.8
2017-04-26,W,838762,757859,1596621,2017,4,2,Before 2020,116,761180.0,757251.0,724012.0,652205.4285714285,646636.9666666667
2017-04-27,W,807318,748983,1556301,2017,4,3,Before 2020,117,757859.0,758119.0,748201.0,652292.2857142857,647765.2
2017-04-28,W,830500,740579,1571079,2017,4,4,Before 2020,118,748983.0,753932.0,745915.0,650987.1428571428,647791.2666666667
2017-04-29,A,405068,364346,769414,2017,4,5,Before 2020,119,740579.0,467485.0,718864.0,649079.5714285715,647613.4
2017-04-30,U,307608,269345,576953,2017,4,6,Before 2020,120,364346.0,330832.0,737168.0,634345.4285714285,635796.1333333333
2017-05-01,W,847371,747837,1595208,2017,5,0,Before 2020,121,269345.0,736639.0,433603.0,625561.5714285715,620202.0333333333
2017-05-02,W,846717,762139,1608856,2017,5,1,Before 2020,122,747837.0,761180.0,319046.0,627161.2857142857,630676.5
2017-05-03,W,890581,778089,1668670,2017,5,2,Before 2020,123,762139.0,757859.0,743301.0,627298.2857142857,645446.2666666667
2017-05-04,W,836436,770199,1606635,2017,5,3,Before 2020,124,778089.0,748983.0,763221.0,630188.2857142857,646605.8666666667
2017-05-05,W,840819,771492,1612311,2017,5,4,Before 2020,125,770199.0,740579.0,732462.0,633219.1428571428,646838.4666666667
2017-05-06,A,502922,460695,963617,2017,5,5,Before 2020,126,771492.0,364346.0,771468.0,637635.2857142857,648139.4666666667
2017-05-07,U,370985,334930,705915,2017,5,6,Before 2020,127,460695.0,269345.0,741568.0,651399.4285714285,637780.3666666667
2017-05-08,W,829268,722987,1552255,2017,5,0,Before 2020,128,334930.0,747837.0,452426.0,660768.7142857143,624225.7666666667
2017-05-09,W,827183,738712,1565895,2017,5,1,Before 2020,129,722987.0,762139.0,336277.0,657218.7142857143,633244.4666666667
2017-05-10,W,821006,736258,1557264,2017,5,2,Before 2020,130,738712.0,778089.0,708408.0,653872.0,646658.9666666667
2017-05-11,W,832163,755558,1587721,2017,5,3,Before 2020,131,736258.0,770199.0,720080.0,647896.1428571428,647587.3
2017-05-12,W,824305,745485,1569790,2017,5,4,Before 2020,132,755558.0,771492.0,757854.0,645804.5714285715,648769.9
2017-05-13,A,504045,427964,932009,2017,5,5,Before 2020,133,745485.0,460695.0,745720.0,642089.2857142857,648357.6
2017-05-14,U,364734,313469,678203,2017,5,6,Before 2020,134,427964.0,334930.0,676016.0,637413.4285714285,637765.7333333333
2017-05-15,W,805190,709882,1515072,2017,5,0,Before 2020,135,313469.0,722987.0,453975.0,634347.5714285715,625680.8333333334
2017-05-16,W,843103,768941,1612044,2017,5,1,Before 2020,136,709882.0,738712.0,293545.0,632475.4285714285,634211.0666666667
2017-05-17,W,835226,763055,1598281,2017,5,2,Before 2020,137,768941.0,736258.0,738426.0,636793.8571428572,650057.6
2017-05-18,W,824327,775776,1600103,2017,5,3,Before 2020,138,763055.0,755558.0,772115.0,640622.0,650878.5666666667
2017-05-19,W,768158,726694,1494852,2017,5,4,Before 2020,139,775776.0,745485.0,757251.0,643510.2857142857,651000.6
2017-05-20,A,441093,396705,837798,2017,5,5,Before 2020,140,726694.0,427964.0,758119.0,640825.8571428572,649982.0333333333
2017-05-21,U,366609,350024,716633,2017,5,6,Before 2020,141,396705.0,313469.0,753932.0,636360.2857142857,637934.9
2017-05-22,W,817334,744257,1561591,2017,5,0,Before 2020,142,350024.0,709882.0,467485.0,641582.4285714285,624471.3
2017-05-23,W,799986,753184,1553170,2017,5,1,Before 2020,143,744257.0,768941.0,330832.0,646493.1428571428,633697.0333333333
2017-05-24,W,820511,762453,1582964,2017,5,2,Before 2020,144,753184.0,763055.0,736639.0,644242.1428571428,647775.4333333333
2017-05-25,W,829938,776776,1606714,2017,5,3,Before 2020,145,762453.0,775776.0,761180.0,644156.1428571428,648635.9
2017-05-26,W,779960,691687,1471647,2017,5,4,Before 2020,146,776776.0,726694.0,757859.0,644299.0,649155.7666666667
2017-05-27,A,492255,462129,954384,2017,5,5,Before 2020,147,691687.0,396705.0,748983.0,639298.0,646950.0333333333
2017-05-28,U,366179,344784,710963,2017,5,6,Before 2020,148,462129.0,350024.0,740579.0,648644.2857142857,637388.2333333333
2017-05-29,U,375171,336441,711612,2017,5,0,Before 2020,149,344784.0,744257.0,364346.0,647895.7142857143,624195.0666666667
2017-05-30,W,802596,722529,1525125,2017,5,1,Before 2020,150,336441.0,753184.0,269345.0,589636.2857142857,623264.9
2017-05-31,W,827890,745189,1573079,2017,5,2,Before 2020,151,722529.0,762453.0,747837.0,585257.0,638371.0333333333
2017-06-01,W,860327,771134,1631461,2017,6,3,Before 2020,152,745189.0,776776.0,762139.0,582790.7142857143,638282.7666666667
2017-06-02,W,861203,796256,1657459,2017,6,4,Before 2020,153,771134.0,691687.0,778089.0,581984.7142857143,638582.6
2017-06-03,A,523471,495282,1018753,2017,6,5,Before 2020,154,796256.0,462129.0,770199.0,596923.1428571428,639188.1666666666
2017-06-04,U,400326,384010,784336,2017,6,6,Before 2020,155,495282.0,344784.0,771492.0,601659.2857142857,630024.2666666667
2017-06-05,W,838839,768461,1607300,2017,6,0,Before 2020,156,384010.0,336441.0,460695.0,607263.0,617108.2
2017-06-06,W,845564,787009,1632573,2017,6,1,Before 2020,157,768461.0,722529.0,334930.0,668980.1428571428,627367.0666666667
2017-06-07,W,846730,793617,1640347,2017,6,2,Before 2020,158,787009.0,745189.0,722987.0,678191.5714285715,642436.3666666667
2017-06-08,W,821372,805398,1626770,2017,6,3,Before 2020,159,793617.0,771134.0,738712.0,685109.8571428572,644790.7
2017-06-09,W,833135,822483,1655618,2017,6,4,Before 2020,160,805398.0,796256.0,736258.0,690004.7142857143,647013.5666666667
2017-06-10,A,525084,558726,1083810,2017,6,5,Before 2020,161,822483.0,495282.0,755558.0,693751.4285714285,649887.7333333333
2017-06-11,U,406991,440096,847087,2017,6,6,Before 2020,162,558726.0,384010.0,745485.0,702814.8571428572,643326.6666666666
2017-06-12,W,808630,753763,1562393,2017,6,0,Before 2020,163,440096.0,768461.0,427964.0,710827.1428571428,633147.0333333333
2017-06-13,W,817478,764155,1581633,2017,6,1,Before 2020,164,753763.0,787009.0,313469.0,708727.4285714285,644007.0
2017-06-14,W,786388,742346,1528734,2017,6,2,Before 2020,165,764155.0,793617.0,709882.0,705462.5714285715,659029.8666666667
2017-06-15,W,830091,777758,1607849,2017,6,3,Before 2020,166,742346.0,805398.0,768941.0,698138.1428571428,660112.0
2017-06-16,W,785270,739069,1524339,2017,6,4,Before 2020,167,777758.0,822483.0,763055.0,694189.5714285715,660405.9
2017-06-17,A,486358,419764,906122,2017,6,5,Before 2020,168,739069.0,558726.0,775776.0,682273.2857142857,659606.3666666667
2017-06-18,U,390193,338474,728667,2017,6,6,Before 2020,169,419764.0,440096.0,726694.0,662421.5714285715,647739.3
2017-06-19,W,755955,739609,1495564,2017,6,0,Before 2020,170,338474.0,753763.0,396705.0,647904.1428571428,634798.6333333333
2017-06-20,W,801344,781004,1582348,2017,6,1,Before 2020,171,739609.0,764155.0,350024.0,645882.1428571428,646228.7666666667
2017-06-21,W,758596,776244,1534840,2017,6,2,Before 2020,172,781004.0,742346.0,744257.0,648289.1428571428,660594.7666666667
2017-06-22,W,733128,745336,1478464,2017,6,3,Before 2020,173,776244.0,777758.0,753184.0,653131.7142857143,661661.0
2017-06-23,W,729483,747333,1476816,2017,6,4,Before 2020,174,745336.0,739069.0,762453.0,648500.0,661399.4
2017-06-24,A,504647,482168,986815,2017,6,5,Before 2020,175,747333.0,419764.0,776776.0,649680.5714285715,660895.4
2017-06-25,U,390267,513970,904237,2017,6,6,Before 2020,176,482168.0,338474.0,691687.0,658595.4285714285,651075.1333333333
2017-06-26,W,738507,722154,1460661,2017,6,0,Before 2020,177,513970.0,739609.0,462129.0,683666.2857142857,645151.2333333333
2017-06-27,W,763875,751340,1515215,2017,6,1,Before 2020,178,722154.0,781004.0,344784.0,681172.7142857143,653818.7333333333
2017-06-28,W,722682,733693,1456375,2017,6,2,Before 2020,179,751340.0,776244.0,336441.0,676935.0,667370.6
2017-06-29,W,747180,778070,1525250,2017,6,3,Before 2020,180,733693.0,745336.0,722529.0,670856.2857142857,680612.3333333334
2017-06-30,W,763402,760380,1523782,2017,6,4,Before 2020,181,778070.0,747333.0,745189.0,675532.5714285715,682463.7
2017-07-01,A,514092,488429,1002521,2017,7,5,Before 2020,182,760380.0,482168.0,771134.0,677396.4285714285,682970.0666666667
2017-07-02,U,398108,364979,763087,2017,7,6,Before 2020,183,488429.0,513970.0,796256.0,678290.8571428572,673546.5666666667
2017-07-03,W,669915,543712,1213627,2017,7,0,Before 2020,184,364979.0,722154.0,495282.0,657006.4285714285,659170.6666666666
2017-07-04,U,407991,389791,797782,2017,7,1,Before 2020,185,543712.0,751340.0,384010.0,631514.7142857143,660785.0
2017-07-05,W,746019,733914,1479933,2017,7,2,Before 2020,186,389791.0,733693.0,768461.0,579864.8571428572,660977.7
2017-07-06,W,755516,784948,1540464,2017,7,3,Before 2020,187,733914.0,778070.0,787009.0,579896.4285714285,659826.1333333333
2017-07-07,W,749664,780389,1530053,2017,7,4,Before 2020,188,784948.0,760380.0,793617.0,580879.0,659757.4333333333
2017-07-08,A,517165,518674,1035839,2017,7,5,Before 2020,189,780389.0,488429.0,805398.0,583737.4285714285,659316.5
2017-07-09,U,400539,402561,803100,2017,7,6,Before 2020,190,518674.0,364979.0,822483.0,588058.1428571428,649759.0333333333
2017-07-10,W,719494,695215,1414709,2017,7,0,Before 2020,191,402561.0,543712.0,558726.0,593427.0,635761.6333333333
2017-07-11,W,771348,735051,1506399,2017,7,1,Before 2020,192,695215.0,389791.0,440096.0,615070.2857142857,640311.2666666667
2017-07-12,W,694204,702581,1396785,2017,7,2,Before 2020,193,735051.0,733914.0,753763.0,664393.1428571428,650143.1
2017-07-13,W,773047,751562,1524609,2017,7,3,Before 2020,194,702581.0,784948.0,764155.0,659917.0,648437.0333333333
2017-07-14,W,748691,762728,1511419,2017,7,4,Before 2020,195,751562.0,780389.0,742346.0,655147.5714285715,648017.2666666667
2017-07-15,A,511540,495618,1007158,2017,7,5,Before 2020,196,762728.0,518674.0,777758.0,652624.5714285715,648696.6666666666
2017-07-16,U,371692,374578,746270,2017,7,6,Before 2020,197,495618.0,402561.0,739069.0,649330.8571428572,639292.0
2017-07-17,W,754669,741094,1495763,2017,7,0,Before 2020,198,374578.0,695215.0,419764.0,645333.2857142857,627142.3
2017-07-18,W,776582,754149,1530731,2017,7,1,Before 2020,199,741094.0,735051.0,338474.0,651887.4285714285,637853.3
2017-07-19,W,769368,750889,1520257,2017,7,2,Before 2020,200,754149.0,702581.0,739609.0,654615.7142857143,651709.1333333333
2017-07-20,W,716096,726632,1442728,2017,7,3,Before 2020,201,750889.0,751562.0,781004.0,661516.8571428572,652085.1333333333
2017-07-21,W,733117,762529,1495646,2017,7,4,Before 2020,202,726632.0,762728.0,776244.0,657955.4285714285,650272.7333333333
2017-07-22,A,485978,471542,957520,2017,7,5,Before 2020,203,762529.0,495618.0,745336.0,657927.0,649815.5666666667
2017-07-23,U,380247,372309,752556,2017,7,6,Before 2020,204,471542.0,374578.0,747333.0,654487.5714285715,640689.1
2017-07-24,W,744976,765597,1510573,2017,7,0,Before 2020,205,372309.0,741094.0,482168.0,654163.4285714285,628188.3
2017-07-25,W,765040,772350,1537390,2017,7,1,Before 2020,206,765597.0,754149.0,513970.0,657663.8571428572,637635.9333333333
2017-07-26,W,769890,755604,1525494,2017,7,2,Before 2020,207,772350.0,750889.0,722154.0,660264.0,646248.6
2017-07-27,W,770692,770016,1540708,2017,7,3,Before 2020,208,755604.0,726632.0,751340.0,660937.5714285715,647363.6
2017-07-28,W,754679,738168,1492847,2017,7,4,Before 2020,209,770016.0,762529.0,733693.0,667135.2857142857,647986.1333333333
2017-07-29,A,496951,462430,959381,2017,7,5,Before 2020,210,738168.0,471542.0,778070.0,663655.1428571428,648135.3
2017-07-30,U,385002,349892,734894,2017,7,6,Before 2020,211,462430.0,372309.0,760380.0,662353.4285714285,637613.9666666667
2017-07-31,W,732690,707434,1440124,2017,7,0,Before 2020,212,349892.0,765597.0,488429.0,659151.0,623931.0333333333
2017-08-01,W,789859,773470,1563329,2017,8,1,Before 2020,213,707434.0,772350.0,364979.0,650842.0,631231.2
2017-08-02,W,771256,811636,1582892,2017,8,2,Before 2020,214,773470.0,755604.0,543712.0,651002.0,644847.5666666667
2017-08-03,W,763271,834427,1597698,2017,8,3,Before 2020,215,811636.0,770016.0,389791.0,659006.5714285715,653778.3666666667
2017-08-04,W,732776,827248,1560024,2017,8,4,Before 2020,216,834427.0,738168.0,733914.0,668208.1428571428,668599.5666666667
2017-08-05,A,503623,546783,1050406,2017,8,5,Before 2020,217,827248.0,462430.0,784948.0,680933.8571428572,671710.7
2017-08-06,U,376669,430711,807380,2017,8,6,Before 2020,218,546783.0,349892.0,780389.0,692984.2857142857,663771.8666666667
2017-08-07,W,733495,704247,1437742,2017,8,0,Before 2020,219,430711.0,707434.0,518674.0,704529.8571428572,652115.9333333333
2017-08-08,W,761850,735234,1497084,2017,8,1,Before 2020,220,704247.0,773470.0,402561.0,704074.5714285715,658301.7
2017-08-09,W,759657,732813,1492470,2017,8,2,Before 2020,221,735234.0,811636.0,695215.0,698612.2857142857,669390.8
2017-08-10,W,747519,745430,1492949,2017,8,3,Before 2020,222,732813.0,834427.0,735051.0,687351.8571428572,670644.0666666667
2017-08-11,W,746418,756699,1503117,2017,8,4,Before 2020,223,745430.0,827248.0,702581.0,674638.0,670990.0333333333
2017-08-12,A,505271,477767,983038,2017,8,5,Before 2020,224,756699.0,546783.0,751562.0,664559.5714285715,672793.9666666667
2017-08-13,U,384338,351048,735386,2017,8,6,Before 2020,225,477767.0,430711.0,762728.0,654700.1428571428,663667.4666666667
2017-08-14,W,722238,716772,1439010,2017,8,0,Before 2020,226,351048.0,704247.0,495618.0,643319.7142857143,649944.8
2017-08-15,W,774523,700422,1474945,2017,8,1,Before 2020,227,716772.0,735234.0,374578.0,645109.0,657316.6
2017-08-16,W,739357,734845,1474202,2017,8,2,Before 2020,228,700422.0,732813.0,741094.0,640135.8571428572,668178.0666666667
2017-08-17,W,722939,751673,1474612,2017,8,3,Before 2020,229,734845.0,745430.0,754149.0,640426.1428571428,667969.7666666667
2017-08-18,W,741688,751342,1493030,2017,8,4,Before 2020,230,751673.0,756699.0,750889.0,641318.0,667887.2333333333
2017-08-19,A,510200,488523,998723,2017,8,5,Before 2020,231,751342.0,477767.0,726632.0,640552.7142857143,667902.3333333334
2017-08-20,U,395932,381042,776974,2017,8,6,Before 2020,232,488523.0,351048.0,762529.0,642089.2857142857,659965.3666666667
2017-08-21,W,707640,675484,1383124,2017,8,0,Before 2020,233,381042.0,716772.0,471542.0,646374.1428571428,647249.1333333333
2017-08-22,W,741370,697126,1438496,2017,8,1,Before 2020,234,675484.0,700422.0,372309.0,640475.8571428572,654047.2
2017-08-23,W,763384,719511,1482895,2017,8,2,Before 2020,235,697126.0,734845.0,765597.0,640005.0,664874.4333333333
2017-08-24,W,749315,748046,1497361,2017,8,3,Before 2020,236,719511.0,751673.0,772350.0,637814.4285714285,663338.2333333333
2017-08-25,W,749192,741123,1490315,2017,8,4,Before 2020,237,748046.0,751342.0,755604.0,637296.2857142857,662528.1
2017-08-26,A,487453,446049,933502,2017,8,5,Before 2020,238,741123.0,488523.0,770016.0,635836.4285714285,662045.4
2017-08-27,U,358840,336109,694949,2017,8,6,Before 2020,239,446049.0,381042.0,738168.0,629768.7142857143,651246.5
2017-08-28,W,761796,740387,1502183,2017,8,0,Before 2020,240,336109.0,675484.0,462430.0,623349.7142857143,637844.5333333333
2017-08-29,W,783337,763274,1546611,2017,8,1,Before 2020,241,740387.0,697126.0,349892.0,632621.5714285715,647109.7666666667
2017-08-30,W,801205,779477,1580682,2017,8,2,Before 2020,242,763274.0,719511.0,707434.0,642071.2857142857,660889.1666666666
2017-08-31,W,791635,785637,1577272,2017,8,3,Before 2020,243,779477.0,748046.0,773470.0,650637.8571428572,663290.6
2017-09-01,W,827394,760661,1588055,2017,9,4,Before 2020,244,785637.0,741123.0,811636.0,656008.0,663696.1666666666
2017-09-02,A,512150,481961,994111,2017,9,5,Before 2020,245,760661.0,446049.0,834427.0,658799.1428571428,661997.0
2017-09-03,U,417707,410951,828658,2017,9,6,Before 2020,246,481961.0,336109.0,827248.0,663929.4285714285,650248.1333333333
2017-09-04,U,375104,326524,701628,2017,9,0,Before 2020,247,410951.0,740387.0,546783.0,674621.1428571428,636371.5666666667
2017-09-05,W,893214,763159,1656373,2017,9,1,Before 2020,248,326524.0,763274.0,430711.0,615497.8571428572,629029.6
2017-09-06,W,854979,785896,1640875,2017,9,2,Before 2020,249,763159.0,779477.0,704247.0,615481.4285714285,640111.2
2017-09-07,W,867162,801972,1669134,2017,9,3,Before 2020,250,785896.0,785637.0,735234.0,616398.4285714285,642832.8333333334
2017-09-08,W,849319,809597,1658916,2017,9,4,Before 2020,251,801972.0,760661.0,732813.0,618732.0,645057.4333333333
2017-09-09,A,511569,488232,999801,2017,9,5,Before 2020,252,809597.0,481961.0,745430.0,625722.8571428572,647616.9
2017-09-10,U,383625,375160,758785,2017,9,6,Before 2020,253,488232.0,410951.0,756699.0,626618.7142857143,639043.6333333333
2017-09-11,W,861907,767744,1629651,2017,9,0,Before 2020,254,375160.0,326524.0,477767.0,621505.7142857143,626325.6666666666
2017-09-12,W,883298,813900,1697198,2017,9,1,Before 2020,255,767744.0,763159.0,351048.0,684537.1428571428,635991.5666666667
2017-09-13,W,876445,813293,1689738,2017,9,2,Before 2020,256,813900.0,785896.0,716772.0,691785.8571428572,651419.9666666667
2017-09-14,W,874356,838725,1713081,2017,9,3,Before 2020,257,813293.0,801972.0,700422.0,695699.7142857143,654637.3333333334
2017-09-15,W,871656,838001,1709657,2017,9,4,Before 2020,258,838725.0,809597.0,734845.0,700950.1428571428,659247.4333333333
2017-09-16,A,517447,521275,1038722,2017,9,5,Before 2020,259,838001.0,488232.0,751673.0,705007.8571428572,662685.9666666667
2017-09-17,U,386719,379480,766199,2017,9,6,Before 2020,260,521275.0,375160.0,751342.0,709728.2857142857,655006.0333333333
2017-09-18,W,866120,772443,1638563,2017,9,0,Before 2020,261,379480.0,767744.0,488523.0,710345.4285714285,642610.6333333333
2017-09-19,W,861844,786075,1647919,2017,9,1,Before 2020,262,772443.0,813900.0,381042.0,711016.7142857143,652074.6333333333
2017-09-20,W,887017,795055,1682072,2017,9,2,Before 2020,263,786075.0,813293.0,675484.0,707041.7142857143,665575.7333333333
2017-09-21,W,859255,788217,1647472,2017,9,3,Before 2020,264,795055.0,838725.0,697126.0,704436.2857142857,669561.4333333333
2017-09-22,W,854042,781053,1635095,2017,9,4,Before 2020,265,788217.0,838001.0,719511.0,697220.8571428572,672597.8
2017-09-23,A,499368,464903,964271,2017,9,5,Before 2020,266,781053.0,521275.0,748046.0,689085.4285714285,674649.2
2017-09-24,U,378420,351102,729522,2017,9,6,Before 2020,267,464903.0,379480.0,741123.0,681032.2857142857,665211.1
2017-09-25,W,861042,767660,1628702,2017,9,0,Before 2020,268,351102.0,772443.0,446049.0,676978.2857142857,652210.4
2017-09-26,W,877350,791462,1668812,2017,9,1,Before 2020,269,767660.0,786075.0,336109.0,676295.0,662930.7666666667
2017-09-27,W,882592,796822,1679414,2017,9,2,Before 2020,270,791462.0,795055.0,740387.0,677064.5714285715,678109.2
2017-09-28,W,881438,809624,1691062,2017,9,3,Before 2020,271,796822.0,788217.0,763274.0,677317.0,679990.3666666667
2017-09-29,W,898739,811721,1710460,2017,9,4,Before 2020,272,809624.0,781053.0,779477.0,680375.1428571428,681535.3666666667
2017-09-30,A,524516,482974,1007490,2017,9,5,Before 2020,273,811721.0,464903.0,785637.0,684756.2857142857,682610.1666666666
2017-10-01,U,389470,361156,750626,2017,10,6,Before 2020,274,482974.0,351102.0,760661.0,687337.8571428572,672521.4
2017-10-02,W,877992,767540,1645532,2017,10,0,Before 2020,275,361156.0,767660.0,481961.0,688774.1428571428,659204.5666666667
2017-10-03,W,921022,794082,1715104,2017,10,1,Before 2020,276,767540.0,791462.0,410951.0,688757.0,668723.8666666667
2017-10-04,W,889343,798360,1687703,2017,10,2,Before 2020,277,794082.0,796822.0,326524.0,689131.2857142857,681494.9
2017-10-05,W,889166,816694,1705860,2017,10,3,Before 2020,278,798360.0,809624.0,763159.0,689351.0,697222.7666666667
2017-10-06,W,841999,805746,1647745,2017,10,4,Before 2020,279,816694.0,811721.0,785896.0,690361.0,699007.2666666667
2017-10-07,A,484231,469808,954039,2017,10,5,Before 2020,280,805746.0,482974.0,801972.0,689507.4285714285,699668.9333333333
2017-10-08,U,374005,539097,913102,2017,10,6,Before 2020,281,469808.0,361156.0,809597.0,687626.5714285715,688596.8
2017-10-09,W,712539,752125,1464664,2017,10,0,Before 2020,282,539097.0,767540.0,488232.0,713046.7142857143,679580.1333333333
2017-10-10,W,874192,822023,1696215,2017,10,1,Before 2020,283,752125.0,794082.0,375160.0,710844.5714285715,688376.5666666667
2017-10-11,W,850229,817909,1668138,2017,10,2,Before 2020,284,822023.0,798360.0,767744.0,714836.1428571428,703272.0
2017-10-12,W,870996,810442,1681438,2017,10,3,Before 2020,285,817909.0,816694.0,813900.0,717628.8571428572,704944.1666666666
2017-10-13,W,879791,796714,1676505,2017,10,4,Before 2020,286,810442.0,805746.0,813293.0,716735.7142857143,704828.9
2017-10-14,A,376288,368266,744554,2017,10,5,Before 2020,287,796714.0,469808.0,838725.0,715445.4285714285,704276.2666666667
2017-10-15,U,362392,335609,698001,2017,10,6,Before 2020,288,368266.0,539097.0,838001.0,700939.4285714285,688594.3
2017-10-16,W,867372,776457,1643829,2017,10,0,Before 2020,289,335609.0,752125.0,521275.0,671869.7142857143,671847.9
2017-10-17,W,882601,819635,1702236,2017,10,1,Before 2020,290,776457.0,822023.0,379480.0,675345.7142857143,680353.9666666667
2017-10-18,W,888806,831089,1719895,2017,10,2,Before 2020,291,819635.0,817909.0,772443.0,675004.5714285715,695025.8
2017-10-19,W,876423,848003,1724426,2017,10,3,Before 2020,292,831089.0,810442.0,786075.0,676887.4285714285,696980.6666666666
2017-10-20,W,862656,796878,1659534,2017,10,4,Before 2020,293,848003.0,796714.0,795055.0,682253.2857142857,699044.9333333333
2017-10-21,A,520339,481334,1001673,2017,10,5,Before 2020,294,796878.0,368266.0,788217.0,682276.7142857143,699105.7
2017-10-22,U,344543,320608,665151,2017,10,6,Before 2020,295,481334.0,335609.0,781053.0,698429.2857142857,688876.2666666667
2017-10-23,W,802893,750619,1553512,2017,10,0,Before 2020,296,320608.0,776457.0,464903.0,696286.2857142857,673528.1
2017-10-24,W,812947,769526,1582473,2017,10,1,Before 2020,297,750619.0,819635.0,351102.0,692595.1428571428,683051.9666666667
2017-10-25,W,876000,794572,1670572,2017,10,2,Before 2020,298,769526.0,831089.0,767660.0,685436.7142857143,696999.4333333333
2017-10-26,W,872176,805362,1677538,2017,10,3,Before 2020,299,794572.0,848003.0,791462.0,680220.0,697896.5
2017-10-27,W,833348,769792,1603140,2017,10,4,Before 2020,300,805362.0,796878.0,796822.0,674128.4285714285,698359.8333333334
2017-10-28,A,472503,422323,894826,2017,10,5,Before 2020,301,769792.0,481334.0,809624.0,670259.0,697458.8333333334
2017-10-29,U,355321,320982,676303,2017,10,6,Before 2020,302,422323.0,320608.0,811721.0,661828.8571428572,684548.8
2017-10-30,W,837676,753860,1591536,2017,10,0,Before 2020,303,320982.0,750619.0,482974.0,661882.2857142857,668190.8333333334
2017-10-31,W,843988,758455,1602443,2017,10,1,Before 2020,304,753860.0,769526.0,361156.0,662345.2857142857,677220.3666666667
2017-11-01,W,881053,780670,1661723,2017,11,2,Before 2020,305,758455.0,794572.0,767540.0,660763.7142857143,690463.6666666666
2017-11-02,W,864434,794788,1659222,2017,11,3,Before 2020,306,780670.0,805362.0,794082.0,658777.7142857143,690901.3333333334
2017-11-03,W,815500,755771,1571271,2017,11,4,Before 2020,307,794788.0,769792.0,798360.0,657267.1428571428,690924.8666666667
2017-11-04,A,450968,393884,844852,2017,11,5,Before 2020,308,755771.0,422323.0,816694.0,655264.1428571428,689505.2333333333
2017-11-05,U,359176,312232,671408,2017,11,6,Before 2020,309,393884.0,320982.0,805746.0,651201.4285714285,675411.5666666667
2017-11-06,W,866671,772803,1639474,2017,11,0,Before 2020,310,312232.0,753860.0,469808.0,649951.4285714285,658961.1
2017-11-07,W,871211,785554,1656765,2017,11,1,Before 2020,311,772803.0,758455.0,539097.0,652657.5714285715,669060.9333333333
2017-11-08,W,875619,796870,1672489,2017,11,2,Before 2020,312,785554.0,780670.0,752125.0,656528.8571428572,677276.1666666666
2017-11-09,W,860819,800535,1661354,2017,11,3,Before 2020,313,796870.0,794788.0,822023.0,658843.1428571428,678767.6666666666
2017-11-10,W,741017,721331,1462348,2017,11,4,Before 2020,314,800535.0,755771.0,817909.0,659664.1428571428,678051.4
2017-11-11,A,461927,427100,889027,2017,11,5,Before 2020,315,721331.0,393884.0,810442.0,654744.1428571428,674832.1333333333
2017-11-12,U,341066,303087,644153,2017,11,6,Before 2020,316,427100.0,312232.0,796714.0,659489.2857142857,662054.0666666667
2017-11-13,W,846572,758107,1604679,2017,11,0,Before 2020,317,303087.0,772803.0,368266.0,658182.8571428572,645599.8333333334
2017-11-14,W,862352,781533,1643885,2017,11,1,Before 2020,318,758107.0,785554.0,335609.0,656083.4285714285,658594.5333333333
2017-11-15,W,826138,770507,1596645,2017,11,2,Before 2020,319,781533.0,796870.0,776457.0,655509.0,673458.6666666666
2017-11-16,W,831869,773696,1605565,2017,11,3,Before 2020,320,770507.0,800535.0,819635.0,651742.8571428572,673260.3333333334
2017-11-17,W,836442,779012,1615454,2017,11,4,Before 2020,321,773696.0,721331.0,831089.0,647908.7142857143,671729.0333333333
2017-11-18,A,426814,429256,856070,2017,11,5,Before 2020,322,779012.0,427100.0,848003.0,656148.8571428572,669993.1333333333
2017-11-19,U,359562,330196,689758,2017,11,6,Before 2020,323,429256.0,303087.0,796878.0,656456.8571428572,656034.9
2017-11-20,W,840370,747181,1587551,2017,11,0,Before 2020,324,330196.0,758107.0,481334.0,660329.5714285715,640478.8333333334
2017-11-21,W,825182,745801,1570983,2017,11,1,Before 2020,325,747181.0,781533.0,320608.0,658768.7142857143,649340.4
2017-11-22,W,677643,620904,1298547,2017,11,2,Before 2020,326,745801.0,770507.0,750619.0,653664.1428571428,663513.5
2017-11-23,U,263654,208426,472080,2017,11,3,Before 2020,327,620904.0,773696.0,769526.0,632292.2857142857,659189.6666666666
2017-11-24,W,503847,415069,918916,2017,11,4,Before 2020,328,208426.0,779012.0,794572.0,551539.4285714285,640486.3333333334
2017-11-25,A,425522,369396,794918,2017,11,5,Before 2020,329,415069.0,429256.0,805362.0,499547.5714285714,627836.2333333333
2017-11-26,U,336930,290753,627683,2017,11,6,Before 2020,330,369396.0,330196.0,769792.0,490996.14285714284,613304.0333333333
2017-11-27,W,839274,726945,1566219,2017,11,0,Before 2020,331,290753.0,747181.0,422323.0,485361.4285714286,597336.0666666667
2017-11-28,W,847910,753208,1601118,2017,11,1,Before 2020,332,726945.0,745801.0,320982.0,482470.5714285714,607490.1333333333
2017-11-29,W,850702,761131,1611833,2017,11,2,Before 2020,333,753208.0,620904.0,753860.0,483528.71428571426,621897.6666666666
2017-11-30,W,850783,772769,1623552,2017,11,3,Before 2020,334,761131.0,208426.0,758455.0,503561.14285714284,622140.0333333333
2017-12-01,W,890982,785058,1676040,2017,12,4,Before 2020,335,772769.0,415069.0,780670.0,584181.5714285715,622617.1666666666
2017-12-02,A,511676,461699,973375,2017,12,5,Before 2020,336,785058.0,369396.0,794788.0,637037.1428571428,622763.4333333333
2017-12-03,U,378519,338558,717077,2017,12,6,Before 2020,337,461699.0,290753.0,755771.0,650223.2857142857,611660.4666666667
2017-12-04,W,855387,739950,1595337,2017,12,0,Before 2020,338,338558.0,726945.0,393884.0,657052.5714285715,597753.3666666667
2017-12-05,W,822703,737397,1560100,2017,12,1,Before 2020,339,739950.0,753208.0,312232.0,658910.4285714285,609288.9
2017-12-06,W,829498,742215,1571713,2017,12,2,Before 2020,340,737397.0,761131.0,772803.0,656651.7142857143,623461.0666666667
2017-12-07,W,794129,741934,1536063,2017,12,3,Before 2020,341,742215.0,772769.0,785554.0,653949.4285714285,622441.4666666667
2017-12-08,W,805911,739840,1545751,2017,12,4,Before 2020,342,741934.0,785058.0,796870.0,649544.4285714285,620987.4666666667
2017-12-09,A,439827,405822,845649,2017,12,5,Before 2020,343,739840.0,461699.0,800535.0,643084.7142857143,619086.4666666667
2017-12-10,U,336156,295505,631661,2017,12,6,Before 2020,344,405822.0,338558.0,721331.0,635102.2857142857,605929.3666666667
2017-12-11,W,807879,706163,1514042,2017,12,0,Before 2020,345,295505.0,739950.0,427100.0,628951.8571428572,591735.1666666666
2017-12-12,W,783312,709949,1493261,2017,12,1,Before 2020,346,706163.0,737397.0,303087.0,624125.1428571428,601037.2666666667
2017-12-13,W,800995,715178,1516173,2017,12,2,Before 2020,347,709949.0,742215.0,758107.0,620204.0,614599.3333333334
2017-12-14,W,790977,722667,1513644,2017,12,3,Before 2020,348,715178.0,741934.0,781533.0,616341.5714285715,613168.3666666667
2017-12-15,W,780679,700482,1481161,2017,12,4,Before 2020,349,722667.0,739840.0,770507.0,613589.1428571428,611206.1666666666
2017-12-16,A,484468,419897,904365,2017,12,5,Before 2020,350,700482.0,405822.0,773696.0,607966.5714285715,608872.0
2017-12-17,U,351260,296372,647632,2017,12,6,Before 2020,351,419897.0,295505.0,779012.0,609977.2857142857,597078.7
2017-12-18,W,784151,675289,1459440,2017,12,0,Before 2020,352,296372.0,706163.0,429256.0,610101.1428571428,580990.7
2017-12-19,W,812618,697684,1510302,2017,12,1,Before 2020,353,675289.0,709949.0,330196.0,605690.5714285715,589191.8
2017-12-20,W,798144,683898,1482042,2017,12,2,Before 2020,354,697684.0,715178.0,747181.0,603938.4285714285,601441.4
2017-12-21,W,769444,659956,1429400,2017,12,3,Before 2020,355,683898.0,722667.0,745801.0,599469.8571428572,599331.9666666667
2017-12-22,W,727262,586190,1313452,2017,12,4,Before 2020,356,659956.0,700482.0,620904.0,590511.1428571428,596470.4666666667
2017-12-23,A,438917,324065,762982,2017,12,5,Before 2020,357,586190.0,419897.0,208426.0,574183.7142857143,595313.3333333334
2017-12-24,U,275937,205801,481738,2017,12,6,Before 2020,358,324065.0,296372.0,415069.0,560493.4285714285,599167.9666666667
2017-12-25,U,164256,118654,282910,2017,12,0,Before 2020,359,205801.0,675289.0,369396.0,547554.7142857143,592192.3666666667
2017-12-26,W,398823,327742,726565,2017,12,1,Before 2020,360,118654.0,697684.0,290753.0,468035.4285714286,583834.3
2017-12-27,W,466856,416016,882872,2017,12,2,Before 2020,361,327742.0,683898.0,726945.0,415186.5714285714,585067.2666666667
2017-12-28,W,509850,456611,966461,2017,12,3,Before 2020,362,416016.0,659956.0,753208.0,376917.71428571426,574702.9666666667
2017-12-29,W,552051,466865,1018916,2017,12,4,Before 2020,363,456611.0,586190.0,761131.0,347868.4285714286,564816.4
2017-12-30,A,335207,276381,611588,2017,12,5,Before 2020,364,466865.0,324065.0,772769.0,330822.0,555007.5333333333
2017-12-31,U,274143,235949,510092,2017,12,6,Before 2020,365,276381.0,205801.0,785058.0,324010.0,538461.2666666667
2018-01-01,U,199845,195520,395365,2018,1,0,Before 2020,1,235949.0,118654.0,461699.0,328316.85714285716,520157.63333333336
2018-01-02,W,507648,514174,1021822,2018,1,1,Before 2020,2,195520.0,327742.0,338558.0,339297.71428571426,511285.0
2018-01-03,W,598578,587740,1186318,2018,1,2,Before 2020,3,514174.0,416016.0,739950.0,365930.85714285716,517138.86666666664
2018-01-04,W,594414,591081,1185495,2018,1,3,Before 2020,4,587740.0,456611.0,737397.0,390462.85714285716,512065.2
2018-01-05,W,597163,572525,1169688,2018,1,4,Before 2020,5,591081.0,466865.0,742215.0,409672.85714285716,507188.0
2018-01-06,A,372807,292077,664884,2018,1,5,Before 2020,6,572525.0,276381.0,741934.0,424767.14285714284,501531.6666666667
2018-01-07,U,284438,226604,511042,2018,1,6,Before 2020,7,292077.0,235949.0,739840.0,427009.4285714286,486536.43333333335
2018-01-08,W,755777,664263,1420040,2018,1,0,Before 2020,8,226604.0,195520.0,405822.0,425674.4285714286,469428.56666666665
2018-01-09,W,780104,684704,1464808,2018,1,1,Before 2020,9,664263.0,514174.0,295505.0,492637.71428571426,478043.26666666666
2018-01-10,W,783008,695123,1478131,2018,1,2,Before 2020,10,684704.0,587740.0,706163.0,516999.14285714284,491016.56666666665
2018-01-11,W,774197,695496,1469693,2018,1,3,Before 2020,11,695123.0,591081.0,709949.0,532339.5714285715,490648.56666666665
2018-01-12,W,730031,643915,1373946,2018,1,4,Before 2020,12,695496.0,572525.0,715178.0,547256.0,490166.8
2018-01-13,A,392644,323263,715907,2018,1,5,Before 2020,13,643915.0,292077.0,722667.0,557454.5714285715,487791.36666666664
2018-01-14,U,291206,245376,536582,2018,1,6,Before 2020,14,323263.0,226604.0,700482.0,561909.7142857143,474477.9
2018-01-15,W,463868,419604,883472,2018,1,0,Before 2020,15,245376.0,664263.0,419897.0,564591.4285714285,459307.7
2018-01-16,W,779194,710906,1490100,2018,1,1,Before 2020,16,419604.0,684704.0,296372.0,529640.1428571428,459297.93333333335
2018-01-17,W,787021,713680,1500701,2018,1,2,Before 2020,17,710906.0,695123.0,675289.0,533383.2857142857,473115.73333333334
2018-01-18,W,788150,720369,1508519,2018,1,3,Before 2020,18,713680.0,695496.0,697684.0,536034.2857142857,474395.43333333335
2018-01-19,W,784287,701290,1485577,2018,1,4,Before 2020,19,720369.0,643915.0,683898.0,539587.5714285715,475151.6
2018-01-20,A,438286,449322,887608,2018,1,5,Before 2020,20,701290.0,323263.0,659956.0,547784.0,475731.3333333333
2018-01-21,U,316648,259818,576466,2018,1,6,Before 2020,21,449322.0,245376.0,586190.0,565792.4285714285,468710.2
2018-01-22,W,781955,711848,1493803,2018,1,0,Before 2020,22,259818.0,419604.0,324065.0,567855.5714285715,457831.13333333336
2018-01-23,W,795146,733662,1528808,2018,1,1,Before 2020,23,711848.0,710906.0,205801.0,609604.7142857143,470757.23333333334
2018-01-24,W,808026,732420,1540446,2018,1,2,Before 2020,24,733662.0,713680.0,118654.0,612855.5714285715,488352.6
2018-01-25,W,813348,743858,1557206,2018,1,3,Before 2020,25,732420.0,720369.0,327742.0,615532.7142857143,508811.4666666667
2018-01-26,W,806770,722671,1529441,2018,1,4,Before 2020,26,743858.0,701290.0,416016.0,618888.2857142857,522682.0
2018-01-27,A,455974,384419,840393,2018,1,5,Before 2020,27,722671.0,449322.0,456611.0,621942.7142857143,532903.8333333334
2018-01-28,U,320779,268995,589774,2018,1,6,Before 2020,28,384419.0,259818.0,466865.0,612670.8571428572,530497.4333333333
2018-01-29,W,774310,699889,1474199,2018,1,0,Before 2020,29,268995.0,711848.0,276381.0,613981.8571428572,523901.76666666666
2018-01-30,W,801986,723334,1525320,2018,1,1,Before 2020,30,699889.0,733662.0,235949.0,612273.4285714285,538018.7
2018-01-31,W,815252,729419,1544671,2018,1,2,Before 2020,31,723334.0,732420.0,195520.0,610798.0,554264.8666666667
2018-02-01,W,824632,724399,1549031,2018,2,3,Before 2020,32,729419.0,743858.0,514174.0,610369.2857142857,572061.5
2018-02-02,W,706351,657689,1364040,2018,2,4,Before 2020,33,724399.0,722671.0,587740.0,607589.4285714285,579069.0
2018-02-03,A,435554,344309,779863,2018,2,5,Before 2020,34,657689.0,384419.0,591081.0,598306.2857142857,581400.6333333333
2018-02-04,U,279353,232906,512259,2018,2,6,Before 2020,35,344309.0,268995.0,572525.0,592576.2857142857,573174.9
2018-02-05,W,734272,675368,1409640,2018,2,0,Before 2020,36,232906.0,699889.0,292077.0,587420.7142857143,561854.2666666667
2018-02-06,W,783522,708071,1491593,2018,2,1,Before 2020,37,675368.0,723334.0,226604.0,583917.7142857143,574630.6333333333
2018-02-07,W,790600,714000,1504600,2018,2,2,Before 2020,38,708071.0,729419.0,664263.0,581737.2857142857,590679.5333333333
2018-02-08,W,782384,727764,1510148,2018,2,3,Before 2020,39,714000.0,724399.0,684704.0,579534.5714285715,592337.4333333333
2018-02-09,W,480347,490054,970401,2018,2,4,Before 2020,40,727764.0,657689.0,695123.0,580015.2857142857,593772.7666666667
2018-02-10,A,399759,351548,751307,2018,2,5,Before 2020,41,490054.0,344309.0,695496.0,556067.4285714285,586937.1333333333
2018-02-11,U,294675,260148,554823,2018,2,6,Before 2020,42,351548.0,232906.0,643915.0,557101.5714285715,575472.2
2018-02-12,W,771383,692183,1463566,2018,2,0,Before 2020,43,260148.0,675368.0,323263.0,560993.2857142857,562679.9666666667
2018-02-13,W,832686,743502,1576188,2018,2,1,Before 2020,44,692183.0,708071.0,245376.0,563395.4285714285,574977.3
2018-02-14,W,846174,756475,1602649,2018,2,2,Before 2020,45,743502.0,714000.0,419604.0,568457.0,591581.5
2018-02-15,W,819948,746521,1566469,2018,2,3,Before 2020,46,756475.0,727764.0,710906.0,574524.8571428572,602810.5333333333
2018-02-16,W,803410,725091,1528501,2018,2,4,Before 2020,47,746521.0,490054.0,713680.0,577204.4285714285,603997.7
2018-02-17,A,438472,383764,822236,2018,2,5,Before 2020,48,725091.0,351548.0,720369.0,610781.1428571428,604378.0666666667
2018-02-18,U,345438,299983,645421,2018,2,6,Before 2020,49,383764.0,260148.0,701290.0,615383.4285714285,593157.9
2018-02-19,W,569983,523621,1093604,2018,2,0,Before 2020,50,299983.0,692183.0,449322.0,621074.1428571428,579781.0
2018-02-20,W,786356,718493,1504849,2018,2,1,Before 2020,51,523621.0,743502.0,259818.0,596993.8571428572,582257.6333333333
2018-02-21,W,831241,740388,1571629,2018,2,2,Before 2020,52,718493.0,756475.0,711848.0,593421.1428571428,597546.8
2018-02-22,W,833819,743449,1577268,2018,2,3,Before 2020,53,740388.0,746521.0,733662.0,591123.0,598498.1333333333
2018-02-23,W,820477,720769,1541246,2018,2,4,Before 2020,54,743449.0,725091.0,732420.0,590684.1428571428,598824.3666666667
2018-02-24,A,461537,387230,848767,2018,2,5,Before 2020,55,720769.0,383764.0,743858.0,590066.7142857143,598436.0
2018-02-25,U,347690,292093,639783,2018,2,6,Before 2020,56,387230.0,299983.0,722671.0,590561.8571428572,586548.4
2018-02-26,W,825842,718649,1544491,2018,2,0,Before 2020,57,292093.0,523621.0,384419.0,589434.7142857143,572195.8
2018-02-27,W,846696,743269,1589965,2018,2,1,Before 2020,58,718649.0,718493.0,268995.0,617295.8571428572,583336.8
2018-02-28,W,837820,736868,1574688,2018,2,2,Before 2020,59,743269.0,740388.0,699889.0,620835.2857142857,599145.9333333333
2018-03-01,W,807973,724095,1532068,2018,3,3,Before 2020,60,736868.0,743449.0,723334.0,620332.4285714285,600378.5666666667
2018-03-02,W,838965,719445,1558410,2018,3,4,Before 2020,61,724095.0,720769.0,729419.0,617567.5714285715,600403.9333333333
2018-03-03,A,489631,400158,889789,2018,3,5,Before 2020,62,719445.0,387230.0,724399.0,617378.4285714285,600071.4666666667
2018-03-04,U,360783,288394,649177,2018,3,6,Before 2020,63,400158.0,292093.0,657689.0,619225.2857142857,589263.4333333333
2018-03-05,W,793241,686228,1479469,2018,3,0,Before 2020,64,288394.0,718649.0,344309.0,618696.8571428572,576953.6
2018-03-06,W,818087,723274,1541361,2018,3,1,Before 2020,65,686228.0,743269.0,232906.0,614065.2857142857,588350.9
2018-03-07,W,829608,731992,1561600,2018,3,2,Before 2020,66,723274.0,736868.0,675368.0,611208.8571428572,604696.5
2018-03-08,W,813217,734447,1547664,2018,3,3,Before 2020,67,731992.0,724095.0,708071.0,610512.2857142857,606583.9666666667
2018-03-09,W,806152,712092,1518244,2018,3,4,Before 2020,68,734447.0,719445.0,714000.0,611991.1428571428,607463.1666666666
2018-03-10,A,471143,394014,865157,2018,3,5,Before 2020,69,712092.0,400158.0,727764.0,610940.7142857143,607399.5666666667
2018-03-11,U,339755,286948,626703,2018,3,6,Before 2020,70,394014.0,288394.0,490054.0,610063.0,596274.5666666667
2018-03-12,W,798061,715220,1513281,2018,3,0,Before 2020,71,286948.0,686228.0,351548.0,609856.4285714285,589504.3666666667
2018-03-13,W,808848,731938,1540786,2018,3,1,Before 2020,72,715220.0,723274.0,260148.0,613998.1428571428,601626.7666666667
2018-03-14,W,834401,747391,1581792,2018,3,2,Before 2020,73,731938.0,731992.0,692183.0,615235.8571428572,617353.1
2018-03-15,W,829652,754110,1583762,2018,3,3,Before 2020,74,747391.0,734447.0,743502.0,617435.7142857143,619193.3666666667
2018-03-16,W,808945,738857,1547802,2018,3,4,Before 2020,75,754110.0,712092.0,756475.0,620244.7142857143,619546.9666666667
2018-03-17,A,471682,607823,1079505,2018,3,5,Before 2020,76,738857.0,394014.0,746521.0,624068.2857142857,618959.7
2018-03-18,U,361391,320742,682133,2018,3,6,Before 2020,77,607823.0,286948.0,725091.0,654612.4285714285,614336.4333333333
2018-03-19,W,807848,709194,1517042,2018,3,0,Before 2020,78,320742.0,715220.0,383764.0,659440.1428571428,600858.1333333333
2018-03-20,W,808168,710058,1518226,2018,3,1,Before 2020,79,709194.0,731938.0,299983.0,658579.2857142857,611705.8
2018-03-21,W,815911,715243,1531154,2018,3,2,Before 2020,80,710058.0,747391.0,523621.0,655453.5714285715,625374.9666666667
2018-03-22,W,807829,722634,1530463,2018,3,3,Before 2020,81,715243.0,754110.0,718493.0,650861.0,631762.3666666667
2018-03-23,W,789868,699928,1489796,2018,3,4,Before 2020,82,722634.0,738857.0,740388.0,646364.4285714285,631900.4
2018-03-24,A,424609,389468,814077,2018,3,5,Before 2020,83,699928.0,607823.0,743449.0,640803.1428571428,630551.7333333333
2018-03-25,U,331496,306710,638206,2018,3,6,Before 2020,84,389468.0,320742.0,720769.0,609609.5714285715,618752.3666666667
2018-03-26,W,685230,660176,1345406,2018,3,0,Before 2020,85,306710.0,709194.0,387230.0,607605.0,604950.4
2018-03-27,W,688138,684664,1372802,2018,3,1,Before 2020,86,660176.0,710058.0,292093.0,600602.4285714285,614048.6
2018-03-28,W,719691,695373,1415064,2018,3,2,Before 2020,87,684664.0,715243.0,718649.0,596974.7142857143,627134.3
2018-03-29,W,692129,686014,1378143,2018,3,3,Before 2020,88,695373.0,722634.0,743269.0,594136.1428571428,626358.4333333333
2018-03-30,W,672341,608535,1280876,2018,3,4,Before 2020,89,686014.0,699928.0,736868.0,588904.7142857143,624449.9333333333
2018-03-31,A,428294,349132,777426,2018,3,5,Before 2020,90,608535.0,389468.0,724095.0,575848.5714285715,620172.1666666666
2018-04-01,U,305848,238356,544204,2018,4,6,Before 2020,91,349132.0,306710.0,719445.0,570086.2857142857,607673.4
2018-04-02,W,782016,688114,1470130,2018,4,0,Before 2020,92,238356.0,660176.0,400158.0,560321.4285714285,591637.1
2018-04-03,W,816056,720417,1536473,2018,4,1,Before 2020,93,688114.0,684664.0,288394.0,564312.5714285715,601235.6333333333
2018-04-04,W,823619,738079,1561698,2018,4,2,Before 2020,94,720417.0,695373.0,686228.0,569420.1428571428,615636.4
2018-04-05,W,817204,753661,1570865,2018,4,3,Before 2020,95,738079.0,686014.0,723274.0,575521.0,617364.7666666667
2018-04-06,W,792532,721169,1513701,2018,4,4,Before 2020,96,753661.0,608535.0,731992.0,585184.8571428572,618377.6666666666
2018-04-07,A,466492,404650,871142,2018,4,5,Before 2020,97,721169.0,349132.0,734447.0,601275.4285714285,618016.9
2018-04-08,U,335409,283411,618820,2018,4,6,Before 2020,98,404650.0,238356.0,712092.0,609206.5714285715,607023.6666666666
2018-04-09,W,773663,708735,1482398,2018,4,0,Before 2020,99,283411.0,688114.0,394014.0,615643.0,592734.3
2018-04-10,W,798350,748682,1547032,2018,4,1,Before 2020,100,708735.0,720417.0,286948.0,618588.8571428572,603225.0
2018-04-11,W,849255,770269,1619524,2018,4,2,Before 2020,101,748682.0,738079.0,715220.0,622626.7142857143,618616.1333333333
2018-04-12,W,836193,775422,1611615,2018,4,3,Before 2020,102,770269.0,753661.0,731938.0,627225.2857142857,620451.1
2018-04-13,W,729175,716600,1445775,2018,4,4,Before 2020,103,775422.0,721169.0,747391.0,630334.0,621900.5666666667
2018-04-14,A,417189,374923,792112,2018,4,5,Before 2020,104,716600.0,404650.0,754110.0,629681.2857142857,620874.2
2018-04-15,U,300857,258277,559134,2018,4,6,Before 2020,105,374923.0,283411.0,738857.0,625434.5714285715,608234.6333333333
2018-04-16,W,773294,704714,1478008,2018,4,0,Before 2020,106,258277.0,708735.0,607823.0,621844.0,592215.3
2018-04-17,W,830925,759128,1590053,2018,4,1,Before 2020,107,704714.0,748682.0,320742.0,621269.5714285715,595445.0
2018-04-18,W,783296,728207,1511503,2018,4,2,Before 2020,108,759128.0,770269.0,709194.0,622761.8571428572,610057.8666666667
2018-04-19,W,774579,749646,1524225,2018,4,3,Before 2020,109,728207.0,775422.0,710058.0,616753.0,610691.6333333333
2018-04-20,W,812450,735681,1548131,2018,4,4,Before 2020,110,749646.0,716600.0,715243.0,613070.7142857143,612011.2333333333
2018-04-21,A,455577,392721,848298,2018,4,5,Before 2020,111,735681.0,374923.0,722634.0,615796.5714285715,612692.5
2018-04-22,U,348195,294515,642710,2018,4,6,Before 2020,112,392721.0,258277.0,699928.0,618339.1428571428,601695.4
2018-04-23,W,810268,712596,1522864,2018,4,0,Before 2020,113,294515.0,704714.0,389468.0,623516.0,588181.6333333333
2018-04-24,W,826998,743776,1570774,2018,4,1,Before 2020,114,712596.0,759128.0,306710.0,624642.0,598952.5666666667
2018-04-25,W,838143,748866,1587009,2018,4,2,Before 2020,115,743776.0,728207.0,660176.0,622448.8571428572,613521.4333333333
2018-04-26,W,837802,777534,1615336,2018,4,3,Before 2020,116,748866.0,749646.0,684664.0,625400.1428571428,616477.7666666667
2018-04-27,W,812960,752386,1565346,2018,4,4,Before 2020,117,777534.0,735681.0,695373.0,629384.1428571428,619573.4333333333
2018-04-28,A,480130,426851,906981,2018,4,5,Before 2020,118,752386.0,392721.0,686014.0,631770.5714285715,621473.8666666667
2018-04-29,U,354456,327855,682311,2018,4,6,Before 2020,119,426851.0,294515.0,608535.0,636646.2857142857,612835.1
2018-04-30,W,817980,746550,1564530,2018,4,0,Before 2020,120,327855.0,712596.0,349132.0,641409.1428571428,603479.1
2018-05-01,W,876677,777780,1654457,2018,5,1,Before 2020,121,746550.0,743776.0,238356.0,646259.7142857143,616726.3666666667
2018-05-02,W,834718,752143,1586861,2018,5,2,Before 2020,122,777780.0,748866.0,688114.0,651117.4285714285,634707.1666666666
2018-05-03,W,840135,744199,1584334,2018,5,3,Before 2020,123,752143.0,777534.0,720417.0,651585.5714285715,636841.4666666667
2018-05-04,W,830802,736342,1567144,2018,5,4,Before 2020,124,744199.0,752386.0,738079.0,646823.4285714285,637634.2
2018-05-05,A,506199,443358,949557,2018,5,5,Before 2020,125,736342.0,426851.0,753661.0,644531.4285714285,637576.3
2018-05-06,U,359516,315030,674546,2018,5,6,Before 2020,126,443358.0,327855.0,721169.0,646889.5714285715,627232.8666666667
2018-05-07,W,821267,742969,1564236,2018,5,0,Before 2020,127,315030.0,746550.0,404650.0,645057.4285714285,613694.9
2018-05-08,W,841014,781451,1622465,2018,5,1,Before 2020,128,742969.0,777780.0,283411.0,644545.8571428572,624972.2
2018-05-09,W,803570,756378,1559948,2018,5,2,Before 2020,129,781451.0,752143.0,708735.0,645070.2857142857,641573.5333333333
2018-05-10,W,838748,762718,1601466,2018,5,3,Before 2020,130,756378.0,744199.0,748682.0,645675.2857142857,643161.6333333333
2018-05-11,W,788585,744337,1532922,2018,5,4,Before 2020,131,762718.0,736342.0,770269.0,648320.8571428572,643629.5
2018-05-12,A,440554,392468,833022,2018,5,5,Before 2020,132,744337.0,443358.0,775422.0,649463.0,642765.1
2018-05-13,U,335726,306051,641777,2018,5,6,Before 2020,133,392468.0,315030.0,716600.0,642193.0,629999.9666666667
2018-05-14,W,742924,686671,1429595,2018,5,0,Before 2020,134,306051.0,742969.0,374923.0,640910.2857142857,616315.0
2018-05-15,W,809607,728488,1538095,2018,5,1,Before 2020,135,686671.0,781451.0,258277.0,632867.7142857143,626706.6
2018-05-16,W,824209,733303,1557512,2018,5,2,Before 2020,136,728488.0,756378.0,704714.0,625301.5714285715,642380.3
2018-05-17,W,807735,743467,1551202,2018,5,3,Before 2020,137,733303.0,762718.0,759128.0,622005.1428571428,643333.2666666667
2018-05-18,W,784606,717590,1502196,2018,5,4,Before 2020,138,743467.0,744337.0,728207.0,619255.0,642811.2333333333
2018-05-19,A,461266,408091,869357,2018,5,5,Before 2020,139,717590.0,392468.0,749646.0,615434.0,642457.3333333334
2018-05-20,U,321817,288853,610670,2018,5,6,Before 2020,140,408091.0,306051.0,735681.0,617665.8571428572,631072.1666666666
2018-05-21,W,709633,669968,1379601,2018,5,0,Before 2020,141,288853.0,686671.0,392721.0,615209.0,616177.9
2018-05-22,W,819740,762899,1582639,2018,5,1,Before 2020,142,669968.0,728488.0,294515.0,612822.8571428572,625419.4666666667
2018-05-23,W,827983,774273,1602256,2018,5,2,Before 2020,143,762899.0,733303.0,712596.0,617738.7142857143,641032.2666666667
2018-05-24,W,813320,757935,1571255,2018,5,3,Before 2020,144,774273.0,743467.0,743776.0,623591.5714285715,643088.1666666666
2018-05-25,W,797393,730669,1528062,2018,5,4,Before 2020,145,757935.0,717590.0,748866.0,625658.4285714285,643560.1333333333
2018-05-26,A,474011,472471,946482,2018,5,5,Before 2020,146,730669.0,408091.0,777534.0,627526.8571428572,642953.5666666667
2018-05-27,U,382202,375810,758012,2018,5,6,Before 2020,147,472471.0,288853.0,752386.0,636724.0,632784.8
2018-05-28,U,364119,325534,689653,2018,5,0,Before 2020,148,375810.0,669968.0,426851.0,649146.4285714285,620232.2666666667
2018-05-29,W,797433,716137,1513570,2018,5,1,Before 2020,149,325534.0,762899.0,327855.0,599941.5714285715,616855.0333333333
2018-05-30,W,793348,716886,1510234,2018,5,2,Before 2020,150,716137.0,774273.0,746550.0,593261.2857142857,629797.7666666667
2018-05-31,W,819988,753062,1573050,2018,5,3,Before 2020,151,716886.0,757935.0,777780.0,585063.1428571428,628808.9666666667
2018-06-01,W,851045,773824,1624869,2018,6,4,Before 2020,152,753062.0,730669.0,752143.0,584367.0,627985.0333333333
2018-06-02,A,496149,437154,933303,2018,6,5,Before 2020,153,773824.0,472471.0,744199.0,590532.0,628707.7333333333
2018-06-03,U,383320,342776,726096,2018,6,6,Before 2020,154,437154.0,375810.0,736342.0,585486.7142857143,618472.9
2018-06-04,W,820746,726476,1547222,2018,6,0,Before 2020,155,342776.0,325534.0,443358.0,580767.5714285715,605354.0333333333
2018-06-05,W,826465,778366,1604831,2018,6,1,Before 2020,156,726476.0,716137.0,315030.0,638045.0,614791.3
2018-06-06,W,820198,778486,1598684,2018,6,2,Before 2020,157,778366.0,716886.0,742969.0,646934.8571428572,630235.8333333334
2018-06-07,W,821694,798516,1620210,2018,6,3,Before 2020,158,778486.0,753062.0,781451.0,655734.8571428572,631419.7333333333
2018-06-08,W,779201,766692,1545893,2018,6,4,Before 2020,159,798516.0,773824.0,756378.0,662228.2857142857,631988.5666666667
2018-06-09,A,464236,475218,939454,2018,6,5,Before 2020,160,766692.0,437154.0,762718.0,661209.4285714285,632332.3666666667
2018-06-10,U,332042,339387,671429,2018,6,6,Before 2020,161,475218.0,342776.0,744337.0,666647.1428571428,622749.0333333333
2018-06-11,W,781557,724255,1505812,2018,6,0,Before 2020,162,339387.0,726476.0,392468.0,666163.0,609250.7
2018-06-12,W,807427,750111,1557538,2018,6,1,Before 2020,163,724255.0,778366.0,306051.0,665845.7142857143,620310.2666666667
2018-06-13,W,783799,759987,1543786,2018,6,2,Before 2020,164,750111.0,778486.0,686671.0,661809.2857142857,635112.2666666667
2018-06-14,W,795923,754502,1550425,2018,6,3,Before 2020,165,759987.0,798516.0,728488.0,659166.5714285715,637556.1333333333
2018-06-15,W,775628,735211,1510839,2018,6,4,Before 2020,166,754502.0,766692.0,733303.0,652878.8571428572,638423.2666666667
2018-06-16,A,472932,441274,914206,2018,6,5,Before 2020,167,735211.0,475218.0,743467.0,648381.5714285715,638486.8666666667
2018-06-17,U,351730,324959,676689,2018,6,6,Before 2020,168,441274.0,339387.0,717590.0,643532.4285714285,628413.7666666667
2018-06-18,W,742447,722983,1465430,2018,6,0,Before 2020,169,324959.0,724255.0,408091.0,641471.2857142857,615326.0666666667
2018-06-19,W,779092,768531,1547623,2018,6,1,Before 2020,170,722983.0,750111.0,288853.0,641289.5714285715,625822.4666666667
2018-06-20,W,741682,763084,1504766,2018,6,2,Before 2020,171,768531.0,759987.0,669968.0,643921.0,641811.7333333333
2018-06-21,W,628563,683599,1312162,2018,6,3,Before 2020,172,763084.0,754502.0,762899.0,644363.4285714285,644915.6
2018-06-22,W,669210,689577,1358787,2018,6,4,Before 2020,173,683599.0,735211.0,774273.0,634234.4285714285,642272.2666666667
2018-06-23,A,487366,452638,940004,2018,6,5,Before 2020,174,689577.0,441274.0,757935.0,627715.2857142857,639449.0666666667
2018-06-24,U,382787,515034,897821,2018,6,6,Before 2020,175,452638.0,324959.0,730669.0,629338.7142857143,629272.5
2018-06-25,W,730834,709948,1440782,2018,6,0,Before 2020,176,515034.0,722983.0,472471.0,656492.2857142857,622084.6666666666
2018-06-26,W,714896,717661,1432557,2018,6,1,Before 2020,177,709948.0,768531.0,375810.0,654630.1428571428,630000.5666666667
2018-06-27,W,734332,744015,1478347,2018,6,2,Before 2020,178,717661.0,763084.0,325534.0,647363.0,641395.6
2018-06-28,W,751395,758891,1510286,2018,6,3,Before 2020,179,744015.0,683599.0,716137.0,644638.8571428572,655344.9666666667
2018-06-29,W,748648,755938,1504586,2018,6,4,Before 2020,180,758891.0,689577.0,716886.0,655394.8571428572,656770.1
2018-06-30,A,473766,468103,941869,2018,6,5,Before 2020,181,755938.0,452638.0,753062.0,664875.0,658071.8333333334
2018-07-01,U,353385,329670,683055,2018,7,6,Before 2020,182,468103.0,515034.0,773824.0,667084.2857142857,648573.2
2018-07-02,W,734869,678249,1413118,2018,7,0,Before 2020,183,329670.0,709948.0,437154.0,640603.7142857143,633768.0666666667
2018-07-03,W,771705,716848,1488553,2018,7,1,Before 2020,184,678249.0,717661.0,342776.0,636075.2857142857,641804.5666666667
2018-07-04,U,384885,366963,751848,2018,7,2,Before 2020,185,716848.0,744015.0,726476.0,635959.1428571428,654273.6333333333
2018-07-05,W,652746,615715,1268461,2018,7,3,Before 2020,186,366963.0,758891.0,778366.0,582094.5714285715,642289.8666666667
2018-07-06,W,720068,699130,1419198,2018,7,4,Before 2020,187,615715.0,755938.0,778486.0,561640.8571428572,636868.1666666666
2018-07-07,A,485369,439367,924736,2018,7,5,Before 2020,188,699130.0,468103.0,798516.0,553525.4285714285,634222.9666666667
2018-07-08,U,376335,346489,722824,2018,7,6,Before 2020,189,439367.0,329670.0,766692.0,549420.2857142857,622251.3333333334
2018-07-09,W,742452,704612,1447064,2018,7,0,Before 2020,190,346489.0,678249.0,475218.0,551823.0,608244.5666666667
2018-07-10,W,766160,742163,1508323,2018,7,1,Before 2020,191,704612.0,716848.0,339387.0,555589.1428571428,615891.0333333333
2018-07-11,W,772083,765257,1537340,2018,7,2,Before 2020,192,742163.0,366963.0,724255.0,559205.5714285715,629316.9
2018-07-12,W,755211,766466,1521677,2018,7,3,Before 2020,193,765257.0,615715.0,750111.0,616104.7142857143,630683.6333333333
2018-07-13,W,753196,784018,1537214,2018,7,4,Before 2020,194,766466.0,699130.0,759987.0,637640.5714285715,631228.8
2018-07-14,A,471688,455259,926947,2018,7,5,Before 2020,195,784018.0,439367.0,754502.0,649767.4285714285,632029.8333333334
2018-07-15,U,380142,378006,758148,2018,7,6,Before 2020,196,455259.0,346489.0,735211.0,652037.7142857143,622055.0666666667
2018-07-16,W,731999,700335,1432334,2018,7,0,Before 2020,197,378006.0,704612.0,441274.0,656540.1428571428,610148.2333333333
2018-07-17,W,768143,739651,1507794,2018,7,1,Before 2020,198,700335.0,742163.0,324959.0,655929.1428571428,618783.6
2018-07-18,W,770336,745511,1515847,2018,7,2,Before 2020,199,739651.0,765257.0,722983.0,655570.2857142857,632606.6666666666
2018-07-19,W,765291,780813,1546104,2018,7,3,Before 2020,200,745511.0,766466.0,768531.0,652749.4285714285,633357.6
2018-07-20,W,721413,762815,1484228,2018,7,4,Before 2020,201,780813.0,784018.0,763084.0,654799.0,633767.0
2018-07-21,A,469280,483657,952937,2018,7,5,Before 2020,202,762815.0,455259.0,683599.0,651770.0,633758.0333333333
2018-07-22,U,339813,357484,697297,2018,7,6,Before 2020,203,483657.0,378006.0,689577.0,655826.8571428572,627093.3
2018-07-23,W,742296,746950,1489246,2018,7,0,Before 2020,204,357484.0,700335.0,452638.0,652895.1428571428,616023.5333333333
2018-07-24,W,766503,775343,1541846,2018,7,1,Before 2020,205,746950.0,739651.0,515034.0,659554.4285714285,625833.9333333333
2018-07-25,W,763505,768014,1531519,2018,7,2,Before 2020,206,775343.0,745511.0,709948.0,664653.2857142857,634510.9
2018-07-26,W,758033,781151,1539184,2018,7,3,Before 2020,207,768014.0,780813.0,717661.0,667868.0,636446.4333333333
2018-07-27,W,729506,741794,1471300,2018,7,4,Before 2020,208,781151.0,762815.0,744015.0,667916.2857142857,638562.7666666667
2018-07-28,A,484064,453186,937250,2018,7,5,Before 2020,209,741794.0,483657.0,758891.0,664913.2857142857,638488.7333333333
2018-07-29,U,374591,354824,729415,2018,7,6,Before 2020,210,453186.0,357484.0,755938.0,660560.2857142857,628298.5666666667
2018-07-30,W,718899,721661,1440560,2018,7,0,Before 2020,211,354824.0,746950.0,468103.0,660180.2857142857,614928.1
2018-07-31,W,733107,729861,1462968,2018,7,1,Before 2020,212,721661.0,775343.0,329670.0,656567.5714285715,623380.0333333333
2018-08-01,W,778530,757280,1535810,2018,8,2,Before 2020,213,729861.0,768014.0,678249.0,650070.1428571428,636719.7333333333
2018-08-02,W,743458,861954,1605412,2018,8,3,Before 2020,214,757280.0,781151.0,716848.0,648536.7142857143,639354.1
2018-08-03,W,765341,831628,1596969,2018,8,4,Before 2020,215,861954.0,741794.0,366963.0,660080.0,644190.9666666667
2018-08-04,A,480664,521622,1002286,2018,8,5,Before 2020,216,831628.0,453186.0,615715.0,672913.4285714285,659679.8
2018-08-05,U,368543,423810,792353,2018,8,6,Before 2020,217,521622.0,354824.0,699130.0,682690.0,656543.3666666667
2018-08-06,W,688147,687412,1375559,2018,8,0,Before 2020,218,423810.0,721661.0,439367.0,692545.1428571428,647366.0333333333
2018-08-07,W,710000,702495,1412495,2018,8,1,Before 2020,219,687412.0,729861.0,346489.0,687652.4285714285,655634.2
2018-08-08,W,737497,726837,1464334,2018,8,2,Before 2020,220,702495.0,757280.0,704612.0,683743.0,667501.0666666667
2018-08-09,W,725134,727089,1452223,2018,8,3,Before 2020,221,726837.0,861954.0,742163.0,679394.0,668241.9
2018-08-10,W,728844,757214,1486058,2018,8,4,Before 2020,222,727089.0,831628.0,765257.0,660127.5714285715,667739.4333333333
2018-08-11,A,498035,485775,983810,2018,8,5,Before 2020,223,757214.0,521622.0,766466.0,649497.0,667471.3333333334
2018-08-12,U,372421,371962,744383,2018,8,6,Before 2020,224,485775.0,423810.0,784018.0,644376.0,658114.9666666667
2018-08-13,W,705028,681926,1386954,2018,8,0,Before 2020,225,371962.0,687412.0,455259.0,636969.1428571428,644379.7666666667
2018-08-14,W,722447,739143,1461590,2018,8,1,Before 2020,226,681926.0,702495.0,378006.0,636185.4285714285,651935.3333333334
2018-08-15,W,710743,720004,1430747,2018,8,2,Before 2020,227,739143.0,726837.0,700335.0,641420.8571428572,663973.2333333333
2018-08-16,W,720279,712077,1432356,2018,8,3,Before 2020,228,720004.0,727089.0,739651.0,640444.7142857143,664628.8666666667
2018-08-17,W,702584,697625,1400209,2018,8,4,Before 2020,229,712077.0,757214.0,745511.0,638300.1428571428,663709.7333333333
2018-08-18,A,493509,469340,962849,2018,8,5,Before 2020,230,697625.0,485775.0,780813.0,629787.4285714285,662113.5333333333
2018-08-19,U,380140,357318,737458,2018,8,6,Before 2020,231,469340.0,371962.0,762815.0,627439.5714285715,651731.1
2018-08-20,W,668029,672736,1340765,2018,8,0,Before 2020,232,357318.0,681926.0,483657.0,625347.5714285715,638214.5333333333
2018-08-21,W,714668,705759,1420427,2018,8,1,Before 2020,233,672736.0,739143.0,357484.0,624034.7142857143,644517.1666666666
2018-08-22,W,747818,711067,1458885,2018,8,2,Before 2020,234,705759.0,720004.0,746950.0,619265.5714285715,656126.3333333334
2018-08-23,W,751380,748147,1499527,2018,8,3,Before 2020,235,711067.0,712077.0,775343.0,617988.8571428572,654930.2333333333
2018-08-24,W,692290,698828,1391118,2018,8,4,Before 2020,236,748147.0,697625.0,768014.0,623141.7142857143,654023.7
2018-08-25,A,472537,437488,910025,2018,8,5,Before 2020,237,698828.0,469340.0,781151.0,623313.5714285715,651717.5
2018-08-26,U,358918,344736,703654,2018,8,6,Before 2020,238,437488.0,357318.0,741794.0,618763.2857142857,640262.0666666667
2018-08-27,W,751100,740835,1491935,2018,8,0,Before 2020,239,344736.0,672736.0,453186.0,616965.8571428572,627026.8
2018-08-28,W,751236,764285,1515521,2018,8,1,Before 2020,240,740835.0,705759.0,354824.0,626694.2857142857,636615.1
2018-08-29,W,752668,767691,1520359,2018,8,2,Before 2020,241,764285.0,711067.0,721661.0,635055.1428571428,650263.8
2018-08-30,W,776906,780357,1557263,2018,8,3,Before 2020,242,767691.0,748147.0,729861.0,643144.2857142857,651798.1333333333
2018-08-31,W,773345,726643,1499988,2018,8,4,Before 2020,243,780357.0,698828.0,757280.0,647745.7142857143,653481.3333333334
2018-09-01,A,457556,415563,873119,2018,9,5,Before 2020,244,726643.0,437488.0,861954.0,651719.2857142857,652460.1
2018-09-02,U,393446,368715,762161,2018,9,6,Before 2020,245,415563.0,344736.0,831628.0,648587.1428571428,637580.4
2018-09-03,U,330488,293772,624260,2018,9,0,Before 2020,246,368715.0,740835.0,521622.0,652012.7142857143,622149.9666666667
2018-09-04,W,864262,756397,1620659,2018,9,1,Before 2020,247,293772.0,764285.0,423810.0,588146.5714285715,614554.9666666667
2018-09-05,W,854763,785143,1639906,2018,9,2,Before 2020,248,756397.0,767691.0,687412.0,587019.7142857143,625641.2
2018-09-06,W,819596,786139,1605735,2018,9,3,Before 2020,249,785143.0,780357.0,702495.0,589512.8571428572,628898.9
2018-09-07,W,814560,796057,1610617,2018,9,4,Before 2020,250,786139.0,726643.0,726837.0,590338.8571428572,631687.0333333333
2018-09-08,A,486855,460892,947747,2018,9,5,Before 2020,251,796057.0,415563.0,727089.0,600255.1428571428,633994.3666666667
2018-09-09,U,361946,329445,691391,2018,9,6,Before 2020,252,460892.0,368715.0,757214.0,606730.7142857143,625121.1333333333
2018-09-10,W,844530,792245,1636775,2018,9,0,Before 2020,253,329445.0,293772.0,485775.0,601120.7142857143,610862.1666666666
2018-09-11,W,861007,818737,1679744,2018,9,1,Before 2020,254,792245.0,756397.0,371962.0,672331.1428571428,621077.8333333334
2018-09-12,W,865443,835997,1701440,2018,9,2,Before 2020,255,818737.0,785143.0,681926.0,681236.8571428572,635970.3333333334
2018-09-13,W,851071,821484,1672555,2018,9,3,Before 2020,256,835997.0,786139.0,739143.0,688501.7142857143,641106.0333333333
2018-09-14,W,841332,833730,1675062,2018,9,4,Before 2020,257,821484.0,796057.0,720004.0,693551.0,643850.7333333333
2018-09-15,A,498240,505429,1003669,2018,9,5,Before 2020,258,833730.0,460892.0,712077.0,698932.8571428572,647641.6
2018-09-16,U,375988,375547,751535,2018,9,6,Before 2020,259,505429.0,329445.0,697625.0,705295.2857142857,640753.3333333334
2018-09-17,W,839178,794968,1634146,2018,9,0,Before 2020,260,375547.0,792245.0,469340.0,711881.2857142857,630017.4
2018-09-18,W,846003,796654,1642657,2018,9,1,Before 2020,261,794968.0,818737.0,357318.0,712270.2857142857,640871.6666666666
2018-09-19,W,844257,786851,1631108,2018,9,2,Before 2020,262,796654.0,835997.0,672736.0,709115.5714285715,655516.2
2018-09-20,W,840571,812664,1653235,2018,9,3,Before 2020,263,786851.0,821484.0,705759.0,702094.7142857143,659320.0333333333
2018-09-21,W,829287,806274,1635561,2018,9,4,Before 2020,264,812664.0,833730.0,711067.0,700834.7142857143,662883.5333333333
2018-09-22,A,497023,464531,961554,2018,9,5,Before 2020,265,806274.0,505429.0,748147.0,696912.4285714285,666057.1
2018-09-23,U,373382,331323,704705,2018,9,6,Before 2020,266,464531.0,375547.0,698828.0,691069.8571428572,656603.2333333333
2018-09-24,W,829917,806181,1636098,2018,9,0,Before 2020,267,331323.0,794968.0,437488.0,684752.1428571428,644353.0666666667
2018-09-25,W,843206,813982,1657188,2018,9,1,Before 2020,268,806181.0,796654.0,344736.0,686354.0,656642.8333333334
2018-09-26,W,868419,838474,1706893,2018,9,2,Before 2020,269,813982.0,786851.0,740835.0,688829.4285714285,672284.3666666667
2018-09-27,W,858664,847133,1705797,2018,9,3,Before 2020,270,838474.0,812664.0,764285.0,696204.1428571428,675539.0
2018-09-28,W,824823,816264,1641087,2018,9,4,Before 2020,271,847133.0,806274.0,767691.0,701128.2857142857,678300.6
2018-09-29,A,492591,500479,993070,2018,9,5,Before 2020,272,816264.0,464531.0,780357.0,702555.4285714285,679919.7
2018-09-30,U,365436,362732,728168,2018,9,6,Before 2020,273,500479.0,331323.0,726643.0,707690.8571428572,670590.4333333333
2018-10-01,W,878697,808415,1687112,2018,10,0,Before 2020,274,362732.0,806181.0,415563.0,712177.8571428572,658460.0666666667
2018-10-02,W,870588,824655,1695243,2018,10,1,Before 2020,275,808415.0,813982.0,368715.0,712497.0,671555.1333333333
2018-10-03,W,910415,829500,1739915,2018,10,2,Before 2020,276,824655.0,838474.0,293772.0,714021.7142857143,686753.1333333333
2018-10-04,W,875646,845234,1720880,2018,10,3,Before 2020,277,829500.0,847133.0,756397.0,712739.7142857143,704610.7333333333
2018-10-05,W,798129,781321,1579450,2018,10,4,Before 2020,278,845234.0,816264.0,785143.0,712468.4285714285,707571.9666666667
2018-10-06,A,471199,466775,937974,2018,10,5,Before 2020,279,781321.0,500479.0,786139.0,707476.5714285715,707444.5666666667
2018-10-07,U,325617,510071,835688,2018,10,6,Before 2020,280,466775.0,362732.0,796057.0,702661.7142857143,696799.1
2018-10-08,W,700116,719617,1419733,2018,10,0,Before 2020,281,510071.0,808415.0,460892.0,723710.1428571428,687266.2333333333
2018-10-09,W,882871,813161,1696032,2018,10,1,Before 2020,282,719617.0,824655.0,329445.0,711024.7142857143,695890.4
2018-10-10,W,831398,794576,1625974,2018,10,2,Before 2020,283,813161.0,829500.0,792245.0,709382.7142857143,712014.2666666667
2018-10-11,W,860410,817569,1677979,2018,10,3,Before 2020,284,794576.0,845234.0,818737.0,704393.5714285715,712091.9666666667
2018-10-12,W,824598,776261,1600859,2018,10,4,Before 2020,285,817569.0,781321.0,835997.0,700441.4285714285,712053.0333333333
2018-10-13,A,494592,466427,961019,2018,10,5,Before 2020,286,776261.0,466775.0,821484.0,699718.5714285715,710061.8333333334
2018-10-14,U,362011,332403,694414,2018,10,6,Before 2020,287,466427.0,510071.0,833730.0,699668.8571428572,698226.6
2018-10-15,W,836275,778324,1614599,2018,10,0,Before 2020,288,332403.0,719617.0,505429.0,674287.7142857143,681515.7
2018-10-16,W,856815,802082,1658897,2018,10,1,Before 2020,289,778324.0,813161.0,375547.0,682674.4285714285,690612.2
2018-10-17,W,866716,807188,1673904,2018,10,2,Before 2020,290,802082.0,794576.0,794968.0,681091.7142857143,704830.0333333333
2018-10-18,W,858568,814542,1673110,2018,10,3,Before 2020,291,807188.0,817569.0,796654.0,682893.4285714285,705237.3666666667
2018-10-19,W,814805,774539,1589344,2018,10,4,Before 2020,292,814542.0,776261.0,786851.0,682461.0,705833.6333333333
2018-10-20,A,464296,439297,903593,2018,10,5,Before 2020,293,774539.0,466427.0,812664.0,682215.0,705423.2333333333
2018-10-21,U,353981,332004,685985,2018,10,6,Before 2020,294,439297.0,332403.0,806274.0,678339.2857142857,692977.6666666666
2018-10-22,W,841090,769144,1610234,2018,10,0,Before 2020,295,332004.0,778324.0,464531.0,678282.2857142857,677168.6666666666
2018-10-23,W,858222,793605,1651827,2018,10,1,Before 2020,296,769144.0,802082.0,331323.0,676970.8571428572,687322.4333333333
2018-10-24,W,855770,795929,1651699,2018,10,2,Before 2020,297,793605.0,807188.0,806181.0,675759.8571428572,702731.8333333334
2018-10-25,W,846179,802796,1648975,2018,10,3,Before 2020,298,795929.0,814542.0,813982.0,674151.4285714285,702390.1
2018-10-26,W,842904,777822,1620726,2018,10,4,Before 2020,299,802796.0,774539.0,838474.0,672473.4285714285,702017.2333333333
2018-10-27,A,492859,435508,928367,2018,10,5,Before 2020,300,777822.0,439297.0,847133.0,672942.4285714285,699995.5
2018-10-28,U,334541,315184,649725,2018,10,6,Before 2020,301,435508.0,332004.0,816264.0,672401.1428571428,686274.6666666666
2018-10-29,W,835732,766123,1601855,2018,10,0,Before 2020,302,315184.0,769144.0,500479.0,669998.2857142857,669572.0
2018-10-30,W,851167,785017,1636184,2018,10,1,Before 2020,303,766123.0,793605.0,362732.0,669566.7142857143,678426.8
2018-10-31,W,840619,776366,1616985,2018,10,2,Before 2020,304,785017.0,795929.0,808415.0,668339.8571428572,692502.9666666667
2018-11-01,W,866316,798312,1664628,2018,11,3,Before 2020,305,776366.0,802796.0,824655.0,665545.1428571428,691434.6666666666
2018-11-02,W,785859,754310,1540169,2018,11,4,Before 2020,306,798312.0,777822.0,829500.0,664904.5714285715,690556.5666666667
2018-11-03,A,513626,428523,942149,2018,11,5,Before 2020,307,754310.0,435508.0,845234.0,661545.7142857143,688050.2333333333
2018-11-04,U,322036,291311,613347,2018,11,6,Before 2020,308,428523.0,315184.0,781321.0,660547.8571428572,674159.8666666667
2018-11-05,W,853379,770186,1623565,2018,11,0,Before 2020,309,291311.0,766123.0,466775.0,657137.4285714285,657826.2
2018-11-06,W,836999,764653,1601652,2018,11,1,Before 2020,310,770186.0,785017.0,510071.0,657717.8571428572,667939.9
2018-11-07,W,841086,783160,1624246,2018,11,2,Before 2020,311,764653.0,776366.0,719617.0,654808.7142857143,676425.9666666667
2018-11-08,W,841232,797333,1638565,2018,11,3,Before 2020,312,783160.0,798312.0,813161.0,655779.2857142857,678544.0666666667
2018-11-09,W,796310,751427,1547737,2018,11,4,Before 2020,313,797333.0,754310.0,794576.0,655639.4285714285,678016.4666666667
2018-11-10,A,465852,385710,851562,2018,11,5,Before 2020,314,751427.0,428523.0,817569.0,655227.5714285715,676578.1666666666
2018-11-11,U,344050,304712,648762,2018,11,6,Before 2020,315,385710.0,291311.0,776261.0,649111.4285714285,662182.8666666667
2018-11-12,W,652992,652215,1305207,2018,11,0,Before 2020,316,304712.0,770186.0,466427.0,651025.8571428572,646464.5666666667
2018-11-13,W,824479,769160,1593639,2018,11,1,Before 2020,317,652215.0,764653.0,332403.0,634172.8571428572,652657.5
2018-11-14,W,820013,766177,1586190,2018,11,2,Before 2020,318,769160.0,783160.0,778324.0,634816.7142857143,667216.0666666667
2018-11-15,W,768946,764868,1533814,2018,11,3,Before 2020,319,766177.0,797333.0,802082.0,632390.5714285715,666811.1666666666
2018-11-16,W,816628,783218,1599846,2018,11,4,Before 2020,320,764868.0,751427.0,807188.0,627752.7142857143,665570.7
2018-11-17,A,437661,453688,891349,2018,11,5,Before 2020,321,783218.0,385710.0,814542.0,632294.2857142857,664771.7
2018-11-18,U,339408,316014,655422,2018,11,6,Before 2020,322,453688.0,304712.0,774539.0,642005.4285714285,652743.2333333333
2018-11-19,W,803920,740162,1544082,2018,11,0,Before 2020,323,316014.0,652215.0,439297.0,643620.0,637459.0666666667
2018-11-20,W,807383,741467,1548850,2018,11,1,Before 2020,324,740162.0,769160.0,332004.0,656183.8571428572,647487.9
2018-11-21,W,649866,605419,1255285,2018,11,2,Before 2020,325,741467.0,766177.0,769144.0,652227.7142857143,661136.6666666666
2018-11-22,U,244365,196549,440914,2018,11,3,Before 2020,326,605419.0,764868.0,793605.0,629262.2857142857,655679.1666666666
2018-11-23,W,473453,393241,866694,2018,11,4,Before 2020,327,196549.0,783218.0,795929.0,548073.8571428572,635777.3
2018-11-24,A,407870,347967,755837,2018,11,5,Before 2020,328,393241.0,453688.0,802796.0,492362.85714285716,622354.3666666667
2018-11-25,U,285466,246992,532458,2018,11,6,Before 2020,329,347967.0,316014.0,777822.0,477259.85714285716,607193.4
2018-11-26,W,681371,647084,1328455,2018,11,0,Before 2020,330,246992.0,740162.0,435508.0,467399.5714285714,589499.0666666667
2018-11-27,W,788682,742355,1531037,2018,11,1,Before 2020,331,647084.0,741467.0,315184.0,454102.71428571426,596551.6
2018-11-28,W,804497,749760,1554257,2018,11,2,Before 2020,332,742355.0,605419.0,766123.0,454229.5714285714,610790.6333333333
2018-11-29,W,809744,764611,1574355,2018,11,3,Before 2020,333,749760.0,196549.0,785017.0,474849.71428571426,610245.2
2018-11-30,W,840494,760471,1600965,2018,11,4,Before 2020,334,764611.0,393241.0,776366.0,556001.4285714285,609565.0
2018-12-01,A,428105,359088,787193,2018,12,5,Before 2020,335,760471.0,347967.0,798312.0,608462.8571428572,609035.1666666666
2018-12-02,U,339157,285153,624310,2018,12,6,Before 2020,336,359088.0,246992.0,754310.0,610051.5714285715,594394.3666666667
2018-12-03,W,831431,731079,1562510,2018,12,0,Before 2020,337,285153.0,647084.0,428523.0,615503.1428571428,578755.8
2018-12-04,W,835143,745696,1580839,2018,12,1,Before 2020,338,731079.0,742355.0,291311.0,627502.4285714285,588841.0
2018-12-05,W,816399,736966,1553365,2018,12,2,Before 2020,339,745696.0,749760.0,770186.0,627979.7142857143,603987.1666666666
2018-12-06,W,820745,757102,1577847,2018,12,3,Before 2020,340,736966.0,764611.0,764653.0,626152.0,602879.8333333334
2018-12-07,W,785144,731440,1516584,2018,12,4,Before 2020,341,757102.0,760471.0,783160.0,625079.2857142857,602628.1333333333
2018-12-08,A,456911,399714,856625,2018,12,5,Before 2020,342,731440.0,359088.0,797333.0,620932.0,600904.1333333333
2018-12-09,U,346457,291673,638130,2018,12,6,Before 2020,343,399714.0,285153.0,751427.0,626735.7142857143,587650.1666666666
2018-12-10,W,794682,706501,1501183,2018,12,0,Before 2020,344,291673.0,731079.0,385710.0,627667.1428571428,572325.0333333333
2018-12-11,W,817284,731059,1548343,2018,12,1,Before 2020,345,706501.0,745696.0,304712.0,624156.0,583018.0666666667
2018-12-12,W,809305,727070,1536375,2018,12,2,Before 2020,346,731059.0,736966.0,652215.0,622065.0,597229.6333333333
2018-12-13,W,804783,738003,1542786,2018,12,3,Before 2020,347,727070.0,757102.0,769160.0,620651.2857142857,599724.8
2018-12-14,W,789944,724198,1514142,2018,12,4,Before 2020,348,738003.0,731440.0,766177.0,617922.8571428572,598686.2333333333
2018-12-15,A,481485,425132,906617,2018,12,5,Before 2020,349,724198.0,399714.0,764868.0,616888.2857142857,597286.9333333333
2018-12-16,U,353013,309297,662310,2018,12,6,Before 2020,350,425132.0,291673.0,783218.0,620519.4285714285,585962.4
2018-12-17,W,791252,668008,1459260,2018,12,0,Before 2020,351,309297.0,706501.0,453688.0,623037.1428571428,570165.0333333333
2018-12-18,W,794636,701867,1496503,2018,12,1,Before 2020,352,668008.0,731059.0,316014.0,617538.1428571428,577309.0333333333
2018-12-19,W,799278,700814,1500092,2018,12,2,Before 2020,353,701867.0,727070.0,740162.0,613367.8571428572,590170.8
2018-12-20,W,762587,682043,1444630,2018,12,3,Before 2020,354,700814.0,738003.0,741467.0,609617.0,588859.2
2018-12-21,W,727571,633479,1361050,2018,12,4,Before 2020,355,682043.0,724198.0,605419.0,601622.7142857143,586878.4
2018-12-22,A,442692,339426,782118,2018,12,5,Before 2020,356,633479.0,425132.0,196549.0,588662.8571428572,587813.7333333333
2018-12-23,U,330462,260130,590592,2018,12,6,Before 2020,357,339426.0,309297.0,393241.0,576419.1428571428,592576.3
2018-12-24,W,422369,279324,701693,2018,12,0,Before 2020,358,260130.0,668008.0,347967.0,569395.2857142857,588139.2666666667
2018-12-25,U,188696,127994,316690,2018,12,1,Before 2020,359,279324.0,701867.0,246992.0,513869.0,585851.1666666666
2018-12-26,W,515030,411993,927023,2018,12,2,Before 2020,360,127994.0,700814.0,647084.0,431887.14285714284,581884.5666666667
2018-12-27,W,509948,453029,962977,2018,12,3,Before 2020,361,411993.0,682043.0,742355.0,390627.0,574048.2
2018-12-28,W,577497,493961,1071458,2018,12,4,Before 2020,362,453029.0,633479.0,749760.0,357910.71428571426,564404.0
2018-12-29,A,394088,307105,701193,2018,12,5,Before 2020,363,493961.0,339426.0,764611.0,337979.5714285714,555877.3666666667
2018-12-30,U,314550,265310,579860,2018,12,6,Before 2020,364,307105.0,260130.0,760471.0,333362.28571428574,540627.1666666666
2018-12-31,W,463165,386058,849223,2018,12,0,Before 2020,365,265310.0,279324.0,359088.0,334102.28571428574,524121.8
2019-01-01,U,248879,245852,494731,2019,1,1,Before 2020,1,386058.0,127994.0,285153.0,349350.0,525020.8
2019-01-02,W,591006,573542,1164548,2019,1,2,Before 2020,2,245852.0,411993.0,731079.0,366186.85714285716,523710.76666666666
2019-01-03,W,664442,627781,1292223,2019,1,3,Before 2020,3,573542.0,453029.0,745696.0,389265.28571428574,518459.5333333333
2019-01-04,W,668812,628514,1297326,2019,1,4,Before 2020,4,627781.0,493961.0,736966.0,414229.85714285716,514529.0333333333
2019-01-05,A,444434,348257,792691,2019,1,5,Before 2020,5,628514.0,307105.0,757102.0,433451.71428571426,510913.9666666667
2019-01-06,U,318623,260556,579179,2019,1,6,Before 2020,6,348257.0,265310.0,731440.0,439330.5714285714,497285.8
2019-01-07,W,723023,662470,1385493,2019,1,0,Before 2020,7,260556.0,386058.0,399714.0,438651.4285714286,481589.6666666667
2019-01-08,W,784085,701693,1485778,2019,1,1,Before 2020,8,662470.0,245852.0,291673.0,478138.85714285716,490348.2
2019-01-09,W,747949,685444,1433393,2019,1,2,Before 2020,9,701693.0,573542.0,706501.0,543259.0,504015.5333333333
2019-01-10,W,747850,690162,1438012,2019,1,3,Before 2020,10,685444.0,627781.0,731059.0,559245.0,503313.63333333336
2019-01-11,W,763718,679115,1442833,2019,1,4,Before 2020,11,690162.0,628514.0,727070.0,568156.5714285715,501950.4
2019-01-12,A,382464,325219,707683,2019,1,5,Before 2020,12,679115.0,348257.0,738003.0,575385.2857142857,500351.9
2019-01-13,U,301855,250222,552077,2019,1,6,Before 2020,13,325219.0,260556.0,724198.0,572094.1428571428,486592.43333333335
2019-01-14,W,756590,705571,1462161,2019,1,0,Before 2020,14,250222.0,662470.0,425132.0,570617.8571428572,470793.23333333334
2019-01-15,W,783113,720095,1503208,2019,1,1,Before 2020,15,705571.0,701693.0,309297.0,576775.1428571428,480141.2
2019-01-16,W,800537,728048,1528585,2019,1,2,Before 2020,16,720095.0,685444.0,668008.0,579404.0,493834.4666666667
2019-01-17,W,800348,734929,1535277,2019,1,3,Before 2020,17,728048.0,690162.0,701867.0,585490.2857142857,495835.8
2019-01-18,W,776640,700006,1476646,2019,1,4,Before 2020,18,734929.0,679115.0,700814.0,591885.5714285715,496937.86666666664
2019-01-19,A,337080,312424,649504,2019,1,5,Before 2020,19,700006.0,325219.0,682043.0,594870.0,496910.93333333335
2019-01-20,U,271961,236744,508705,2019,1,6,Before 2020,20,312424.0,250222.0,633479.0,593042.1428571428,484590.3
2019-01-21,W,445534,401503,847037,2019,1,0,Before 2020,21,236744.0,705571.0,339426.0,591116.7142857143,471365.8
2019-01-22,W,757962,712125,1470087,2019,1,1,Before 2020,22,401503.0,720095.0,260130.0,547678.4285714285,473435.0333333333
2019-01-23,W,764136,718899,1483035,2019,1,2,Before 2020,23,712125.0,728048.0,279324.0,546539.8571428572,488501.5333333333
2019-01-24,W,745872,711300,1457172,2019,1,3,Before 2020,24,718899.0,734929.0,127994.0,545232.8571428572,503154.0333333333
2019-01-25,W,568100,590674,1158774,2019,1,4,Before 2020,25,711300.0,700006.0,411993.0,541857.2857142857,522597.56666666665
2019-01-26,A,343625,296063,639688,2019,1,5,Before 2020,26,590674.0,312424.0,453029.0,526238.4285714285,528553.6
2019-01-27,U,258884,221081,479965,2019,1,6,Before 2020,27,296063.0,236744.0,493961.0,523901.14285714284,523321.4
2019-01-28,W,668192,678810,1347002,2019,1,0,Before 2020,28,221081.0,401503.0,307105.0,521663.5714285714,514225.4
2019-01-29,W,581664,579917,1161581,2019,1,1,Before 2020,29,678810.0,712125.0,265310.0,561278.8571428572,526615.5666666667
2019-01-30,W,124154,97917,222071,2019,1,2,Before 2020,30,579917.0,718899.0,386058.0,542392.0,537102.4666666667
2019-01-31,W,282336,243912,526248,2019,1,3,Before 2020,31,97917.0,711300.0,245852.0,453680.28571428574,527497.7666666667
2019-02-01,W,683059,648091,1331150,2019,2,4,Before 2020,32,243912.0,590674.0,573542.0,386910.5714285714,527433.1
2019-02-02,A,435441,345650,781091,2019,2,5,Before 2020,33,648091.0,296063.0,627781.0,395113.0,529918.0666666667
2019-02-03,U,322488,250724,573212,2019,2,6,Before 2020,34,345650.0,221081.0,628514.0,402196.85714285716,520513.7
2019-02-04,W,808055,718764,1526819,2019,2,0,Before 2020,35,250724.0,678810.0,348257.0,406431.5714285714,507920.7
2019-02-05,W,808858,734181,1543039,2019,2,1,Before 2020,36,718764.0,579917.0,260556.0,412139.28571428574,520270.93333333335
2019-02-06,W,799164,727769,1526933,2019,2,2,Before 2020,37,734181.0,97917.0,662470.0,434177.0,536058.4333333333
2019-02-07,W,789342,732351,1521693,2019,2,3,Before 2020,38,727769.0,243912.0,701693.0,524155.85714285716,538235.0666666667
2019-02-08,W,710682,655823,1366505,2019,2,4,Before 2020,39,732351.0,648091.0,685444.0,593932.8571428572,539257.0
2019-02-09,A,423681,338847,762528,2019,2,5,Before 2020,40,655823.0,345650.0,690162.0,595037.4285714285,538269.6333333333
2019-02-10,U,296809,251192,548001,2019,2,6,Before 2020,41,338847.0,250724.0,679115.0,594065.5714285715,526559.1333333333
2019-02-11,W,779386,704667,1484053,2019,2,0,Before 2020,42,251192.0,718764.0,325219.0,594132.4285714285,512295.0333333333
2019-02-12,W,741083,698387,1439470,2019,2,1,Before 2020,43,704667.0,734181.0,250222.0,592118.5714285715,524943.3
2019-02-13,W,795205,728764,1523969,2019,2,2,Before 2020,44,698387.0,727769.0,705571.0,587005.1428571428,539882.1333333333
2019-02-14,W,824482,746611,1571093,2019,2,3,Before 2020,45,728764.0,732351.0,720095.0,587147.2857142857,540655.2333333333
2019-02-15,W,754152,687932,1442084,2019,2,4,Before 2020,46,746611.0,655823.0,728048.0,589184.4285714285,541539.1
2019-02-16,A,438454,362613,801067,2019,2,5,Before 2020,47,687932.0,338847.0,734929.0,593771.4285714285,540201.9
2019-02-17,U,296482,256817,553299,2019,2,6,Before 2020,48,362613.0,251192.0,700006.0,597166.5714285715,527791.3666666667
2019-02-18,W,555501,519409,1074910,2019,2,0,Before 2020,49,256817.0,704667.0,312424.0,597970.1428571428,513018.4
2019-02-19,W,812492,725195,1537687,2019,2,1,Before 2020,50,519409.0,698387.0,236744.0,571504.7142857143,519917.9
2019-02-20,W,779660,717172,1496832,2019,2,2,Before 2020,51,725195.0,728764.0,401503.0,575334.4285714285,536199.6
2019-02-21,W,813056,727504,1540560,2019,2,3,Before 2020,52,717172.0,746611.0,712125.0,573678.4285714285,546721.9
2019-02-22,W,798311,702988,1501299,2019,2,4,Before 2020,53,727504.0,687932.0,718899.0,570948.8571428572,547234.5333333333
2019-02-23,A,406839,328179,735018,2019,2,5,Before 2020,54,702988.0,362613.0,711300.0,573099.7142857143,546704.1666666666
2019-02-24,U,288368,240478,528846,2019,2,6,Before 2020,55,328179.0,256817.0,590674.0,568180.5714285715,533933.4666666667
2019-02-25,W,762857,680844,1443701,2019,2,0,Before 2020,56,240478.0,519409.0,296063.0,565846.4285714285,522260.26666666666
2019-02-26,W,773049,699462,1472511,2019,2,1,Before 2020,57,680844.0,725195.0,221081.0,588908.5714285715,535086.3
2019-02-27,W,797800,711827,1509627,2019,2,2,Before 2020,58,699462.0,717172.0,678810.0,585232.4285714285,551032.3333333334
2019-02-28,W,783920,714700,1498620,2019,2,3,Before 2020,59,711827.0,727504.0,579917.0,584468.8571428572,552132.9
2019-03-01,W,812238,682969,1495207,2019,3,4,Before 2020,60,714700.0,702988.0,97917.0,582639.7142857143,556625.6666666666
2019-03-02,A,454119,349392,803511,2019,3,5,Before 2020,61,682969.0,328179.0,243912.0,579779.8571428572,576127.4
2019-03-03,U,313539,252150,565689,2019,3,6,Before 2020,62,349392.0,240478.0,648091.0,582810.2857142857,579643.4
2019-03-04,W,699086,635353,1334439,2019,3,0,Before 2020,63,252150.0,680844.0,345650.0,584477.7142857143,566445.3666666667
2019-03-05,W,761781,692945,1454726,2019,3,1,Before 2020,64,635353.0,699462.0,250724.0,577979.0,576102.1333333333
2019-03-06,W,790908,708876,1499784,2019,3,2,Before 2020,65,692945.0,711827.0,718764.0,577048.0,590842.8333333334
2019-03-07,W,790299,711428,1501727,2019,3,3,Before 2020,66,708876.0,714700.0,734181.0,576626.4285714285,590513.2333333333
2019-03-08,W,781577,684186,1465763,2019,3,4,Before 2020,67,711428.0,682969.0,727769.0,576159.0,589754.8
2019-03-09,A,409779,326686,736465,2019,3,5,Before 2020,68,684186.0,349392.0,732351.0,576332.8571428572,588302.0333333333
2019-03-10,U,310427,250702,561129,2019,3,6,Before 2020,69,326686.0,252150.0,655823.0,573089.1428571428,574779.8666666667
2019-03-11,W,784354,697758,1482112,2019,3,0,Before 2020,70,250702.0,635353.0,338847.0,572882.2857142857,561275.8333333334
2019-03-12,W,816229,729476,1545705,2019,3,1,Before 2020,71,697758.0,692945.0,251192.0,581797.2857142857,573239.5333333333
2019-03-13,W,785256,727150,1512406,2019,3,2,Before 2020,72,729476.0,708876.0,704667.0,587016.0,589182.3333333334
2019-03-14,W,777417,726502,1503919,2019,3,3,Before 2020,73,727150.0,711428.0,698387.0,589626.5714285715,589931.7666666667
2019-03-15,W,769660,716230,1485890,2019,3,4,Before 2020,74,726502.0,684186.0,728764.0,591780.0,590868.9333333333
2019-03-16,A,468181,570703,1038884,2019,3,5,Before 2020,75,716230.0,326686.0,746611.0,596357.7142857143,590451.1333333333
2019-03-17,U,337661,301294,638955,2019,3,6,Before 2020,76,570703.0,250702.0,687932.0,631217.2857142857,584587.5333333333
2019-03-18,W,786322,711535,1497857,2019,3,0,Before 2020,77,301294.0,697758.0,362613.0,638444.7142857143,571699.6
2019-03-19,W,812217,727732,1539949,2019,3,1,Before 2020,78,711535.0,729476.0,256817.0,640412.8571428572,583330.3333333334
2019-03-20,W,782960,712714,1495674,2019,3,2,Before 2020,79,727732.0,727150.0,519409.0,640163.7142857143,599027.5
2019-03-21,W,795501,719946,1515447,2019,3,3,Before 2020,80,712714.0,726502.0,725195.0,638101.4285714285,605471.0
2019-03-22,W,784281,695716,1479997,2019,3,4,Before 2020,81,719946.0,716230.0,717172.0,637164.8571428572,605296.0333333333
2019-03-23,A,472376,386972,859348,2019,3,5,Before 2020,82,695716.0,570703.0,727504.0,634234.2857142857,604580.8333333334
2019-03-24,U,312958,279989,592947,2019,3,6,Before 2020,83,386972.0,301294.0,702988.0,607987.0,593229.7666666667
2019-03-25,W,761448,666862,1428310,2019,3,0,Before 2020,84,279989.0,711535.0,328179.0,604943.4285714285,579129.8
2019-03-26,W,794453,688849,1483302,2019,3,1,Before 2020,85,666862.0,727732.0,240478.0,598561.5714285715,590419.2333333333
2019-03-27,W,802407,693509,1495916,2019,3,2,Before 2020,86,688849.0,712714.0,680844.0,593006.8571428572,605364.9333333333
2019-03-28,W,782670,692421,1475091,2019,3,3,Before 2020,87,693509.0,719946.0,699462.0,590263.2857142857,605787.1
2019-03-29,W,764086,667916,1432002,2019,3,4,Before 2020,88,692421.0,695716.0,711827.0,586331.1428571428,605552.4
2019-03-30,A,428233,346980,775213,2019,3,5,Before 2020,89,667916.0,386972.0,714700.0,582359.7142857143,604088.7
2019-03-31,U,324724,264228,588952,2019,3,6,Before 2020,90,346980.0,279989.0,682969.0,576646.5714285715,591831.3666666667
2019-04-01,W,825150,707874,1533024,2019,4,0,Before 2020,91,264228.0,666862.0,349392.0,574395.0,577873.3333333334
2019-04-02,W,815370,727263,1542633,2019,4,1,Before 2020,92,707874.0,688849.0,252150.0,580253.8571428572,589822.7333333333
2019-04-03,W,846418,744443,1590861,2019,4,2,Before 2020,93,727263.0,693509.0,635353.0,585741.5714285715,605659.8333333334
2019-04-04,W,791393,735719,1527112,2019,4,3,Before 2020,94,744443.0,692421.0,692945.0,593017.8571428572,609296.1666666666
2019-04-05,W,754962,710414,1465376,2019,4,4,Before 2020,95,735719.0,667916.0,708876.0,599203.2857142857,610721.9666666667
2019-04-06,A,487323,414140,901463,2019,4,5,Before 2020,96,710414.0,346980.0,711428.0,605274.4285714285,610773.2333333333
2019-04-07,U,331229,276992,608221,2019,4,6,Before 2020,97,414140.0,264228.0,684186.0,614868.7142857143,600863.6333333333
2019-04-08,W,823032,754465,1577497,2019,4,0,Before 2020,98,276992.0,707874.0,326686.0,616692.1428571428,587290.5
2019-04-09,W,791556,747311,1538867,2019,4,1,Before 2020,99,754465.0,727263.0,250702.0,623348.0,601549.8
2019-04-10,W,760548,731858,1492406,2019,4,2,Before 2020,100,747311.0,744443.0,697758.0,626212.0,618103.4333333333
2019-04-11,W,771911,746596,1518507,2019,4,3,Before 2020,101,731858.0,735719.0,729476.0,624414.1428571428,619240.1
2019-04-12,W,795077,731825,1526902,2019,4,4,Before 2020,102,746596.0,710414.0,727150.0,625968.0,619810.7666666667
2019-04-13,A,473087,417501,890588,2019,4,5,Before 2020,103,731825.0,414140.0,726502.0,629026.7142857143,619966.6
2019-04-14,U,240601,215007,455608,2019,4,6,Before 2020,104,417501.0,276992.0,716230.0,629506.8571428572,609666.5666666667
2019-04-15,W,694149,679904,1374053,2019,4,0,Before 2020,105,215007.0,754465.0,570703.0,620651.8571428572,592959.1333333333
2019-04-16,W,725056,709023,1434079,2019,4,1,Before 2020,106,679904.0,747311.0,301294.0,610000.2857142857,596599.1666666666
2019-04-17,W,710771,699083,1409854,2019,4,2,Before 2020,107,709023.0,731858.0,711535.0,604530.5714285715,610190.1333333333
2019-04-18,W,654819,675919,1330738,2019,4,3,Before 2020,108,699083.0,746596.0,727732.0,599848.4285714285,609775.0666666667
2019-04-19,W,643329,619953,1263282,2019,4,4,Before 2020,109,675919.0,731825.0,712714.0,589751.7142857143,608047.9666666667
2019-04-20,A,462233,372841,835074,2019,4,5,Before 2020,110,619953.0,417501.0,719946.0,573770.0,604955.9333333333
2019-04-21,U,330270,276935,607205,2019,4,6,Before 2020,111,372841.0,215007.0,695716.0,567390.0,593385.7666666667
2019-04-22,W,767623,692515,1460138,2019,4,0,Before 2020,112,276935.0,679904.0,386972.0,576236.8571428572,579426.4
2019-04-23,W,806358,747351,1553709,2019,4,1,Before 2020,113,692515.0,709023.0,279989.0,578038.4285714285,589611.1666666666
2019-04-24,W,813407,759394,1572801,2019,4,2,Before 2020,114,747351.0,699083.0,666862.0,583513.8571428572,605189.9
2019-04-25,W,820219,770006,1590225,2019,4,3,Before 2020,115,759394.0,675919.0,688849.0,592129.7142857143,608274.3
2019-04-26,W,806103,731398,1537501,2019,4,4,Before 2020,116,770006.0,619953.0,693509.0,605570.7142857143,610979.5333333333
2019-04-27,A,369056,319488,688544,2019,4,5,Before 2020,117,731398.0,372841.0,692421.0,621491.4285714285,612242.5
2019-04-28,U,338518,289270,627788,2019,4,6,Before 2020,118,319488.0,276935.0,667916.0,613869.5714285715,599811.4
2019-04-29,W,729815,673476,1403291,2019,4,0,Before 2020,119,289270.0,692515.0,346980.0,615631.7142857143,587189.8666666667
2019-04-30,W,757497,707685,1465182,2019,4,1,Before 2020,120,673476.0,747351.0,264228.0,612911.8571428572,598073.0666666667
2019-05-01,W,841583,729104,1570687,2019,5,2,Before 2020,121,707685.0,759394.0,707874.0,607245.2857142857,612854.9666666667
2019-05-02,W,787163,728705,1515868,2019,5,3,Before 2020,122,729104.0,770006.0,727263.0,602918.1428571428,613562.6333333333
2019-05-03,W,834369,750517,1584886,2019,5,4,Before 2020,123,728705.0,731398.0,744443.0,597018.0,613610.7
2019-05-04,A,495436,437434,932870,2019,5,5,Before 2020,124,750517.0,319488.0,735719.0,599749.2857142857,613813.1666666666
2019-05-05,U,402463,338727,741190,2019,5,6,Before 2020,125,437434.0,289270.0,710414.0,616598.7142857143,603870.3333333334
2019-05-06,W,803622,724230,1527852,2019,5,0,Before 2020,126,338727.0,673476.0,414140.0,623664.0,591480.7666666667
2019-05-07,W,805130,738981,1544111,2019,5,1,Before 2020,127,724230.0,707685.0,276992.0,630914.5714285715,601817.1
2019-05-08,W,822516,755171,1577687,2019,5,2,Before 2020,128,738981.0,729104.0,754465.0,635385.4285714285,617216.7333333333
2019-05-09,W,810976,751965,1562941,2019,5,3,Before 2020,129,755171.0,728705.0,747311.0,639109.2857142857,617240.2666666667
2019-05-10,W,816268,749306,1565574,2019,5,4,Before 2020,130,751965.0,750517.0,731858.0,642432.1428571428,617395.4
2019-05-11,A,456362,407442,863804,2019,5,5,Before 2020,131,749306.0,437434.0,746596.0,642259.1428571428,617977.0
2019-05-12,U,336476,298999,635475,2019,5,6,Before 2020,132,407442.0,338727.0,731825.0,637974.5714285715,606671.8666666667
2019-05-13,W,783657,704326,1487983,2019,5,0,Before 2020,133,298999.0,724230.0,417501.0,632299.1428571428,592244.3333333334
2019-05-14,W,808863,722423,1531286,2019,5,1,Before 2020,134,704326.0,738981.0,215007.0,629455.7142857143,601805.1666666666
2019-05-15,W,810290,724761,1535051,2019,5,2,Before 2020,135,722423.0,755171.0,679904.0,627090.2857142857,618719.0333333333
2019-05-16,W,768250,714282,1482532,2019,5,3,Before 2020,136,724761.0,751965.0,709023.0,622746.0,620214.2666666667
2019-05-17,W,758399,691390,1449789,2019,5,4,Before 2020,137,714282.0,749306.0,699083.0,617362.7142857143,620389.5666666667
2019-05-18,A,448115,388373,836488,2019,5,5,Before 2020,138,691390.0,407442.0,675919.0,609089.0,620133.1333333333
2019-05-19,U,332006,295929,627935,2019,5,6,Before 2020,139,388373.0,298999.0,619953.0,606364.8571428572,610548.2666666667
2019-05-20,W,781061,721397,1502458,2019,5,0,Before 2020,140,295929.0,704326.0,372841.0,605926.2857142857,599747.4666666667
2019-05-21,W,777647,723782,1501429,2019,5,1,Before 2020,141,721397.0,722423.0,276935.0,608365.0,611366.0
2019-05-22,W,811376,756639,1568015,2019,5,2,Before 2020,142,723782.0,724761.0,692515.0,608559.1428571428,626260.9
2019-05-23,W,801697,766717,1568414,2019,5,3,Before 2020,143,756639.0,714282.0,747351.0,613113.1428571428,628398.3666666667
2019-05-24,W,749827,681443,1431270,2019,5,4,Before 2020,144,766717.0,691390.0,759394.0,620603.8571428572,629043.9
2019-05-25,A,483109,426932,910041,2019,5,5,Before 2020,145,681443.0,388373.0,770006.0,619182.8571428572,626445.5333333333
2019-05-26,U,349368,335435,684803,2019,5,6,Before 2020,146,426932.0,295929.0,731398.0,624691.2857142857,615009.7333333333
2019-05-27,U,298987,256757,555744,2019,5,0,Before 2020,147,335435.0,721397.0,319488.0,630335.0,601810.9666666667
2019-05-28,W,769069,694292,1463361,2019,5,1,Before 2020,148,256757.0,723782.0,289270.0,563957.8571428572,599719.9333333333
2019-05-29,W,791059,717681,1508740,2019,5,2,Before 2020,149,694292.0,756639.0,673476.0,559745.0,613220.6666666666
2019-05-30,W,792091,735508,1527599,2019,5,3,Before 2020,150,717681.0,766717.0,707685.0,554179.5714285715,614694.1666666666
2019-05-31,W,817633,738322,1555955,2019,5,4,Before 2020,151,735508.0,681443.0,729104.0,549721.1428571428,615621.6
2019-06-01,A,473204,379044,852248,2019,6,5,Before 2020,152,738322.0,426932.0,728705.0,557846.7142857143,615928.8666666667
2019-06-02,U,370049,319334,689383,2019,6,6,Before 2020,153,379044.0,335435.0,750517.0,551005.5714285715,604273.5
2019-06-03,W,814607,731571,1546178,2019,6,0,Before 2020,154,319334.0,256757.0,437434.0,548705.4285714285,589900.7333333333
2019-06-04,W,797511,749759,1547270,2019,6,1,Before 2020,155,731571.0,694292.0,338727.0,616536.0,599705.3
2019-06-05,W,817943,764911,1582854,2019,6,2,Before 2020,156,749759.0,717681.0,724230.0,624459.8571428572,613406.3666666667
2019-06-06,W,819351,773638,1592989,2019,6,3,Before 2020,157,764911.0,735508.0,738981.0,631207.0,614762.4
2019-06-07,W,797917,760907,1558824,2019,6,4,Before 2020,158,773638.0,738322.0,755171.0,636654.1428571428,615917.6333333333
2019-06-08,A,517706,469189,986895,2019,6,5,Before 2020,159,760907.0,379044.0,751965.0,639880.5714285715,616108.8333333334
2019-06-09,U,372952,329388,702340,2019,6,6,Before 2020,160,469189.0,319334.0,749306.0,652758.4285714285,606682.9666666667
2019-06-10,W,787528,717811,1505339,2019,6,0,Before 2020,161,329388.0,731571.0,407442.0,654194.7142857143,592685.7
2019-06-11,W,812806,748133,1560939,2019,6,1,Before 2020,162,717811.0,749759.0,298999.0,652229.0,603031.3333333334
2019-06-12,W,768907,722333,1491240,2019,6,2,Before 2020,163,748133.0,764911.0,704326.0,651996.7142857143,618002.4666666667
2019-06-13,W,784003,758006,1542009,2019,6,3,Before 2020,164,722333.0,773638.0,722423.0,645914.1428571428,618602.7
2019-06-14,W,786956,769162,1556118,2019,6,4,Before 2020,165,758006.0,760907.0,724761.0,643681.0,619788.8
2019-06-15,A,447116,419997,867113,2019,6,5,Before 2020,166,769162.0,469189.0,714282.0,644860.2857142857,621268.8333333334
2019-06-16,U,347416,319752,667168,2019,6,6,Before 2020,167,419997.0,329388.0,691390.0,637832.8571428572,611459.3333333334
2019-06-17,W,739714,684609,1424323,2019,6,0,Before 2020,168,319752.0,717811.0,388373.0,636456.2857142857,599071.4
2019-06-18,W,783381,747919,1531300,2019,6,1,Before 2020,169,684609.0,748133.0,295929.0,631713.1428571428,608945.9333333333
2019-06-19,W,762852,735207,1498059,2019,6,2,Before 2020,170,747919.0,722333.0,721397.0,631682.5714285715,624012.2666666667
2019-06-20,W,754094,755009,1509103,2019,6,3,Before 2020,171,735207.0,758006.0,723782.0,633521.7142857143,624472.6
2019-06-21,W,741691,748258,1489949,2019,6,4,Before 2020,172,755009.0,769162.0,756639.0,633093.5714285715,625513.5
2019-06-22,A,485555,468890,954445,2019,6,5,Before 2020,173,748258.0,419997.0,766717.0,630107.2857142857,625234.1333333333
2019-06-23,U,372216,314345,686561,2019,6,6,Before 2020,174,468890.0,319752.0,681443.0,637092.0,615306.5666666667
2019-06-24,W,713826,694599,1408425,2019,6,0,Before 2020,175,314345.0,684609.0,426932.0,636319.5714285715,603069.9666666667
2019-06-25,W,790945,756023,1546968,2019,6,1,Before 2020,176,694599.0,747919.0,335435.0,637746.7142857143,611992.2
2019-06-26,W,778502,758880,1537382,2019,6,2,Before 2020,177,756023.0,735207.0,256757.0,638904.4285714285,626011.8
2019-06-27,W,763256,757999,1521255,2019,6,3,Before 2020,178,758880.0,755009.0,694292.0,642286.2857142857,642749.2333333333
2019-06-28,W,742317,717591,1459908,2019,6,4,Before 2020,179,757999.0,748258.0,717681.0,642713.4285714285,644872.8
2019-06-29,A,507082,438017,945099,2019,6,5,Before 2020,180,717591.0,468890.0,735508.0,638332.4285714285,644869.8
2019-06-30,U,342891,473462,816353,2019,6,6,Before 2020,181,438017.0,314345.0,738322.0,633922.0,634953.4333333333
2019-07-01,W,751938,691817,1443755,2019,7,0,Before 2020,182,473462.0,694599.0,379044.0,656653.0,626124.7666666667
2019-07-02,W,732483,698347,1430830,2019,7,1,Before 2020,183,691817.0,756023.0,319334.0,656255.5714285715,636550.5333333333
2019-07-03,W,761825,694945,1456770,2019,7,2,Before 2020,184,698347.0,758880.0,731571.0,648016.1428571428,649184.3
2019-07-04,U,386135,354474,740609,2019,7,3,Before 2020,185,694945.0,757999.0,749759.0,638882.5714285715,647963.4333333333
2019-07-05,W,593204,492198,1085402,2019,7,4,Before 2020,186,354474.0,717591.0,764911.0,581236.1428571428,634787.2666666667
2019-07-06,A,464539,390851,855390,2019,7,5,Before 2020,187,492198.0,438017.0,773638.0,549037.1428571428,625696.8333333334
2019-07-07,U,365003,328344,693347,2019,7,6,Before 2020,188,390851.0,473462.0,760907.0,542299.1428571428,612937.2666666667
2019-07-08,W,738529,696647,1435176,2019,7,0,Before 2020,189,328344.0,691817.0,469189.0,521568.0,598518.5
2019-07-09,W,760765,733255,1494020,2019,7,1,Before 2020,190,696647.0,698347.0,329388.0,522258.0,606100.4333333333
2019-07-10,W,750223,735504,1485727,2019,7,2,Before 2020,191,733255.0,694945.0,717811.0,527244.8571428572,619562.6666666666
2019-07-11,W,761712,767177,1528889,2019,7,3,Before 2020,192,735504.0,354474.0,748133.0,533039.0,620152.4333333333
2019-07-12,W,738700,777202,1515902,2019,7,4,Before 2020,193,767177.0,492198.0,722333.0,591996.5714285715,620787.2333333333
2019-07-13,A,496000,471671,967671,2019,7,5,Before 2020,194,777202.0,390851.0,758006.0,632711.4285714285,622616.2
2019-07-14,U,386786,362994,749780,2019,7,6,Before 2020,195,471671.0,328344.0,769162.0,644257.1428571428,613071.7
2019-07-15,W,733408,723684,1457092,2019,7,0,Before 2020,196,362994.0,696647.0,419997.0,649207.1428571428,599532.7666666667
2019-07-16,W,736299,746731,1483030,2019,7,1,Before 2020,197,723684.0,733255.0,319752.0,653069.5714285715,609655.6666666666
2019-07-17,W,751727,751160,1502887,2019,7,2,Before 2020,198,746731.0,735504.0,684609.0,654994.7142857143,623888.3
2019-07-18,W,681127,699545,1380672,2019,7,3,Before 2020,199,751160.0,767177.0,747919.0,657231.2857142857,626106.6666666666
2019-07-19,W,700392,721558,1421950,2019,7,4,Before 2020,200,699545.0,777202.0,735207.0,647569.5714285715,624494.2
2019-07-20,A,466646,419897,886543,2019,7,5,Before 2020,201,721558.0,471671.0,755009.0,639620.4285714285,624039.2333333333
2019-07-21,U,360488,342739,703227,2019,7,6,Before 2020,202,419897.0,362994.0,748258.0,632224.1428571428,612868.8333333334
2019-07-22,W,733191,716299,1449490,2019,7,0,Before 2020,203,342739.0,723684.0,468890.0,629330.5714285715,599351.5333333333
2019-07-23,W,754783,731712,1486495,2019,7,1,Before 2020,204,716299.0,746731.0,314345.0,628275.5714285715,607598.5
2019-07-24,W,754694,737880,1492574,2019,7,2,Before 2020,205,731712.0,751160.0,694599.0,626130.0,621510.7333333333
2019-07-25,W,746240,746890,1493130,2019,7,3,Before 2020,206,737880.0,699545.0,756023.0,624232.8571428572,622953.4333333333
2019-07-26,W,728460,713766,1442226,2019,7,4,Before 2020,207,746890.0,721558.0,758880.0,630996.4285714285,622649.0
2019-07-27,A,509542,417935,927477,2019,7,5,Before 2020,208,713766.0,419897.0,757999.0,629883.2857142857,621145.2
2019-07-28,U,399059,314226,713285,2019,7,6,Before 2020,209,417935.0,342739.0,717591.0,629603.0,609809.7333333333
2019-07-29,W,677033,663313,1340346,2019,7,0,Before 2020,210,314226.0,716299.0,438017.0,625529.7142857143,596364.2333333333
2019-07-30,W,744356,721545,1465901,2019,7,1,Before 2020,211,663313.0,731712.0,473462.0,617960.2857142857,603874.1
2019-07-31,W,738630,739592,1478222,2019,7,2,Before 2020,212,721545.0,737880.0,691817.0,616507.8571428572,612143.5333333333
2019-08-01,W,763703,795333,1559036,2019,8,3,Before 2020,213,739592.0,746890.0,698347.0,616752.4285714285,613736.0333333333
2019-08-02,W,740366,804952,1545318,2019,8,4,Before 2020,214,795333.0,713766.0,694945.0,623672.8571428572,616968.9
2019-08-03,A,497883,512548,1010431,2019,8,5,Before 2020,215,804952.0,417935.0,354474.0,636699.4285714285,620635.8
2019-08-04,U,375863,416740,792603,2019,8,6,Before 2020,216,512548.0,314226.0,492198.0,650215.5714285715,625904.9333333333
2019-08-05,W,727517,724021,1451538,2019,8,0,Before 2020,217,416740.0,663313.0,390851.0,664860.4285714285,623389.6666666666
2019-08-06,W,737702,738151,1475853,2019,8,1,Before 2020,218,724021.0,721545.0,328344.0,673533.0,634495.3333333334
2019-08-07,W,745371,746207,1491578,2019,8,2,Before 2020,219,738151.0,739592.0,696647.0,675905.2857142857,648155.5666666667
2019-08-08,W,746213,735310,1481523,2019,8,3,Before 2020,220,746207.0,795333.0,733255.0,676850.2857142857,649807.5666666667
2019-08-09,W,720081,716084,1436165,2019,8,4,Before 2020,221,735310.0,804952.0,735504.0,668275.5714285715,649876.0666666667
2019-08-10,A,490001,428555,918556,2019,8,5,Before 2020,222,716084.0,512548.0,767177.0,655580.1428571428,649228.7333333333
2019-08-11,U,376464,321310,697774,2019,8,6,Before 2020,223,428555.0,416740.0,777202.0,643581.1428571428,637941.3333333334
2019-08-12,W,672626,659442,1332068,2019,8,0,Before 2020,224,321310.0,724021.0,471671.0,629948.2857142857,622744.9333333333
2019-08-13,W,715539,697693,1413232,2019,8,1,Before 2020,225,659442.0,738151.0,362994.0,620722.7142857143,629003.9666666667
2019-08-14,W,708180,698339,1406519,2019,8,2,Before 2020,226,697693.0,746207.0,723684.0,614943.0,640160.6
2019-08-15,W,723069,703513,1426582,2019,8,3,Before 2020,227,698339.0,735310.0,746731.0,608104.7142857143,639315.7666666667
2019-08-16,W,699501,675393,1374894,2019,8,4,Before 2020,228,703513.0,716084.0,751160.0,603562.2857142857,637875.1666666666
2019-08-17,A,456968,396155,853123,2019,8,5,Before 2020,229,675393.0,428555.0,699545.0,597749.2857142857,635349.6
2019-08-18,U,330848,289890,620738,2019,8,6,Before 2020,230,396155.0,321310.0,721558.0,593120.7142857143,625236.6
2019-08-19,W,697759,669727,1367486,2019,8,0,Before 2020,231,289890.0,659442.0,419897.0,588632.1428571428,610847.6666666666
2019-08-20,W,670195,689224,1359419,2019,8,1,Before 2020,232,669727.0,697693.0,342739.0,590101.4285714285,619175.3333333334
2019-08-21,W,732929,724089,1457018,2019,8,2,Before 2020,233,689224.0,698339.0,716299.0,588891.5714285715,630724.8333333334
2019-08-22,W,739175,741995,1481170,2019,8,3,Before 2020,234,724089.0,703513.0,731712.0,592570.1428571428,630984.5
2019-08-23,W,720876,723775,1444651,2019,8,4,Before 2020,235,741995.0,675393.0,737880.0,598067.5714285715,631327.2666666667
2019-08-24,A,499355,424284,923639,2019,8,5,Before 2020,236,723775.0,396155.0,746890.0,604979.2857142857,630857.1
2019-08-25,U,395847,327749,723596,2019,8,6,Before 2020,237,424284.0,289890.0,713766.0,608997.7142857143,620103.5666666667
2019-08-26,W,693566,678343,1371909,2019,8,0,Before 2020,238,327749.0,669727.0,417935.0,614406.1428571428,607236.3333333334
2019-08-27,W,776670,740341,1517011,2019,8,1,Before 2020,239,678343.0,689224.0,314226.0,615637.0,615916.6
2019-08-28,W,772893,736506,1509399,2019,8,2,Before 2020,240,740341.0,724089.0,663313.0,622939.4285714285,630120.4333333333
2019-08-29,W,769645,747141,1516786,2019,8,3,Before 2020,241,736506.0,741995.0,721545.0,624713.2857142857,632560.2
2019-08-30,W,761440,717490,1478930,2019,8,4,Before 2020,242,747141.0,723775.0,739592.0,625448.4285714285,633413.4
2019-08-31,A,482463,428658,911121,2019,8,5,Before 2020,243,717490.0,424284.0,795333.0,624550.5714285715,632676.6666666666
2019-09-01,U,379610,357032,736642,2019,9,6,Before 2020,244,428658.0,327749.0,804952.0,625175.4285714285,620454.1666666666
2019-09-02,U,374967,328376,703343,2019,9,0,Before 2020,245,357032.0,678343.0,512548.0,629358.7142857143,605523.5
2019-09-03,W,821674,738399,1560073,2019,9,1,Before 2020,246,328376.0,740341.0,416740.0,579363.4285714285,599384.4333333333
2019-09-04,W,861286,762868,1624154,2019,9,2,Before 2020,247,738399.0,736506.0,724021.0,579086.0,610106.4
2019-09-05,W,853186,800432,1653618,2019,9,3,Before 2020,248,762868.0,747141.0,738151.0,582852.0,611401.3
2019-09-06,W,821645,744323,1565968,2019,9,4,Before 2020,249,800432.0,717490.0,746207.0,590465.0,613477.3333333334
2019-09-07,A,486423,420502,906925,2019,9,5,Before 2020,250,744323.0,428658.0,735310.0,594298.2857142857,613414.5333333333
2019-09-08,U,344385,310823,655208,2019,9,6,Before 2020,251,420502.0,357032.0,716084.0,593133.1428571428,602920.9333333333
2019-09-09,W,829266,737160,1566426,2019,9,0,Before 2020,252,310823.0,328376.0,428555.0,586531.8571428572,589412.2333333333
2019-09-10,W,856513,769458,1625971,2019,9,1,Before 2020,253,737160.0,738399.0,321310.0,644929.5714285715,599699.0666666667
2019-09-11,W,848169,777407,1625576,2019,9,2,Before 2020,254,769458.0,762868.0,659442.0,649366.5714285715,614637.3333333334
2019-09-12,W,845028,795224,1640252,2019,9,3,Before 2020,255,777407.0,800432.0,697693.0,651443.5714285715,618569.5
2019-09-13,W,822197,800812,1623009,2019,9,4,Before 2020,256,795224.0,744323.0,698339.0,650699.5714285715,621820.5333333333
2019-09-14,A,498571,487396,985967,2019,9,5,Before 2020,257,800812.0,420502.0,703513.0,658769.4285714285,625236.3
2019-09-15,U,353264,352467,705731,2019,9,6,Before 2020,258,487396.0,310823.0,675393.0,668325.7142857143,618032.4
2019-09-16,W,825739,777685,1603424,2019,9,0,Before 2020,259,352467.0,737160.0,396155.0,674274.8571428572,607268.2
2019-09-17,W,856186,797063,1653249,2019,9,1,Before 2020,260,777685.0,769458.0,289890.0,680064.1428571428,619985.8666666667
2019-09-18,W,859904,807081,1666985,2019,9,2,Before 2020,261,797063.0,777407.0,669727.0,684007.7142857143,636891.6333333333
2019-09-19,W,845624,816086,1661710,2019,9,3,Before 2020,262,807081.0,795224.0,689224.0,688246.8571428572,641470.1
2019-09-20,W,830757,803291,1634048,2019,9,4,Before 2020,263,816086.0,800812.0,724089.0,691227.1428571428,645698.8333333334
2019-09-21,A,489155,440464,929619,2019,9,5,Before 2020,264,803291.0,487396.0,741995.0,691581.2857142857,648338.9
2019-09-22,U,338418,299658,638076,2019,9,6,Before 2020,265,440464.0,352467.0,723775.0,684876.7142857143,638287.8666666667
2019-09-23,W,832762,766712,1599474,2019,9,0,Before 2020,266,299658.0,777685.0,424284.0,677332.5714285715,624150.6333333333
2019-09-24,W,850825,780378,1631203,2019,9,1,Before 2020,267,766712.0,797063.0,327749.0,675765.0,635564.9
2019-09-25,W,859089,781453,1640542,2019,9,2,Before 2020,268,780378.0,807081.0,678343.0,673381.4285714285,650652.5333333333
2019-09-26,W,853333,791418,1644751,2019,9,3,Before 2020,269,781453.0,816086.0,740341.0,669720.2857142857,654089.5333333333
2019-09-27,W,734962,699996,1434958,2019,9,4,Before 2020,270,791418.0,803291.0,736506.0,666196.2857142857,655792.1
2019-09-28,A,476234,401745,877979,2019,9,5,Before 2020,271,699996.0,440464.0,747141.0,651439.8571428572,654575.1
2019-09-29,U,358174,294350,652524,2019,9,6,Before 2020,272,401745.0,299658.0,717490.0,645908.5714285715,643061.9
2019-09-30,W,850333,738159,1588492,2019,9,0,Before 2020,273,294350.0,766712.0,428658.0,645150.2857142857,628957.2333333333
2019-10-01,W,905477,772082,1677559,2019,10,1,Before 2020,274,738159.0,780378.0,357032.0,641071.2857142857,639273.9333333333
2019-10-02,W,844694,765652,1610346,2019,10,2,Before 2020,275,772082.0,781453.0,328376.0,639886.1428571428,653108.9333333333
2019-10-03,W,885919,781701,1667620,2019,10,3,Before 2020,276,765652.0,791418.0,738399.0,637628.8571428572,667684.8
2019-10-04,W,851906,740946,1592852,2019,10,4,Before 2020,277,781701.0,699996.0,762868.0,636240.7142857143,669128.2
2019-10-05,A,492689,388710,881399,2019,10,5,Before 2020,278,740946.0,401745.0,800432.0,642090.7142857143,668397.4666666667
2019-10-06,U,403747,306647,710394,2019,10,6,Before 2020,279,388710.0,294350.0,744323.0,640228.5714285715,654673.4
2019-10-07,W,845146,748413,1593559,2019,10,0,Before 2020,280,306647.0,738159.0,420502.0,641985.2857142857,640084.2
2019-10-08,W,868009,773805,1641814,2019,10,1,Before 2020,281,748413.0,772082.0,310823.0,643450.1428571428,651014.5666666667
2019-10-09,W,857532,766121,1623653,2019,10,2,Before 2020,282,773805.0,765652.0,737160.0,643696.2857142857,666447.3
2019-10-10,W,855556,803767,1659323,2019,10,3,Before 2020,283,766121.0,781701.0,769458.0,643763.2857142857,667412.6666666666
2019-10-11,W,776609,762011,1538620,2019,10,4,Before 2020,284,803767.0,740946.0,777407.0,646915.5714285715,668556.3
2019-10-12,A,480048,470284,950332,2019,10,5,Before 2020,285,762011.0,388710.0,795224.0,649924.8571428572,668043.1
2019-10-13,U,319885,522816,842701,2019,10,6,Before 2020,286,470284.0,306647.0,800812.0,661578.2857142857,657211.7666666667
2019-10-14,W,666607,698402,1365009,2019,10,0,Before 2020,287,522816.0,748413.0,487396.0,692459.5714285715,647945.2333333333
2019-10-15,W,844826,788101,1632927,2019,10,1,Before 2020,288,698402.0,773805.0,352467.0,685315.1428571428,654978.7666666667
2019-10-16,W,845543,782133,1627676,2019,10,2,Before 2020,289,788101.0,766121.0,777685.0,687357.4285714285,669499.9
2019-10-17,W,787285,790202,1577487,2019,10,3,Before 2020,290,782133.0,803767.0,797063.0,689644.8571428572,669648.1666666666
2019-10-18,W,762811,778466,1541277,2019,10,4,Before 2020,291,790202.0,762011.0,807081.0,687707.0,669419.4666666667
2019-10-19,A,499700,467794,967494,2019,10,5,Before 2020,292,778466.0,470284.0,816086.0,690057.7142857143,668465.6333333333
2019-10-20,U,377822,340156,717978,2019,10,6,Before 2020,293,467794.0,522816.0,803291.0,689702.0,656855.9
2019-10-21,W,739027,727743,1466770,2019,10,0,Before 2020,294,340156.0,698402.0,440464.0,663607.7142857143,641418.0666666667
2019-10-22,W,772142,750644,1522786,2019,10,1,Before 2020,295,727743.0,788101.0,299658.0,667799.2857142857,650994.0333333333
2019-10-23,W,789783,791468,1581251,2019,10,2,Before 2020,296,750644.0,782133.0,766712.0,662448.2857142857,666026.9
2019-10-24,W,790853,766559,1557412,2019,10,3,Before 2020,297,791468.0,790202.0,780378.0,663781.8571428572,666852.1
2019-10-25,W,757907,729221,1487128,2019,10,4,Before 2020,298,766559.0,778466.0,781453.0,660404.2857142857,666391.4666666667
2019-10-26,A,412819,356371,769190,2019,10,5,Before 2020,299,729221.0,467794.0,791418.0,653369.2857142857,664650.4
2019-10-27,U,390090,314740,704830,2019,10,6,Before 2020,300,356371.0,340156.0,699996.0,637451.7142857143,650148.8333333334
2019-10-28,W,762580,729809,1492389,2019,10,0,Before 2020,301,314740.0,727743.0,401745.0,633820.8571428572,637306.9666666667
2019-10-29,W,781400,752054,1533454,2019,10,1,Before 2020,302,729809.0,750644.0,294350.0,634116.0,648242.4333333333
2019-10-30,W,733054,721966,1455020,2019,10,2,Before 2020,303,752054.0,791468.0,738159.0,634317.4285714285,663499.2333333333
2019-10-31,W,698934,693962,1392896,2019,10,3,Before 2020,304,721966.0,766559.0,772082.0,624388.5714285715,662959.4666666667
2019-11-01,W,798542,719267,1517809,2019,11,4,Before 2020,305,693962.0,729221.0,765652.0,614017.5714285715,660355.4666666667
2019-11-02,A,467877,381954,849831,2019,11,5,Before 2020,306,719267.0,356371.0,781701.0,612595.5714285715,658809.3
2019-11-03,U,356367,310621,666988,2019,11,6,Before 2020,307,381954.0,314740.0,740946.0,616250.2857142857,645484.4
2019-11-04,W,848867,749735,1598602,2019,11,0,Before 2020,308,310621.0,729809.0,388710.0,615661.8571428572,631140.2333333333
2019-11-05,W,855055,769233,1624288,2019,11,1,Before 2020,309,749735.0,752054.0,306647.0,618508.4285714285,643174.4
2019-11-06,W,840399,762015,1602414,2019,11,2,Before 2020,310,769233.0,721966.0,748413.0,620962.5714285715,658593.9333333333
2019-11-07,W,821063,768460,1589523,2019,11,3,Before 2020,311,762015.0,693962.0,773805.0,626683.8571428572,659047.3333333334
2019-11-08,W,718820,702518,1421338,2019,11,4,Before 2020,312,768460.0,719267.0,766121.0,637326.4285714285,658869.1666666666
2019-11-09,A,479816,386355,866171,2019,11,5,Before 2020,313,702518.0,381954.0,803767.0,634933.7142857143,656749.0666666667
2019-11-10,U,353042,292170,645212,2019,11,6,Before 2020,314,386355.0,310621.0,762011.0,635562.4285714285,642835.3333333334
2019-11-11,W,590714,604475,1195189,2019,11,0,Before 2020,315,292170.0,749735.0,470284.0,632926.5714285715,627173.9666666667
2019-11-12,W,756604,724448,1481052,2019,11,1,Before 2020,316,604475.0,769233.0,522816.0,612175.1428571428,631647.0
2019-11-13,W,762247,729140,1491387,2019,11,2,Before 2020,317,724448.0,762015.0,698402.0,605777.2857142857,638368.0666666667
2019-11-14,W,764328,745044,1509372,2019,11,3,Before 2020,318,729140.0,768460.0,788101.0,601080.8571428572,639392.6666666666
2019-11-15,W,794430,732607,1527037,2019,11,4,Before 2020,319,745044.0,702518.0,782133.0,597735.7142857143,637957.4333333333
2019-11-16,A,467987,398924,866911,2019,11,5,Before 2020,320,732607.0,386355.0,790202.0,602034.1428571428,636306.5666666667
2019-11-17,U,340985,280372,621357,2019,11,6,Before 2020,321,398924.0,292170.0,778466.0,603829.7142857143,623263.9666666667
2019-11-18,W,807951,731335,1539286,2019,11,0,Before 2020,322,280372.0,604475.0,467794.0,602144.2857142857,606660.8333333334
2019-11-19,W,822152,755257,1577409,2019,11,1,Before 2020,323,731335.0,724448.0,340156.0,620267.1428571428,615445.5333333333
2019-11-20,W,839934,756096,1596030,2019,11,2,Before 2020,324,755257.0,729140.0,727743.0,624668.4285714285,629282.2333333333
2019-11-21,W,790016,752762,1542778,2019,11,3,Before 2020,325,756096.0,745044.0,750644.0,628519.2857142857,630227.3333333334
2019-11-22,W,817445,782838,1600283,2019,11,4,Before 2020,326,752762.0,732607.0,791468.0,629621.8571428572,630297.9333333333
2019-11-23,A,468337,443394,911731,2019,11,5,Before 2020,327,782838.0,398924.0,766559.0,636797.7142857143,630010.2666666667
2019-11-24,U,358133,301849,659982,2019,11,6,Before 2020,328,443394.0,280372.0,729221.0,643150.5714285715,619238.1
2019-11-25,W,810928,721624,1532552,2019,11,0,Before 2020,329,301849.0,731335.0,356371.0,646218.7142857143,604992.3666666667
2019-11-26,W,791651,707015,1498666,2019,11,1,Before 2020,330,721624.0,755257.0,314740.0,644831.4285714285,617167.4666666667
2019-11-27,W,669245,576379,1245624,2019,11,2,Before 2020,331,707015.0,756096.0,729809.0,637939.7142857143,630243.3
2019-11-28,U,244233,186732,430965,2019,11,3,Before 2020,332,576379.0,752762.0,752054.0,612265.8571428572,625128.9666666667
2019-11-29,W,480801,373012,853813,2019,11,4,Before 2020,333,186732.0,782838.0,721966.0,531404.4285714285,606284.9
2019-11-30,A,386439,302733,689172,2019,11,5,Before 2020,334,373012.0,443394.0,693962.0,472857.85714285716,594653.1
2019-12-01,U,315646,257317,572963,2019,12,6,Before 2020,335,302733.0,301849.0,719267.0,452763.4285714286,581612.1333333333
2019-12-02,W,803894,702424,1506318,2019,12,0,Before 2020,336,257317.0,721624.0,381954.0,446401.71428571426,566213.8
2019-12-03,W,849440,732651,1582091,2019,12,1,Before 2020,337,702424.0,707015.0,310621.0,443658.85714285716,576896.1333333333
2019-12-04,W,837738,739104,1576842,2019,12,2,Before 2020,338,732651.0,576379.0,749735.0,447321.14285714284,590963.8
2019-12-05,W,833516,761399,1594915,2019,12,3,Before 2020,339,739104.0,186732.0,769233.0,470567.5714285714,590609.4333333333
2019-12-06,W,799551,729231,1528782,2019,12,4,Before 2020,340,761399.0,373012.0,762015.0,552662.8571428572,590348.3
2019-12-07,A,472207,404394,876601,2019,12,5,Before 2020,341,729231.0,302733.0,768460.0,603551.2857142857,589255.5
2019-12-08,U,347917,286023,633940,2019,12,6,Before 2020,342,404394.0,257317.0,702518.0,618074.2857142857,577119.9666666667
2019-12-09,W,786431,690443,1476874,2019,12,0,Before 2020,343,286023.0,702424.0,386355.0,622175.1428571428,563236.8
2019-12-10,W,770888,697269,1468157,2019,12,1,Before 2020,344,690443.0,732651.0,292170.0,620463.5714285715,573373.0666666667
2019-12-11,W,753922,692730,1446652,2019,12,2,Before 2020,345,697269.0,739104.0,604475.0,615409.0,586876.3666666667
2019-12-12,W,787393,716707,1504100,2019,12,3,Before 2020,346,692730.0,761399.0,724448.0,608784.1428571428,589818.2
2019-12-13,W,788504,704438,1492942,2019,12,4,Before 2020,347,716707.0,729231.0,729140.0,602399.5714285715,589560.1666666666
2019-12-14,A,471203,367508,838711,2019,12,5,Before 2020,348,704438.0,404394.0,745044.0,598857.7142857143,588736.7666666667
2019-12-15,U,348516,255659,604175,2019,12,6,Before 2020,349,367508.0,286023.0,732607.0,593588.2857142857,576152.2333333333
2019-12-16,W,743694,648766,1392460,2019,12,0,Before 2020,350,255659.0,690443.0,398924.0,589250.5714285715,560253.9666666667
2019-12-17,W,765207,678194,1443401,2019,12,1,Before 2020,351,648766.0,697269.0,280372.0,583296.7142857143,568582.0333333333
2019-12-18,W,734493,658439,1392932,2019,12,2,Before 2020,352,678194.0,692730.0,731335.0,580571.7142857143,581842.7666666667
2019-12-19,W,745959,664554,1410513,2019,12,3,Before 2020,353,658439.0,716707.0,755257.0,575673.0,579412.9
2019-12-20,W,731997,640236,1372233,2019,12,4,Before 2020,354,664554.0,704438.0,756096.0,568222.5714285715,576389.4666666667
2019-12-21,A,454167,356991,811158,2019,12,5,Before 2020,355,640236.0,367508.0,752762.0,559050.8571428572,572527.4666666667
2019-12-22,U,350959,283094,634053,2019,12,6,Before 2020,356,356991.0,255659.0,782838.0,557548.4285714285,559335.1
2019-12-23,W,601685,501524,1103209,2019,12,0,Before 2020,357,283094.0,648766.0,443394.0,561467.7142857143,542676.9666666667
2019-12-24,W,462098,310604,772702,2019,12,1,Before 2020,358,501524.0,678194.0,301849.0,540433.1428571428,544614.6333333333
2019-12-25,U,200121,133009,333130,2019,12,2,Before 2020,359,310604.0,658439.0,721624.0,487920.28571428574,544906.4666666667
2019-12-26,W,517911,402948,920859,2019,12,3,Before 2020,360,133009.0,664554.0,707015.0,412858.85714285716,525285.9666666667
2019-12-27,W,552198,445835,998033,2019,12,4,Before 2020,361,402948.0,640236.0,576379.0,375486.5714285714,515150.4
2019-12-28,A,394869,298646,693515,2019,12,5,Before 2020,362,445835.0,356991.0,186732.0,347715.0,510798.93333333335
2019-12-29,U,315428,251105,566533,2019,12,6,Before 2020,363,298646.0,283094.0,373012.0,339380.0,514529.4
2019-12-30,W,544713,480721,1025434,2019,12,0,Before 2020,364,251105.0,501524.0,302733.0,334810.14285714284,510465.8333333333
2019-12-31,W,511289,431677,942966,2019,12,1,Before 2020,365,480721.0,310604.0,257317.0,331838.28571428574,516398.76666666666
2020-01-01,U,267300,255759,523059,2020,1,2,2020,1,431677.0,133009.0,702424.0,349134.4285714286,522210.76666666666
2020-01-02,W,651421,565139,1216560,2020,1,3,2020,2,255759.0,402948.0,732651.0,366670.14285714284,507321.93333333335
2020-01-03,W,688165,578202,1266367,2020,1,4,2020,3,565139.0,445835.0,739104.0,389840.28571428574,501738.2
2020-01-04,A,409243,306656,715899,2020,1,5,2020,4,578202.0,298646.0,761399.0,408749.85714285716,496374.8
2020-01-05,U,314424,234155,548579,2020,1,6,2020,5,306656.0,251105.0,729231.0,409894.14285714284,481216.7
2020-01-06,W,750349,659521,1409870,2020,1,0,2020,6,234155.0,480721.0,404394.0,407472.71428571426,464714.1666666667
2020-01-07,W,775765,677497,1453262,2020,1,1,2020,7,659521.0,431677.0,286023.0,433015.5714285714,473218.4
2020-01-08,W,744261,665227,1409488,2020,1,2,2020,8,677497.0,255759.0,690443.0,468132.71428571426,486267.5333333333
2020-01-09,W,758063,679244,1437307,2020,1,3,2020,9,665227.0,565139.0,697269.0,526628.1428571428,485427.0
2020-01-10,W,753866,654344,1408210,2020,1,4,2020,10,679244.0,578202.0,692730.0,542928.8571428572,484826.1666666667
2020-01-11,A,345787,281493,627280,2020,1,5,2020,11,654344.0,306656.0,716707.0,553806.2857142857,483546.63333333336
2020-01-12,U,294457,237736,532193,2020,1,6,2020,12,281493.0,234155.0,704438.0,550211.5714285715,469039.5
2020-01-13,W,775861,699927,1475788,2020,1,0,2020,13,237736.0,659521.0,367508.0,550723.1428571428,453482.76666666666
2020-01-14,W,807239,720277,1527516,2020,1,1,2020,14,699927.0,677497.0,255659.0,556495.4285714285,464563.4
2020-01-15,W,794821,720057,1514878,2020,1,2,2020,15,720277.0,665227.0,648766.0,562606.8571428572,480050.6666666667
2020-01-16,W,774375,715978,1490353,2020,1,3,2020,16,720057.0,679244.0,678194.0,570439.7142857143,482427.0333333333
2020-01-17,W,737073,687789,1424862,2020,1,4,2020,17,715978.0,654344.0,658439.0,575687.4285714285,483686.5
2020-01-18,A,371460,319878,691338,2020,1,5,2020,18,687789.0,281493.0,664554.0,580465.2857142857,484664.8333333333
2020-01-19,U,256029,219005,475034,2020,1,6,2020,19,319878.0,237736.0,640236.0,585948.8571428572,473175.63333333336
2020-01-20,W,477995,410324,888319,2020,1,0,2020,20,219005.0,699927.0,356991.0,583273.0,459134.6
2020-01-21,W,789718,712386,1502104,2020,1,1,2020,21,410324.0,720277.0,283094.0,541901.1428571428,460912.36666666664
2020-01-22,W,794213,715399,1509612,2020,1,2,2020,22,712386.0,720057.0,501524.0,540773.8571428572,475222.1
2020-01-23,W,768601,717469,1486070,2020,1,3,2020,23,715399.0,715978.0,310604.0,540108.4285714285,482351.26666666666
2020-01-24,W,745526,677320,1422846,2020,1,4,2020,24,717469.0,687789.0,133009.0,540321.4285714285,495913.43333333335
2020-01-25,A,408051,320905,728956,2020,1,5,2020,25,677320.0,319878.0,402948.0,538825.8571428572,514057.13333333336
2020-01-26,U,318824,241153,559977,2020,1,6,2020,26,320905.0,219005.0,445835.0,538972.5714285715,511322.36666666664
2020-01-27,W,790014,697371,1487385,2020,1,0,2020,27,241153.0,410324.0,298646.0,542136.5714285715,504499.63333333336
2020-01-28,W,802484,715500,1517984,2020,1,1,2020,28,697371.0,712386.0,251105.0,583143.2857142857,517790.4666666667
2020-01-29,W,793740,711177,1504917,2020,1,2,2020,29,715500.0,715399.0,480721.0,583588.1428571428,533270.3
2020-01-30,W,787640,718793,1506433,2020,1,3,2020,30,711177.0,717469.0,431677.0,582985.0,540952.1666666666
2020-01-31,W,735622,665472,1401094,2020,1,4,2020,31,718793.0,677320.0,255759.0,583174.1428571428,550522.7
2020-02-01,A,449112,325925,775037,2020,2,5,2020,32,665472.0,320905.0,565139.0,581481.5714285715,564179.8
2020-02-02,U,352056,253149,605205,2020,2,6,2020,33,325925.0,241153.0,578202.0,582198.7142857143,556206.0
2020-02-03,W,816538,689308,1505846,2020,2,0,2020,34,253149.0,697371.0,306656.0,583912.4285714285,545370.9
2020-02-04,W,806946,710072,1517018,2020,2,1,2020,35,689308.0,715500.0,234155.0,582760.5714285715,558125.9666666667
2020-02-05,W,802795,707772,1510567,2020,2,2,2020,36,710072.0,711177.0,659521.0,581985.1428571428,573989.8666666667
2020-02-06,W,761859,701795,1463654,2020,2,3,2020,37,707772.0,718793.0,677497.0,581498.7142857143,575598.2333333333
2020-02-07,W,778480,676805,1455285,2020,2,4,2020,38,701795.0,665472.0,665227.0,579070.4285714285,576408.1666666666
2020-02-08,A,456540,325289,781829,2020,2,5,2020,39,676805.0,325925.0,679244.0,580689.4285714285,576794.1
2020-02-09,U,310705,223411,534116,2020,2,6,2020,40,325289.0,253149.0,654344.0,580598.5714285715,564995.6
2020-02-10,W,799851,694168,1494019,2020,2,0,2020,41,223411.0,689308.0,281493.0,576350.2857142857,550631.1666666666
2020-02-11,W,819275,717350,1536625,2020,2,1,2020,42,694168.0,710072.0,237736.0,577044.5714285715,564387.0
2020-02-12,W,785838,697300,1483138,2020,2,2,2020,43,717350.0,707772.0,699927.0,578084.2857142857,580374.1333333333
2020-02-13,W,746798,689019,1435817,2020,2,3,2020,44,697300.0,701795.0,720277.0,576588.2857142857,580286.5666666667
2020-02-14,W,674960,628729,1303689,2020,2,4,2020,45,689019.0,676805.0,720057.0,574763.1428571428,579244.6333333333
2020-02-15,A,408435,326795,735230,2020,2,5,2020,46,628729.0,325289.0,715978.0,567895.1428571428,576200.3666666667
2020-02-16,U,338343,267790,606133,2020,2,6,2020,47,326795.0,223411.0,687789.0,568110.2857142857,563227.6
2020-02-17,W,567523,502927,1070450,2020,2,0,2020,48,267790.0,694168.0,319878.0,574450.1428571428,549227.6333333333
2020-02-18,W,815098,711305,1526403,2020,2,1,2020,49,502927.0,717350.0,219005.0,547130.0,555329.2666666667
2020-02-19,W,804097,707598,1511695,2020,2,2,2020,50,711305.0,697300.0,410324.0,546266.4285714285,571739.2666666667
2020-02-20,W,778698,700575,1479273,2020,2,3,2020,51,707598.0,689019.0,712386.0,547737.5714285715,581648.4
2020-02-21,W,782853,675973,1458826,2020,2,4,2020,52,700575.0,628729.0,715399.0,549388.4285714285,581254.7
2020-02-22,A,463771,344117,807888,2020,2,5,2020,53,675973.0,326795.0,717469.0,556137.5714285715,579940.5
2020-02-23,U,357784,260505,618289,2020,2,6,2020,54,344117.0,267790.0,677320.0,558612.1428571428,567495.4333333333
2020-02-24,W,789498,682036,1471534,2020,2,0,2020,55,260505.0,502927.0,320905.0,557571.4285714285,553601.6
2020-02-25,W,781725,693749,1475474,2020,2,1,2020,56,682036.0,711305.0,241153.0,583158.4285714285,565639.3
2020-02-26,W,756936,682501,1439437,2020,2,2,2020,57,693749.0,707598.0,697371.0,580650.4285714285,580725.8333333334
2020-02-27,W,778992,698886,1477878,2020,2,3,2020,58,682501.0,700575.0,715500.0,577065.1428571428,580230.1666666666
2020-02-28,W,786008,665937,1451945,2020,2,4,2020,59,698886.0,675973.0,711177.0,576823.8571428572,579676.3666666667
2020-02-29,A,458601,337983,796584,2020,2,5,2020,60,665937.0,344117.0,718793.0,575390.1428571428,578168.3666666667
2020-03-01,U,357257,267438,624695,2020,3,6,2020,61,337983.0,260505.0,665472.0,574513.8571428572,565474.7
2020-03-02,W,785700,666046,1451746,2020,3,0,2020,62,267438.0,682036.0,325925.0,575504.2857142857,552206.9
2020-03-03,W,834640,701777,1536417,2020,3,1,2020,63,666046.0,693749.0,253149.0,573220.0,563544.2666666667
2020-03-04,W,815420,699192,1514612,2020,3,2,2020,64,701777.0,682501.0,689308.0,574366.8571428572,578498.5333333333
2020-03-05,W,803260,698732,1501992,2020,3,3,2020,65,699192.0,698886.0,710072.0,576751.2857142857,578828.0
2020-03-06,W,767084,655010,1422094,2020,3,4,2020,66,698732.0,665937.0,707772.0,576729.2857142857,578450.0
2020-03-07,A,455672,366530,822202,2020,3,5,2020,67,655010.0,337983.0,701795.0,575168.2857142857,576691.2666666667
2020-03-08,U,343291,269577,612868,2020,3,6,2020,68,366530.0,267438.0,676805.0,579246.4285714285,565515.7666666667
2020-03-09,W,736013,647602,1383615,2020,3,0,2020,69,269577.0,666046.0,325289.0,579552.0,551941.5
2020-03-10,W,787025,678996,1466021,2020,3,1,2020,70,647602.0,701777.0,223411.0,576917.1428571428,562685.2666666667
2020-03-11,W,767610,660739,1428349,2020,3,2,2020,71,678996.0,699192.0,694168.0,573662.7142857143,577871.4333333333
2020-03-12,W,737628,601682,1339310,2020,3,3,2020,72,660739.0,698732.0,717350.0,568169.4285714285,576757.1333333333
2020-03-13,W,674594,496474,1171068,2020,3,4,2020,73,601682.0,655010.0,697300.0,554305.1428571428,572901.5333333333
2020-03-14,A,347925,235841,583766,2020,3,5,2020,74,496474.0,366530.0,689019.0,531657.1428571428,566207.3333333334
2020-03-15,U,256591,166575,423166,2020,3,6,2020,75,235841.0,269577.0,628729.0,512987.28571428574,551101.4
2020-03-16,W,493179,284844,778023,2020,3,0,2020,76,166575.0,647602.0,326795.0,498272.71428571426,535696.2666666667
2020-03-17,W,390091,217294,607385,2020,3,1,2020,77,284844.0,678996.0,267790.0,446450.14285714284,534297.9
2020-03-18,W,320242,179316,499558,2020,3,2,2020,78,217294.0,660739.0,502927.0,380492.71428571426,532614.7
2020-03-19,W,305501,163013,468514,2020,3,3,2020,79,179316.0,601682.0,711305.0,311718.0,521827.6666666667
2020-03-20,W,303882,152797,456679,2020,3,4,2020,80,163013.0,496474.0,707598.0,249051.0,503551.26666666666
2020-03-21,A,185406,86695,272101,2020,3,5,2020,81,152797.0,235841.0,700575.0,199954.2857142857,485057.9
2020-03-22,U,113282,60490,173772,2020,3,6,2020,82,86695.0,166575.0,675973.0,178647.7142857143,464595.23333333334
2020-03-23,W,212121,103992,316113,2020,3,0,2020,83,60490.0,284844.0,344117.0,163492.7142857143,444079.13333333336
2020-03-24,W,220319,105312,325631,2020,3,1,2020,84,103992.0,217294.0,260505.0,137656.7142857143,436074.9666666667
2020-03-25,W,229414,106913,336327,2020,3,2,2020,85,105312.0,179316.0,682036.0,121659.28571428571,430901.86666666664
2020-03-26,W,211746,100860,312606,2020,3,3,2020,86,106913.0,163013.0,693749.0,111316.0,411731.1
2020-03-27,W,220715,102714,323429,2020,3,4,2020,87,100860.0,152797.0,682501.0,102437.0,391968.13333333336
2020-03-28,A,144561,68572,213133,2020,3,5,2020,88,102714.0,86695.0,698886.0,95282.28571428571,372641.9
2020-03-29,U,111188,57736,168924,2020,3,6,2020,89,68572.0,60490.0,665937.0,92693.28571428571,351631.43333333335
2020-03-30,W,208762,96996,305758,2020,3,0,2020,90,57736.0,103992.0,337983.0,92299.85714285714,331358.06666666665
2020-03-31,W,200537,94709,295246,2020,3,1,2020,91,96996.0,105312.0,267438.0,91300.42857142857,323325.1666666667
2020-04-01,W,235503,100042,335545,2020,4,2,2020,92,94709.0,106913.0,666046.0,89785.71428571429,317567.5333333333
2020-04-02,W,214222,95183,309405,2020,4,3,2020,93,100042.0,100860.0,701777.0,88804.14285714286,298700.73333333334
2020-04-03,W,240528,101015,341543,2020,4,4,2020,94,95183.0,102714.0,699192.0,87993.14285714286,278480.93333333335
2020-04-04,A,154302,65727,220029,2020,4,5,2020,95,101015.0,68572.0,698732.0,87750.42857142857,258541.7
2020-04-05,U,118701,53173,171874,2020,4,6,2020,96,65727.0,57736.0,655010.0,87344.0,237441.53333333333
2020-04-06,W,199323,89714,289037,2020,4,0,2020,97,53173.0,96996.0,366530.0,86692.14285714286,217380.3
2020-04-07,W,202629,90824,293453,2020,4,1,2020,98,89714.0,94709.0,269577.0,85651.85714285714,208153.1
2020-04-08,W,197789,88894,286683,2020,4,2,2020,99,90824.0,100042.0,647602.0,85096.85714285714,202194.66666666666
2020-04-09,W,189898,86725,276623,2020,4,3,2020,100,88894.0,95183.0,678996.0,83504.28571428571,183571.06666666668
2020-04-10,W,202934,85608,288542,2020,4,4,2020,101,86725.0,101015.0,660739.0,82296.0,163828.7
2020-04-11,A,161743,59808,221551,2020,4,5,2020,102,85608.0,65727.0,601682.0,80095.0,144657.66666666666
2020-04-12,U,117907,46243,164150,2020,4,6,2020,103,59808.0,53173.0,496474.0,79249.42857142857,126595.2
2020-04-13,W,199679,79074,278753,2020,4,0,2020,104,46243.0,89714.0,235841.0,78259.42857142857,111587.5
2020-04-14,W,196277,79616,275893,2020,4,1,2020,105,79074.0,90824.0,166575.0,76739.42857142857,106361.93333333333
2020-04-15,W,199545,78844,278389,2020,4,2,2020,106,79616.0,88894.0,284844.0,75138.28571428571,103463.3
2020-04-16,W,213862,79764,293626,2020,4,3,2020,107,78844.0,86725.0,217294.0,73702.57142857143,96596.63333333333
2020-04-17,W,205280,77935,283215,2020,4,4,2020,108,79764.0,85608.0,179316.0,72708.14285714286,92012.3
2020-04-18,A,175887,58347,234234,2020,4,5,2020,109,77935.0,59808.0,163013.0,71612.0,88632.93333333333
2020-04-19,U,135539,47512,183051,2020,4,6,2020,110,58347.0,46243.0,152797.0,71403.28571428571,85144.06666666667
2020-04-20,W,225938,79017,304955,2020,4,0,2020,111,47512.0,79074.0,86695.0,71584.57142857143,81634.56666666667
2020-04-21,W,219120,77886,297006,2020,4,1,2020,112,79017.0,79616.0,60490.0,71576.42857142857,81378.63333333333
2020-04-22,W,213080,77822,290902,2020,4,2,2020,113,77886.0,78844.0,103992.0,71329.28571428571,81958.5
2020-04-23,W,214131,77918,292049,2020,4,3,2020,114,77822.0,79764.0,105312.0,71183.28571428571,81086.16666666667
2020-04-24,W,225498,78966,304464,2020,4,4,2020,115,77918.0,77935.0,106913.0,70919.57142857143,80173.03333333334
2020-04-25,A,156179,51764,207943,2020,4,5,2020,116,78966.0,58347.0,100860.0,71066.85714285714,79241.46666666666
2020-04-26,U,145023,47350,192373,2020,4,6,2020,117,51764.0,47512.0,102714.0,70126.42857142857,77604.93333333333
2020-04-27,W,230903,77830,308733,2020,4,0,2020,118,47350.0,79017.0,68572.0,70103.28571428571,75759.46666666666
2020-04-28,W,229831,79284,309115,2020,4,1,2020,119,77830.0,77886.0,57736.0,69933.71428571429,76068.06666666667
2020-04-29,W,205453,74942,280395,2020,4,2,2020,120,79284.0,77822.0,96996.0,70133.42857142857,76786.33333333333
2020-04-30,W,224948,79783,304731,2020,4,3,2020,121,74942.0,77918.0,94709.0,69722.0,76051.2
2020-05-01,W,272700,89139,361839,2020,5,4,2020,122,79783.0,78966.0,100042.0,69988.42857142857,75553.66666666667
2020-05-02,A,210617,59142,269759,2020,5,5,2020,123,89139.0,51764.0,95183.0,71441.71428571429,75190.23333333334
2020-05-03,U,155791,49160,204951,2020,5,6,2020,124,59142.0,47350.0,101015.0,72495.71428571429,73988.86666666667
2020-05-04,W,244960,79706,324666,2020,5,0,2020,125,49160.0,77830.0,65727.0,72754.28571428571,72260.36666666667
2020-05-05,W,224885,77485,302370,2020,5,1,2020,126,79706.0,79284.0,53173.0,73022.28571428571,72726.33333333333
2020-05-06,W,248434,82526,330960,2020,5,2,2020,127,77485.0,74942.0,89714.0,72765.28571428571,73536.73333333334
2020-05-07,W,247597,83941,331538,2020,5,3,2020,128,82526.0,79783.0,90824.0,73848.71428571429,73297.13333333333
2020-05-08,W,242402,82107,324509,2020,5,4,2020,129,83941.0,89139.0,88894.0,74442.71428571429,73067.7
2020-05-09,A,206907,59372,266279,2020,5,5,2020,130,82107.0,59142.0,86725.0,73438.14285714286,72841.46666666666
2020-05-10,U,134047,43773,177820,2020,5,6,2020,131,59372.0,49160.0,85608.0,73471.0,71929.7
2020-05-11,W,236521,77650,314171,2020,5,0,2020,132,43773.0,79706.0,59808.0,72701.42857142857,70535.2
2020-05-12,W,244938,81217,326155,2020,5,1,2020,133,77650.0,77485.0,46243.0,72407.71428571429,71129.93333333333
2020-05-13,W,259169,83529,342698,2020,5,2,2020,134,81217.0,82526.0,79074.0,72940.85714285714,72295.73333333334
2020-05-14,W,211894,76152,288046,2020,5,3,2020,135,83529.0,83941.0,79616.0,73084.14285714286,72444.23333333334
2020-05-15,W,261148,82454,343602,2020,5,4,2020,136,76152.0,82107.0,78844.0,71971.42857142857,72328.76666666666
2020-05-16,A,204433,60144,264577,2020,5,5,2020,137,82454.0,59372.0,79764.0,72021.0,72449.1
2020-05-17,U,119698,40451,160149,2020,5,6,2020,138,60144.0,43773.0,77935.0,72131.28571428571,71795.1
2020-05-18,W,242568,80822,323390,2020,5,0,2020,139,40451.0,77650.0,58347.0,71656.71428571429,70545.63333333333
2020-05-19,W,228412,79752,308164,2020,5,1,2020,140,80822.0,81217.0,47512.0,72109.85714285714,71294.8
2020-05-20,W,253916,85596,339512,2020,5,2,2020,141,79752.0,83529.0,79017.0,71900.57142857143,72369.46666666666
2020-05-21,W,244336,85164,329500,2020,5,3,2020,142,85596.0,76152.0,77886.0,72195.85714285714,72588.76666666666
2020-05-22,W,255894,86436,342330,2020,5,4,2020,143,85164.0,82454.0,77822.0,73483.28571428571,72831.36666666667
2020-05-23,A,198708,59164,257872,2020,5,5,2020,144,86436.0,60144.0,77918.0,74052.14285714286,73118.5
2020-05-24,U,171095,53281,224376,2020,5,6,2020,145,59164.0,40451.0,78966.0,73912.14285714286,72493.36666666667
2020-05-25,U,170039,52921,222960,2020,5,0,2020,146,53281.0,80822.0,51764.0,75745.0,71637.2
2020-05-26,W,260758,84940,345698,2020,5,1,2020,147,52921.0,79752.0,47350.0,71759.14285714286,71675.76666666666
2020-05-27,W,258713,86518,345231,2020,5,2,2020,148,84940.0,85596.0,77830.0,72500.28571428571,72928.76666666666
2020-05-28,W,250675,86579,337254,2020,5,3,2020,149,86518.0,85164.0,79284.0,72632.0,73218.36666666667
2020-05-29,W,265087,92565,357652,2020,5,4,2020,150,86579.0,86436.0,74942.0,72834.14285714286,73461.53333333334
2020-05-30,A,210004,69848,279852,2020,5,5,2020,151,92565.0,59164.0,79783.0,73709.71428571429,74048.96666666666
2020-05-31,U,86503,23544,110047,2020,5,6,2020,152,69848.0,53281.0,89139.0,75236.0,73717.8
2020-06-01,W,146931,27517,174448,2020,6,0,2020,153,23544.0,52921.0,59142.0,70987.85714285714,71531.3
2020-06-02,W,154414,31544,185958,2020,6,1,2020,154,27517.0,84940.0,49160.0,67358.71428571429,70477.13333333333
2020-06-03,W,207502,68423,275925,2020,6,2,2020,155,31544.0,86518.0,79706.0,59730.71428571428,69889.93333333333
2020-06-04,W,236590,83605,320195,2020,6,3,2020,156,68423.0,86579.0,77485.0,57145.71428571428,69513.83333333333
2020-06-05,W,252137,90734,342871,2020,6,4,2020,157,83605.0,92565.0,82526.0,56720.857142857145,69717.83333333333
2020-06-06,A,184406,69622,254028,2020,6,5,2020,158,90734.0,69848.0,83941.0,56459.28571428572,69991.43333333333
2020-06-07,U,143697,53232,196929,2020,6,6,2020,159,69622.0,23544.0,82107.0,56427.0,69514.13333333333
2020-06-08,W,263520,100516,364036,2020,6,0,2020,160,53232.0,27517.0,59372.0,60668.142857142855,68551.63333333333
2020-06-09,W,245154,98717,343871,2020,6,1,2020,161,100516.0,31544.0,43773.0,71096.57142857143,69923.1
2020-06-10,W,258523,101685,360208,2020,6,2,2020,162,98717.0,68423.0,77650.0,80692.71428571429,71754.56666666667
2020-06-11,W,282597,110709,393306,2020,6,3,2020,163,101685.0,83605.0,81217.0,85444.42857142857,72555.73333333334
2020-06-12,W,276051,113656,389707,2020,6,4,2020,164,110709.0,90734.0,83529.0,89316.42857142857,73538.8
2020-06-13,A,206386,81727,288113,2020,6,5,2020,165,113656.0,69622.0,76152.0,92591.0,74543.03333333334
2020-06-14,U,165299,66384,231683,2020,6,6,2020,166,81727.0,53232.0,82454.0,94320.28571428571,74728.86666666667
2020-06-15,W,294517,111956,406473,2020,6,0,2020,167,66384.0,100516.0,60144.0,96199.14285714286,74193.2
2020-06-16,W,301881,114566,416447,2020,6,1,2020,168,111956.0,98717.0,40451.0,97833.42857142857,75920.26666666666
2020-06-17,W,306380,117798,424178,2020,6,2,2020,169,114566.0,101685.0,80822.0,100097.57142857143,78390.76666666666
2020-06-18,W,305028,119506,424534,2020,6,3,2020,170,117798.0,110709.0,79752.0,102399.42857142857,79623.3
2020-06-19,W,303502,125162,428664,2020,6,4,2020,171,119506.0,113656.0,85596.0,103656.14285714286,80948.43333333333
2020-06-20,A,221620,81634,303254,2020,6,5,2020,172,125162.0,81727.0,85164.0,105299.85714285714,82267.3
2020-06-21,U,165913,70884,236797,2020,6,6,2020,173,81634.0,66384.0,86436.0,105286.57142857143,82149.63333333333
2020-06-22,W,260524,114622,375146,2020,6,0,2020,174,70884.0,111956.0,59164.0,105929.42857142857,81631.23333333334
2020-06-23,W,299680,131100,430780,2020,6,1,2020,175,114622.0,114566.0,53281.0,106310.28571428571,83479.83333333333
2020-06-24,W,286680,133015,419695,2020,6,2,2020,176,131100.0,117798.0,52921.0,108672.28571428571,86073.8
2020-06-25,W,304522,139288,443810,2020,6,3,2020,177,133015.0,119506.0,84940.0,110846.14285714286,88743.6
2020-06-26,W,275240,130402,405642,2020,6,4,2020,178,139288.0,125162.0,86518.0,113672.14285714286,90555.2
2020-06-27,A,233358,106092,339450,2020,6,5,2020,179,130402.0,81634.0,86579.0,114420.71428571429,92018.0
2020-06-28,U,171693,86966,258659,2020,6,6,2020,180,106092.0,70884.0,92565.0,117914.71428571429,92668.43333333333
2020-06-29,W,279383,133291,412674,2020,6,0,2020,181,86966.0,114622.0,69848.0,120212.14285714286,92481.8
2020-06-30,W,298563,140782,439345,2020,6,1,2020,182,133291.0,131100.0,23544.0,122879.14285714286,94596.56666666667
2020-07-01,W,327984,148683,476667,2020,7,2,2020,183,140782.0,133015.0,27517.0,124262.28571428571,98504.5
2020-07-02,W,320859,149071,469930,2020,7,3,2020,184,148683.0,139288.0,31544.0,126500.57142857143,102543.36666666667
2020-07-03,U,272940,127079,400019,2020,7,4,2020,185,149071.0,130402.0,68423.0,127898.14285714286,106460.93333333333
2020-07-04,A,188378,94601,282979,2020,7,5,2020,186,127079.0,106092.0,83605.0,127423.42857142857,108416.13333333333
2020-07-05,U,166998,84977,251975,2020,7,6,2020,187,94601.0,86966.0,90734.0,125781.85714285714,108782.66666666667
2020-07-06,W,301317,143054,444371,2020,7,0,2020,188,84977.0,133291.0,69622.0,125497.71428571429,108590.76666666666
2020-07-07,W,300508,147310,447818,2020,7,1,2020,189,143054.0,140782.0,53232.0,126892.42857142857,111038.5
2020-07-08,W,301892,149845,451737,2020,7,2,2020,190,147310.0,148683.0,100516.0,127825.0,114174.43333333333
2020-07-09,W,301260,149971,451231,2020,7,3,2020,191,149845.0,149071.0,98717.0,127991.0,115818.73333333334
2020-07-10,W,312226,155529,467755,2020,7,4,2020,192,149971.0,127079.0,101685.0,128119.57142857143,117527.2
2020-07-11,A,233152,112641,345793,2020,7,5,2020,193,155529.0,94601.0,110709.0,132183.85714285713,119322.0
2020-07-12,U,174761,90382,265143,2020,7,6,2020,194,112641.0,84977.0,113656.0,134761.0,119386.4
2020-07-13,W,309700,149117,458817,2020,7,0,2020,195,90382.0,143054.0,81727.0,135533.14285714287,118610.6
2020-07-14,W,312379,152758,465137,2020,7,1,2020,196,149117.0,147310.0,66384.0,136399.2857142857,120856.93333333333
2020-07-15,W,295648,147794,443442,2020,7,2,2020,197,152758.0,149845.0,111956.0,137177.57142857142,123736.06666666667
2020-07-16,W,306288,154912,461200,2020,7,3,2020,198,147794.0,149971.0,114566.0,136884.57142857142,124930.66666666667
2020-07-17,W,315882,161335,477217,2020,7,4,2020,199,154912.0,155529.0,117798.0,137590.42857142858,126275.53333333334
2020-07-18,A,219217,109549,328766,2020,7,5,2020,200,161335.0,112641.0,119506.0,138419.85714285713,127726.76666666666
2020-07-19,U,148461,80714,229175,2020,7,6,2020,201,109549.0,90382.0,125162.0,137978.14285714287,127394.86666666667
2020-07-20,W,307261,149404,456665,2020,7,0,2020,202,80714.0,149117.0,81634.0,136597.0,125913.26666666666
2020-07-21,W,297659,148632,446291,2020,7,1,2020,203,149404.0,152758.0,70884.0,136638.0,128172.26666666666
2020-07-22,W,306629,152652,459281,2020,7,2,2020,204,148632.0,147794.0,114622.0,136048.57142857142,130763.86666666667
2020-07-23,W,315401,156970,472371,2020,7,3,2020,205,152652.0,154912.0,131100.0,136742.57142857142,132031.53333333333
2020-07-24,W,318269,161024,479293,2020,7,4,2020,206,156970.0,161335.0,133015.0,137036.57142857142,132893.86666666667
2020-07-25,A,228619,116404,345023,2020,7,5,2020,207,161024.0,109549.0,139288.0,136992.14285714287,133827.5
2020-07-26,U,163332,90069,253401,2020,7,6,2020,208,116404.0,80714.0,130402.0,137971.42857142858,133064.7
2020-07-27,W,295579,144168,439747,2020,7,0,2020,209,90069.0,149404.0,106092.0,139307.85714285713,131720.26666666666
2020-07-28,W,314899,153221,468120,2020,7,1,2020,210,144168.0,148632.0,86966.0,138559.85714285713,132989.46666666667
2020-07-29,W,305332,152279,457611,2020,7,2,2020,211,153221.0,152652.0,133291.0,139215.42857142858,135197.96666666667
2020-07-30,W,307576,156312,463888,2020,7,3,2020,212,152279.0,156970.0,140782.0,139162.14285714287,135830.9
2020-07-31,W,338021,164604,502625,2020,7,4,2020,213,156312.0,161024.0,148683.0,139068.14285714287,136348.56666666668
2020-08-01,A,235944,117414,353358,2020,8,5,2020,214,164604.0,116404.0,149071.0,139579.57142857142,136879.26666666666
2020-08-02,U,169536,89199,258735,2020,8,6,2020,215,117414.0,90069.0,127079.0,139723.85714285713,135824.03333333333
2020-08-03,W,324028,152552,476580,2020,8,0,2020,216,89199.0,144168.0,94601.0,139599.57142857142,134561.36666666667
2020-08-04,W,326128,157759,483887,2020,8,1,2020,217,152552.0,153221.0,84977.0,140797.2857142857,136493.06666666668
2020-08-05,W,319021,157695,476716,2020,8,2,2020,218,157759.0,152279.0,143054.0,141445.57142857142,138919.13333333333
2020-08-06,W,320751,159609,480360,2020,8,3,2020,219,157695.0,156312.0,147310.0,142219.2857142857,139407.16666666666
2020-08-07,W,326107,164886,490993,2020,8,4,2020,220,159609.0,164604.0,149845.0,142690.2857142857,139817.13333333333
2020-08-08,A,232723,118676,351399,2020,8,5,2020,221,164886.0,117414.0,149971.0,142730.57142857142,140318.5
2020-08-09,U,175080,93832,268912,2020,8,6,2020,222,118676.0,89199.0,155529.0,142910.85714285713,139275.33333333334
2020-08-10,W,250672,96642,347314,2020,8,0,2020,223,93832.0,152552.0,112641.0,143572.7142857143,137218.76666666666
2020-08-11,W,309009,138581,447590,2020,8,1,2020,224,96642.0,157759.0,90382.0,135585.57142857142,136685.46666666667
2020-08-12,W,313739,146680,460419,2020,8,2,2020,225,138581.0,157695.0,149117.0,132845.85714285713,138292.1
2020-08-13,W,313917,150941,464858,2020,8,3,2020,226,146680.0,159609.0,152758.0,131272.2857142857,138210.86666666667
2020-08-14,W,315311,155653,470964,2020,8,4,2020,227,150941.0,164886.0,147794.0,130034.0,138150.3
2020-08-15,A,215071,107720,322791,2020,8,5,2020,228,155653.0,118676.0,154912.0,128715.0,138412.26666666666
2020-08-16,U,172492,89599,262091,2020,8,6,2020,229,107720.0,93832.0,161335.0,127149.85714285714,136839.2
2020-08-17,W,304431,147684,452115,2020,8,0,2020,230,89599.0,96642.0,109549.0,126545.14285714286,134448.0
2020-08-18,W,313038,155406,468444,2020,8,1,2020,231,147684.0,138581.0,80714.0,133836.85714285713,135719.16666666666
2020-08-19,W,317835,158653,476488,2020,8,2,2020,232,155406.0,146680.0,149404.0,136240.42857142858,138208.9
2020-08-20,W,317199,160843,478042,2020,8,3,2020,233,158653.0,150941.0,148632.0,137950.85714285713,138517.2
2020-08-21,W,322563,165104,487667,2020,8,4,2020,234,160843.0,155653.0,152652.0,139365.42857142858,138924.23333333334
2020-08-22,A,229626,119732,349358,2020,8,5,2020,235,165104.0,107720.0,156970.0,140715.57142857142,139339.3
2020-08-23,U,167737,93123,260860,2020,8,6,2020,236,119732.0,89599.0,161024.0,142431.57142857142,138098.03333333333
2020-08-24,W,295919,152126,448045,2020,8,0,2020,237,93123.0,147684.0,116404.0,142935.0,135834.66666666666
2020-08-25,W,306720,156020,462740,2020,8,1,2020,238,152126.0,155406.0,90069.0,143569.57142857142,137025.4
2020-08-26,W,311882,158419,470301,2020,8,2,2020,239,156020.0,158653.0,144168.0,143657.2857142857,139223.76666666666
2020-08-27,W,307570,159603,467173,2020,8,3,2020,240,158419.0,160843.0,153221.0,143623.85714285713,139698.8
2020-08-28,W,313712,163890,477602,2020,8,4,2020,241,159603.0,165104.0,152279.0,143446.7142857143,139911.53333333333
2020-08-29,A,228415,120335,348750,2020,8,5,2020,242,163890.0,119732.0,156312.0,143273.2857142857,140298.56666666668
2020-08-30,U,172100,96089,268189,2020,8,6,2020,243,120335.0,93123.0,164604.0,143359.42857142858,139099.33333333334
2020-08-31,W,312659,156093,468752,2020,8,0,2020,244,96089.0,152126.0,117414.0,143783.14285714287,136815.5
2020-09-01,W,320186,157112,477298,2020,9,1,2020,245,156093.0,156020.0,89199.0,144349.85714285713,138104.8
2020-09-02,W,335025,167989,503014,2020,9,2,2020,246,157112.0,158419.0,152552.0,144505.85714285713,140368.56666666668
2020-09-03,W,347516,172408,519924,2020,9,3,2020,247,167989.0,159603.0,157759.0,145873.0,140883.13333333333
2020-09-04,W,339339,176834,516173,2020,9,4,2020,248,172408.0,163890.0,157695.0,147702.2857142857,141371.43333333332
2020-09-05,A,239660,134087,373747,2020,9,5,2020,249,176834.0,120335.0,159609.0,149551.42857142858,142009.4
2020-09-06,U,161152,98132,259284,2020,9,6,2020,250,134087.0,96089.0,164886.0,151516.0,141158.66666666666
2020-09-07,U,189391,104992,294383,2020,9,0,2020,251,98132.0,156093.0,118676.0,151807.85714285713,138933.53333333333
2020-09-08,W,288854,151558,440412,2020,9,1,2020,252,104992.0,157112.0,93832.0,144507.7142857143,138477.4
2020-09-09,W,318510,162823,481333,2020,9,2,2020,253,151558.0,167989.0,96642.0,143714.2857142857,140401.6
2020-09-10,W,320927,167696,488623,2020,9,3,2020,254,162823.0,172408.0,138581.0,142976.2857142857,142607.63333333333
2020-09-11,W,323815,172643,496458,2020,9,4,2020,255,167696.0,176834.0,146680.0,142303.14285714287,143578.13333333333
2020-09-12,A,213040,118325,331365,2020,9,5,2020,256,172643.0,134087.0,150941.0,141704.42857142858,144443.56666666668
2020-09-13,U,183881,104162,288043,2020,9,6,2020,257,118325.0,98132.0,155653.0,139452.7142857143,143356.36666666667
2020-09-14,W,314508,159479,473987,2020,9,0,2020,258,104162.0,104992.0,107720.0,140314.14285714287,141640.0
2020-09-15,W,323465,166872,490337,2020,9,1,2020,259,159479.0,151558.0,89599.0,148098.0,143365.3
2020-09-16,W,323500,171467,494967,2020,9,2,2020,260,166872.0,162823.0,147684.0,150285.7142857143,145941.06666666668
2020-09-17,W,322703,171455,494158,2020,9,3,2020,261,171467.0,167696.0,155406.0,151520.57142857142,146733.83333333334
2020-09-18,W,329339,179021,508360,2020,9,4,2020,262,171455.0,172643.0,158653.0,152057.57142857142,147268.8
2020-09-19,A,240028,135343,375371,2020,9,5,2020,263,179021.0,118325.0,160843.0,152968.7142857143,147947.73333333334
2020-09-20,U,175502,101785,277287,2020,9,6,2020,264,135343.0,104162.0,165104.0,155399.85714285713,147097.73333333334
2020-09-21,W,312717,160531,473248,2020,9,0,2020,265,101785.0,159479.0,119732.0,155060.2857142857,144987.1
2020-09-22,W,324554,166852,491406,2020,9,1,2020,266,160531.0,166872.0,93123.0,155210.57142857142,146347.06666666668
2020-09-23,W,326416,169407,495823,2020,9,2,2020,267,166852.0,171467.0,152126.0,155207.7142857143,148804.7
2020-09-24,W,321314,169953,491267,2020,9,3,2020,268,169407.0,171455.0,156020.0,154913.42857142858,149380.73333333334
2020-09-25,W,338121,180938,519059,2020,9,4,2020,269,169953.0,179021.0,158419.0,154698.85714285713,149845.16666666666
2020-09-26,A,239686,136388,376074,2020,9,5,2020,270,180938.0,135343.0,159603.0,154972.7142857143,150595.8
2020-09-27,U,176943,102308,279251,2020,9,6,2020,271,136388.0,101785.0,163890.0,155122.0,149821.96666666667
2020-09-28,W,299874,158980,458854,2020,9,0,2020,272,102308.0,160531.0,120335.0,155196.7142857143,147769.23333333334
2020-09-29,W,323062,167874,490936,2020,9,1,2020,273,158980.0,166852.0,96089.0,154975.14285714287,149057.4
2020-09-30,W,320186,169305,489491,2020,9,2,2020,274,167874.0,169407.0,156093.0,155121.14285714287,151450.23333333334
2020-10-01,W,336911,173387,510298,2020,10,3,2020,275,169305.0,169953.0,157112.0,155106.57142857142,151890.63333333333
2020-10-02,W,349664,182413,532077,2020,10,4,2020,276,173387.0,180938.0,167989.0,155597.14285714287,152433.13333333333
2020-10-03,A,241921,133772,375693,2020,10,5,2020,277,182413.0,136388.0,172408.0,155807.85714285713,152913.93333333332
2020-10-04,U,179954,100387,280341,2020,10,6,2020,278,133772.0,102308.0,176834.0,155434.14285714287,151626.06666666668
2020-10-05,W,326242,164517,490759,2020,10,0,2020,279,100387.0,158980.0,134087.0,155159.7142857143,149077.83333333334
2020-10-06,W,332474,168456,500930,2020,10,1,2020,280,164517.0,167874.0,98132.0,155950.7142857143,150092.16666666666
2020-10-07,W,333595,171757,505352,2020,10,2,2020,281,168456.0,169305.0,104992.0,156033.85714285713,152436.3
2020-10-08,W,334365,174469,508834,2020,10,3,2020,282,171757.0,173387.0,151558.0,156384.14285714287,154661.8
2020-10-09,W,335842,183544,519386,2020,10,4,2020,283,174469.0,182413.0,162823.0,156538.7142857143,155425.5
2020-10-10,A,248858,137846,386704,2020,10,5,2020,284,183544.0,133772.0,167696.0,156700.2857142857,156116.2
2020-10-11,U,181194,103244,284438,2020,10,6,2020,285,137846.0,100387.0,172643.0,157282.2857142857,155121.2
2020-10-12,W,271925,145635,417560,2020,10,0,2020,286,103244.0,164517.0,118325.0,157690.42857142858,152807.9
2020-10-13,W,334145,170998,505143,2020,10,1,2020,287,145635.0,168456.0,104162.0,154993.0,153718.23333333334
2020-10-14,W,334911,172419,507330,2020,10,2,2020,288,170998.0,171757.0,159479.0,155356.14285714287,155946.1
2020-10-15,W,323424,172888,496312,2020,10,3,2020,289,172419.0,174469.0,166872.0,155450.7142857143,156377.43333333332
2020-10-16,W,324544,178507,503051,2020,10,4,2020,290,172888.0,183544.0,171467.0,155224.85714285713,156577.96666666667
2020-10-17,A,231563,134238,365801,2020,10,5,2020,291,178507.0,137846.0,171455.0,154505.2857142857,156812.63333333333
2020-10-18,U,150496,92227,242723,2020,10,6,2020,292,134238.0,103244.0,179021.0,153989.85714285713,155572.06666666668
2020-10-19,W,300842,158006,458848,2020,10,0,2020,293,92227.0,145635.0,135343.0,152416.0,152678.93333333332
2020-10-20,W,310091,163811,473902,2020,10,1,2020,294,158006.0,170998.0,101785.0,154183.2857142857,153434.36666666667
2020-10-21,W,321256,167872,489128,2020,10,2,2020,295,163811.0,172419.0,160531.0,153156.57142857142,155501.9
2020-10-22,W,318012,168824,486836,2020,10,3,2020,296,167872.0,172888.0,166852.0,152507.0,155746.6
2020-10-23,W,288787,166459,455246,2020,10,4,2020,297,168824.0,178507.0,169407.0,151926.42857142858,155812.33333333334
2020-10-24,A,239353,132006,371359,2020,10,5,2020,298,166459.0,134238.0,169953.0,150205.2857142857,155714.06666666668
2020-10-25,U,160807,94731,255538,2020,10,6,2020,299,132006.0,92227.0,180938.0,149886.42857142858,154449.16666666666
2020-10-26,W,294204,155238,449442,2020,10,0,2020,300,94731.0,158006.0,136388.0,150244.14285714287,151575.6
2020-10-27,W,299100,158973,458073,2020,10,1,2020,301,155238.0,163811.0,102308.0,149848.7142857143,152203.93333333332
2020-10-28,W,318538,165838,484376,2020,10,2,2020,302,158973.0,167872.0,158980.0,149157.57142857142,154092.76666666666
2020-10-29,W,304342,165360,469702,2020,10,3,2020,303,165838.0,168824.0,167874.0,148867.0,154321.36666666667
2020-10-30,W,334559,172445,507004,2020,10,4,2020,304,165360.0,166459.0,169305.0,148372.14285714287,154237.56666666668
2020-10-31,A,224885,120080,344965,2020,10,5,2020,305,172445.0,132006.0,173387.0,149227.2857142857,154342.23333333334
2020-11-01,U,149896,85934,235830,2020,11,6,2020,306,120080.0,94731.0,182413.0,147523.57142857142,152565.33333333334
2020-11-02,W,301558,154284,455842,2020,11,0,2020,307,85934.0,155238.0,133772.0,146266.85714285713,149349.36666666667
2020-11-03,W,317723,149741,467464,2020,11,1,2020,308,154284.0,158973.0,100387.0,146130.57142857142,150033.1
2020-11-04,W,306904,151147,458051,2020,11,2,2020,309,149741.0,165838.0,164517.0,144811.7142857143,151678.23333333334
2020-11-05,W,311836,158434,470270,2020,11,3,2020,310,151147.0,165360.0,168456.0,142713.0,151232.56666666668
2020-11-06,W,318896,167110,486006,2020,11,4,2020,311,158434.0,172445.0,171757.0,141723.57142857142,150898.5
2020-11-07,A,226237,126890,353127,2020,11,5,2020,312,167110.0,120080.0,174469.0,140961.42857142858,150743.6
2020-11-08,U,166538,94199,260737,2020,11,6,2020,313,126890.0,85934.0,183544.0,141934.2857142857,149157.63333333333
2020-11-09,W,308098,157126,465224,2020,11,0,2020,314,94199.0,154284.0,137846.0,143115.0,146179.46666666667
2020-11-10,W,298502,153003,451505,2020,11,1,2020,315,157126.0,149741.0,103244.0,143521.0,146822.13333333333
2020-11-11,W,286362,147595,433957,2020,11,2,2020,316,153003.0,151147.0,145635.0,143987.0,148480.76666666666
2020-11-12,W,305497,158496,463993,2020,11,3,2020,317,147595.0,158434.0,170998.0,143479.57142857142,148546.1
2020-11-13,W,305354,159535,464889,2020,11,4,2020,318,158496.0,167110.0,172419.0,143488.42857142858,148129.36666666667
2020-11-14,A,206691,104500,311191,2020,11,5,2020,319,159535.0,126890.0,172888.0,142406.2857142857,147699.9
2020-11-15,U,136434,75619,212053,2020,11,6,2020,320,104500.0,94199.0,178507.0,139207.7142857143,145420.3
2020-11-16,W,282290,140661,422951,2020,11,0,2020,321,75619.0,157126.0,134238.0,136553.42857142858,141990.7
2020-11-17,W,279757,140971,420728,2020,11,1,2020,322,140661.0,153003.0,92227.0,134201.2857142857,142204.8
2020-11-18,W,285245,143331,428576,2020,11,2,2020,323,140971.0,147595.0,158006.0,132482.42857142858,143829.6
2020-11-19,W,292548,148286,440834,2020,11,3,2020,324,143331.0,158496.0,163811.0,131873.2857142857,143340.43333333332
2020-11-20,W,297292,149612,446904,2020,11,4,2020,325,148286.0,159535.0,167872.0,130414.71428571429,142822.93333333332
2020-11-21,A,206379,100672,307051,2020,11,5,2020,326,149612.0,104500.0,168824.0,128997.14285714286,142214.26666666666
2020-11-22,U,146562,74926,221488,2020,11,6,2020,327,100672.0,75619.0,166459.0,128450.28571428571,139942.53333333333
2020-11-23,W,283365,138635,422000,2020,11,0,2020,328,74926.0,140661.0,132006.0,128351.28571428571,136891.43333333332
2020-11-24,W,264500,135119,399619,2020,11,1,2020,329,138635.0,140971.0,94731.0,128061.85714285714,137112.4
2020-11-25,W,267787,131704,399491,2020,11,2,2020,330,135119.0,143331.0,155238.0,127225.85714285714,138458.66666666666
2020-11-26,U,119470,56839,176309,2020,11,3,2020,331,131704.0,148286.0,158973.0,125564.85714285714,137674.2
2020-11-27,W,221878,106692,328570,2020,11,4,2020,332,56839.0,149612.0,165838.0,112501.0,134269.73333333334
2020-11-28,A,198860,97141,296001,2020,11,5,2020,333,106692.0,100672.0,165360.0,106369.57142857143,132298.2
2020-11-29,U,145682,76276,221958,2020,11,6,2020,334,97141.0,74926.0,172445.0,105865.14285714286,130024.23333333334
2020-11-30,W,255801,130426,386227,2020,11,0,2020,335,76276.0,138635.0,120080.0,106058.0,126818.6
2020-12-01,W,290906,138364,429270,2020,12,1,2020,336,130426.0,135119.0,85934.0,104885.28571428571,127163.46666666666
2020-12-02,W,289930,137598,427528,2020,12,2,2020,337,138364.0,131704.0,154284.0,105348.85714285714,128911.13333333333
2020-12-03,W,301357,142080,443437,2020,12,3,2020,338,137598.0,56839.0,149741.0,106190.85714285714,128354.93333333333
2020-12-04,W,297160,144348,441508,2020,12,4,2020,339,142080.0,106692.0,151147.0,118368.14285714286,128099.56666666667
2020-12-05,A,206508,100869,307377,2020,12,5,2020,340,144348.0,97141.0,158434.0,123747.57142857143,127872.93333333333
2020-12-06,U,144322,74099,218421,2020,12,6,2020,341,100869.0,76276.0,167110.0,124280.14285714286,125954.1
2020-12-07,W,272363,133537,405900,2020,12,0,2020,342,74099.0,130426.0,126890.0,123969.14285714286,122853.73333333334
2020-12-08,W,277139,137145,414284,2020,12,1,2020,343,133537.0,138364.0,94199.0,124413.57142857143,123075.3
2020-12-09,W,293699,143390,437089,2020,12,2,2020,344,137145.0,137598.0,157126.0,124239.42857142857,124506.83333333333
2020-12-10,W,297368,144459,441827,2020,12,3,2020,345,143390.0,142080.0,153003.0,125066.85714285714,124048.96666666666
2020-12-11,W,277727,138386,416113,2020,12,4,2020,346,144459.0,144348.0,147595.0,125406.71428571429,123764.16666666667
2020-12-12,A,181545,92521,274066,2020,12,5,2020,347,138386.0,100869.0,158496.0,124555.0,123457.2
2020-12-13,U,150344,78380,228724,2020,12,6,2020,348,92521.0,74099.0,159535.0,123362.42857142857,121258.03333333334
2020-12-14,W,269583,135394,404977,2020,12,0,2020,349,78380.0,133537.0,104500.0,123974.0,118552.86666666667
2020-12-15,W,273075,137120,410195,2020,12,1,2020,350,135394.0,137145.0,75619.0,124239.28571428571,119582.66666666667
2020-12-16,W,269375,138422,407797,2020,12,2,2020,351,137120.0,143390.0,140661.0,124235.71428571429,121632.7
2020-12-17,W,273791,139375,413166,2020,12,3,2020,352,138422.0,144459.0,140971.0,123526.0,121558.06666666667
2020-12-18,W,284841,144568,429409,2020,12,4,2020,353,139375.0,138386.0,143331.0,122799.71428571429,121504.86666666667
2020-12-19,A,201406,101970,303376,2020,12,5,2020,354,144568.0,92521.0,148286.0,123682.85714285714,121546.1
2020-12-20,U,157805,80063,237868,2020,12,6,2020,355,101970.0,78380.0,149612.0,125032.71428571429,120002.23333333334
2020-12-21,W,280892,137696,418588,2020,12,0,2020,356,80063.0,135394.0,100672.0,125273.14285714286,117683.93333333333
2020-12-22,W,289292,140759,430051,2020,12,1,2020,357,137696.0,137120.0,74926.0,125602.0,118918.06666666667
2020-12-23,W,283137,138325,421462,2020,12,2,2020,358,140759.0,138422.0,138635.0,126121.85714285714,121112.5
2020-12-24,W,201261,92528,293789,2020,12,3,2020,359,138325.0,139375.0,135119.0,126108.0,121102.16666666667
2020-12-25,U,80783,40861,121644,2020,12,4,2020,360,92528.0,144568.0,131704.0,119415.57142857143,119682.46666666666
2020-12-26,A,170294,81793,252087,2020,12,5,2020,361,40861.0,101970.0,56839.0,104600.28571428571,116654.36666666667
2020-12-27,U,139350,72363,211713,2020,12,6,2020,362,81793.0,80063.0,106692.0,101717.85714285714,117486.16666666667
2020-12-28,W,259552,125317,384869,2020,12,0,2020,363,72363.0,137696.0,97141.0,100617.85714285714,116341.86666666667
2020-12-29,W,253437,128558,381995,2020,12,1,2020,364,125317.0,140759.0,76276.0,98849.42857142857,117281.06666666667
2020-12-30,W,244219,126447,370666,2020,12,2,2020,365,128558.0,138325.0,130426.0,97106.42857142857,119023.8
2020-12-31,W,254787,114338,369125,2020,12,3,2020,366,126447.0,92528.0,138364.0,95409.57142857143,118891.16666666667
2021-01-01,U,114115,62077,176192,2021,1,4,2021,1,114338.0,40861.0,137598.0,98525.28571428571,118090.3
2021-01-02,A,186877,91034,277911,2021,1,5,2021,2,62077.0,81793.0,142080.0,101556.14285714286,115572.93333333333
2021-01-03,U,140440,72391,212831,2021,1,6,2021,3,91034.0,72363.0,144348.0,102876.28571428571,113871.4
2021-01-04,W,282862,132124,414986,2021,1,0,2021,4,72391.0,125317.0,100869.0,102880.28571428571,111472.83333333333
2021-01-05,W,281724,134514,416238,2021,1,1,2021,5,132124.0,128558.0,74099.0,103852.71428571429,112514.66666666667
2021-01-06,W,278317,136069,414386,2021,1,2,2021,6,134514.0,126447.0,133537.0,104703.57142857143,114528.5
2021-01-07,W,270340,135092,405432,2021,1,3,2021,7,136069.0,114338.0,137145.0,106078.14285714286,114612.9
2021-01-08,W,272827,137181,410008,2021,1,4,2021,8,135092.0,62077.0,143390.0,109043.0,114544.46666666666
2021-01-09,A,205370,101095,306465,2021,1,5,2021,9,137181.0,91034.0,144459.0,119772.14285714286,114337.5
2021-01-10,U,145412,71867,217279,2021,1,6,2021,10,101095.0,72391.0,138386.0,121209.42857142857,112892.03333333334
2021-01-11,W,262355,129615,391970,2021,1,0,2021,11,71867.0,132124.0,92521.0,121134.57142857143,110674.73333333334
2021-01-12,W,277882,136866,414748,2021,1,1,2021,12,129615.0,134514.0,78380.0,120776.14285714286,111911.2
2021-01-13,W,282529,140007,422536,2021,1,2,2021,13,136866.0,136069.0,135394.0,121112.14285714286,113860.73333333334
2021-01-14,W,275747,137634,413381,2021,1,3,2021,14,140007.0,135092.0,137120.0,121674.71428571429,114014.5
2021-01-15,W,277928,139988,417916,2021,1,4,2021,15,137634.0,137181.0,138422.0,122037.85714285714,114031.63333333333
2021-01-16,A,193303,96530,289833,2021,1,5,2021,16,139988.0,101095.0,139375.0,122438.85714285714,114083.83333333333
2021-01-17,U,143923,72570,216493,2021,1,6,2021,17,96530.0,71867.0,144568.0,121786.71428571429,112655.66666666667
2021-01-18,W,227108,113727,340835,2021,1,0,2021,18,72570.0,129615.0,101970.0,121887.14285714286,110255.73333333334
2021-01-19,W,270497,137227,407724,2021,1,1,2021,19,113727.0,136866.0,80063.0,119617.42857142857,110647.63333333333
2021-01-20,W,257638,131313,388951,2021,1,2,2021,20,137227.0,140007.0,137696.0,119669.0,112553.1
2021-01-21,W,287899,144085,431984,2021,1,3,2021,21,131313.0,137634.0,140759.0,118427.0,112340.33333333333
2021-01-22,W,264517,138811,403328,2021,1,4,2021,22,144085.0,139988.0,138325.0,119348.57142857143,112451.2
2021-01-23,A,190988,96503,287491,2021,1,5,2021,23,138811.0,96530.0,92528.0,119180.42857142857,112467.4
2021-01-24,U,141538,71996,213534,2021,1,6,2021,24,96503.0,72570.0,40861.0,119176.57142857143,112599.9
2021-01-25,W,265782,135618,401400,2021,1,0,2021,25,71996.0,113727.0,81793.0,119094.57142857143,113637.73333333334
2021-01-26,W,233767,127803,361570,2021,1,1,2021,26,135618.0,137227.0,72363.0,122221.85714285714,115431.9
2021-01-27,W,262570,138610,401180,2021,1,2,2021,27,127803.0,131313.0,125317.0,120875.57142857143,117279.9
2021-01-28,W,265152,140259,405411,2021,1,3,2021,28,138610.0,144085.0,128558.0,121918.0,117723.0
2021-01-29,W,285439,148439,433878,2021,1,4,2021,29,140259.0,138811.0,126447.0,121371.42857142857,118113.03333333334
2021-01-30,A,192267,102119,294386,2021,1,5,2021,30,148439.0,96503.0,114338.0,122746.85714285714,118846.1
2021-01-31,U,119669,75697,195366,2021,1,6,2021,31,102119.0,71996.0,62077.0,123549.14285714286,118438.8
2021-02-01,W,285366,145356,430722,2021,2,0,2021,32,75697.0,135618.0,91034.0,124077.85714285714,118892.8
2021-02-02,W,288369,146050,434419,2021,2,1,2021,33,145356.0,127803.0,72391.0,125469.0,120703.53333333334
2021-02-03,W,315672,152303,467975,2021,2,2,2021,34,146050.0,138610.0,132124.0,128075.71428571429,123158.83333333333
2021-02-04,W,278515,147593,426108,2021,2,3,2021,35,152303.0,140259.0,134514.0,130031.85714285714,123831.46666666666
2021-02-05,W,250369,139613,389982,2021,2,4,2021,36,147593.0,148439.0,136069.0,131079.57142857142,124267.43333333333
2021-02-06,A,161437,89065,250502,2021,2,5,2021,37,139613.0,102119.0,135092.0,129818.71428571429,124385.56666666667
2021-02-07,U,110637,64459,175096,2021,2,6,2021,38,89065.0,75697.0,137181.0,127953.85714285714,122851.33333333333
2021-02-08,W,242899,128998,371897,2021,2,0,2021,39,64459.0,145356.0,101095.0,126348.42857142857,120427.26666666666
2021-02-09,W,260772,137064,397836,2021,2,1,2021,40,128998.0,146050.0,71867.0,124011.57142857143,121357.36666666667
2021-02-10,W,267271,141210,408481,2021,2,2,2021,41,137064.0,152303.0,129615.0,122727.85714285714,123530.6
2021-02-11,W,269772,146284,416056,2021,2,3,2021,42,141210.0,147593.0,136866.0,121143.14285714286,123917.1
2021-02-12,W,280767,149261,430028,2021,2,4,2021,43,146284.0,139613.0,140007.0,120956.14285714286,124231.03333333334
2021-02-13,A,186257,106030,292287,2021,2,5,2021,44,149261.0,89065.0,137634.0,122334.42857142857,124539.5
2021-02-14,U,121070,73603,194673,2021,2,6,2021,45,106030.0,64459.0,139988.0,124758.0,123486.03333333334
2021-02-15,W,196912,118258,315170,2021,2,0,2021,46,73603.0,128998.0,96530.0,126064.28571428571,121273.2
2021-02-16,W,206197,114830,321027,2021,2,1,2021,47,118258.0,137064.0,72570.0,124530.0,121997.46666666666
2021-02-17,W,278930,149828,428758,2021,2,2,2021,48,114830.0,141210.0,113727.0,121353.71428571429,123406.13333333333
2021-02-18,W,283168,155250,438418,2021,2,3,2021,49,149828.0,146284.0,137227.0,122584.85714285714,124609.5
2021-02-19,W,287852,156832,444684,2021,2,4,2021,50,155250.0,149261.0,131313.0,123865.71428571429,125210.26666666666
2021-02-20,A,192157,112011,304168,2021,2,5,2021,51,156832.0,106030.0,144085.0,124947.28571428571,126060.9
2021-02-21,U,146116,81211,227327,2021,2,6,2021,52,112011.0,73603.0,138811.0,125801.71428571429,124991.76666666666
2021-02-22,W,280331,146573,426904,2021,2,0,2021,53,81211.0,118258.0,96503.0,126888.57142857143,123071.76666666666
2021-02-23,W,308822,157020,465842,2021,2,1,2021,54,146573.0,114830.0,71996.0,130933.57142857143,124740.76666666666
2021-02-24,W,307300,156793,464093,2021,2,2,2021,55,157020.0,149828.0,135618.0,136960.7142857143,127574.9
2021-02-25,W,300304,157867,458171,2021,2,3,2021,56,156793.0,155250.0,127803.0,137955.7142857143,128280.73333333334
2021-02-26,W,309217,164565,473782,2021,2,4,2021,57,157867.0,156832.0,138610.0,138329.57142857142,129282.86666666667
2021-02-27,A,232432,127246,359678,2021,2,5,2021,58,164565.0,112011.0,140259.0,139434.2857142857,130148.03333333334
2021-02-28,U,158200,87008,245208,2021,2,6,2021,59,127246.0,81211.0,148439.0,141610.7142857143,129714.26666666666
2021-03-01,W,309106,149826,458932,2021,3,0,2021,60,87008.0,146573.0,102119.0,142438.85714285713,127666.56666666667
2021-03-02,W,308998,156140,465138,2021,3,1,2021,61,149826.0,157020.0,75697.0,142903.57142857142,129256.8
2021-03-03,W,333410,163566,496976,2021,3,2,2021,62,156140.0,156793.0,145356.0,142777.85714285713,131938.23333333334
2021-03-04,W,309302,159889,469191,2021,3,3,2021,63,163566.0,157867.0,146050.0,143745.42857142858,132545.23333333334
2021-03-05,W,317629,167771,485400,2021,3,4,2021,64,159889.0,164565.0,152303.0,144034.2857142857,133006.53333333333
2021-03-06,A,228890,124851,353741,2021,3,5,2021,65,167771.0,127246.0,147593.0,144492.2857142857,133522.13333333333
2021-03-07,U,173071,95906,268977,2021,3,6,2021,66,124851.0,87008.0,139613.0,144150.14285714287,132764.06666666668
2021-03-08,W,317267,159512,476779,2021,3,0,2021,67,95906.0,149826.0,89065.0,145421.2857142857,131307.16666666666
2021-03-09,W,327340,164868,492208,2021,3,1,2021,68,159512.0,156140.0,64459.0,146805.0,133655.4
2021-03-10,W,312074,161736,473810,2021,3,2,2021,69,164868.0,163566.0,128998.0,148051.85714285713,137002.36666666667
2021-03-11,W,318121,165057,483178,2021,3,3,2021,70,161736.0,159889.0,137064.0,147790.42857142858,138093.63333333333
2021-03-12,W,323199,172476,495675,2021,3,4,2021,71,165057.0,167771.0,141210.0,148528.7142857143,139026.73333333334
2021-03-13,A,247738,148004,395742,2021,3,5,2021,72,172476.0,124851.0,146284.0,149200.85714285713,140068.93333333332
2021-03-14,U,163299,97387,260686,2021,3,6,2021,73,148004.0,95906.0,149261.0,152508.42857142858,140126.26666666666
2021-03-15,W,265818,144990,410808,2021,3,0,2021,74,97387.0,159512.0,106030.0,152720.0,138397.13333333333
2021-03-16,W,300583,158171,458754,2021,3,1,2021,75,144990.0,164868.0,73603.0,150645.42857142858,139695.8
2021-03-17,W,310656,165207,475863,2021,3,2,2021,76,158171.0,161736.0,118258.0,149688.7142857143,142514.73333333334
2021-03-18,W,293346,160989,454335,2021,3,3,2021,77,165207.0,165057.0,114830.0,150184.57142857142,144079.7
2021-03-19,W,330666,178106,508772,2021,3,4,2021,78,160989.0,172476.0,149828.0,149603.42857142858,145618.33333333334
2021-03-20,A,246067,141702,387769,2021,3,5,2021,79,178106.0,148004.0,155250.0,150407.7142857143,146560.93333333332
2021-03-21,U,187953,111138,299091,2021,3,6,2021,80,141702.0,97387.0,156832.0,149507.42857142858,146109.33333333334
2021-03-22,W,319333,164624,483957,2021,3,0,2021,81,111138.0,144990.0,112011.0,151471.85714285713,144586.2
2021-03-23,W,303876,159635,463511,2021,3,1,2021,82,164624.0,158171.0,81211.0,154276.7142857143,146339.96666666667
2021-03-24,W,320929,168422,489351,2021,3,2,2021,83,159635.0,165207.0,146573.0,154485.85714285713,148954.1
2021-03-25,W,316190,168278,484468,2021,3,3,2021,84,168422.0,160989.0,157020.0,154945.14285714287,149682.4
2021-03-26,W,321386,175255,496641,2021,3,4,2021,85,168278.0,178106.0,156793.0,155986.42857142858,150057.66666666666
2021-03-27,A,235940,137705,373645,2021,3,5,2021,86,175255.0,141702.0,157867.0,155579.14285714287,150673.06666666668
2021-03-28,U,171037,101679,272716,2021,3,6,2021,87,137705.0,111138.0,164565.0,155008.14285714287,150001.0
2021-03-29,W,316586,165113,481699,2021,3,0,2021,88,101679.0,164624.0,127246.0,153656.85714285713,147904.8
2021-03-30,W,324218,170588,494806,2021,3,1,2021,89,165113.0,159635.0,87008.0,153726.7142857143,149167.03333333333
2021-03-31,W,313521,168955,482476,2021,3,2,2021,90,170588.0,168422.0,149826.0,155291.42857142858,151953.03333333333
2021-04-01,W,330414,178267,508681,2021,4,3,2021,91,168955.0,168278.0,156140.0,155367.57142857142,152590.66666666666
2021-04-02,W,329144,180602,509746,2021,4,4,2021,92,178267.0,175255.0,163566.0,156794.57142857142,153328.23333333334
2021-04-03,A,258780,150786,409566,2021,4,5,2021,93,180602.0,137705.0,159889.0,157558.42857142858,153896.1
2021-04-04,U,178580,105039,283619,2021,4,6,2021,94,150786.0,101679.0,167771.0,159427.14285714287,153592.66666666666
2021-04-05,W,313426,166404,479830,2021,4,0,2021,95,105039.0,165113.0,124851.0,159907.14285714287,151501.6
2021-04-06,W,338664,181795,520459,2021,4,1,2021,96,166404.0,170588.0,95906.0,160091.57142857142,152886.7
2021-04-07,W,340512,181069,521581,2021,4,2,2021,97,181795.0,168955.0,159512.0,161692.57142857142,155749.66666666666
2021-04-08,W,302569,171140,473709,2021,4,3,2021,98,181069.0,178267.0,164868.0,163423.14285714287,156468.23333333334
2021-04-09,W,330542,186985,517527,2021,4,4,2021,99,171140.0,180602.0,161736.0,162405.0,156677.3
2021-04-10,A,212976,129831,342807,2021,4,5,2021,100,186985.0,150786.0,165057.0,163316.85714285713,157518.93333333332
2021-04-11,U,177686,105758,283444,2021,4,6,2021,101,129831.0,105039.0,172476.0,160323.2857142857,156344.73333333334
2021-04-12,W,326192,170290,496482,2021,4,0,2021,102,105758.0,166404.0,148004.0,160426.0,154120.8
2021-04-13,W,335197,179135,514332,2021,4,1,2021,103,170290.0,181795.0,97387.0,160981.14285714287,154863.66666666666
2021-04-14,W,320689,173838,494527,2021,4,2,2021,104,179135.0,181069.0,144990.0,160601.14285714287,157588.6
2021-04-15,W,321850,179206,501056,2021,4,3,2021,105,173838.0,171140.0,158171.0,159568.14285714287,158550.2
2021-04-16,W,334144,199086,533230,2021,4,4,2021,106,179206.0,186985.0,165207.0,160720.42857142858,159251.36666666667
2021-04-17,A,237265,155208,392473,2021,4,5,2021,107,199086.0,129831.0,160989.0,162449.14285714287,160380.66666666666
2021-04-18,U,177249,112596,289845,2021,4,6,2021,108,155208.0,105758.0,178106.0,166074.42857142858,160187.96666666667
2021-04-19,W,307407,165608,473015,2021,4,0,2021,109,112596.0,170290.0,141702.0,167051.2857142857,158004.3
2021-04-20,W,310048,170031,480079,2021,4,1,2021,110,165608.0,179135.0,111138.0,166382.42857142858,158801.16666666666
2021-04-21,W,313705,173325,487030,2021,4,2,2021,111,170031.0,173838.0,164624.0,165081.85714285713,160764.26666666666
2021-04-22,W,336610,187886,524496,2021,4,3,2021,112,173325.0,179206.0,159635.0,165008.57142857142,161054.3
2021-04-23,W,341811,203880,545691,2021,4,4,2021,113,187886.0,199086.0,168422.0,166248.57142857142,161996.0
2021-04-24,A,234939,149135,384074,2021,4,5,2021,114,203880.0,155208.0,168278.0,166933.42857142858,163177.93333333332
2021-04-25,U,175558,113050,288608,2021,4,6,2021,115,149135.0,112596.0,175255.0,166065.85714285713,162539.83333333334
2021-04-26,W,337128,176283,513411,2021,4,0,2021,116,113050.0,165608.0,137705.0,166130.7142857143,160466.33333333334
2021-04-27,W,352388,193712,546100,2021,4,1,2021,117,176283.0,170031.0,101679.0,167655.7142857143,161752.26666666666
2021-04-28,W,303689,172569,476258,2021,4,2,2021,118,193712.0,173325.0,165113.0,171038.7142857143,164820.03333333333
2021-04-29,W,327089,184416,511505,2021,4,3,2021,119,172569.0,187886.0,170588.0,170930.7142857143,165068.56666666668
2021-04-30,W,358329,207166,565495,2021,4,4,2021,120,184416.0,203880.0,168955.0,170435.0,165529.5
2021-05-01,A,266141,170503,436644,2021,5,5,2021,121,207166.0,149135.0,178267.0,170904.42857142858,166803.2
2021-05-02,U,195776,126355,322131,2021,5,6,2021,122,170503.0,113050.0,180602.0,173957.0,166544.4
2021-05-03,W,334667,174120,508787,2021,5,0,2021,123,126355.0,176283.0,150786.0,175857.7142857143,164736.16666666666
2021-05-04,W,330540,183621,514161,2021,5,1,2021,124,174120.0,193712.0,105039.0,175548.7142857143,165513.96666666667
2021-05-05,W,346837,193605,540442,2021,5,2,2021,125,183621.0,172569.0,166404.0,174107.14285714287,168133.36666666667
2021-05-06,W,322453,187545,509998,2021,5,3,2021,126,193605.0,184416.0,181795.0,177112.2857142857,169040.06666666668
2021-05-07,W,351011,212194,563205,2021,5,4,2021,127,187545.0,207166.0,181069.0,177559.2857142857,169231.73333333334
2021-05-08,A,255252,161702,416954,2021,5,5,2021,128,212194.0,170503.0,171140.0,178277.57142857142,170269.23333333334
2021-05-09,U,158199,108981,267180,2021,5,6,2021,129,161702.0,126355.0,186985.0,177020.2857142857,169954.63333333333
2021-05-10,W,317899,175820,493719,2021,5,0,2021,130,108981.0,174120.0,129831.0,174538.2857142857,167354.5
2021-05-11,W,338523,189589,528112,2021,5,1,2021,131,175820.0,183621.0,105758.0,174781.14285714287,168887.46666666667
2021-05-12,W,337223,193841,531064,2021,5,2,2021,132,189589.0,193605.0,170290.0,175633.7142857143,171681.83333333334
2021-05-13,W,347914,205589,553503,2021,5,3,2021,133,193841.0,187545.0,179135.0,175667.42857142858,172466.86666666667
2021-05-14,W,353950,222830,576780,2021,5,4,2021,134,205589.0,212194.0,173838.0,178245.14285714287,173348.66666666666
2021-05-15,A,234951,166559,401510,2021,5,5,2021,135,222830.0,161702.0,179206.0,179764.57142857142,174981.73333333334
2021-05-16,U,195939,137410,333349,2021,5,6,2021,136,166559.0,108981.0,199086.0,180458.42857142858,174560.16666666666
2021-05-17,W,333150,190203,523353,2021,5,0,2021,137,137410.0,175820.0,155208.0,184519.7142857143,172504.3
2021-05-18,W,338267,195305,533572,2021,5,1,2021,138,190203.0,189589.0,112596.0,186574.42857142858,173670.8
2021-05-19,W,331674,198718,530392,2021,5,2,2021,139,195305.0,193841.0,165608.0,187391.0,176427.76666666666
2021-05-20,W,350455,215181,565636,2021,5,3,2021,140,198718.0,205589.0,170031.0,188087.7142857143,177531.43333333332
2021-05-21,W,353721,226276,579997,2021,5,4,2021,141,215181.0,222830.0,173325.0,189458.0,179036.43333333332
2021-05-22,A,265066,188124,453190,2021,5,5,2021,142,226276.0,166559.0,187886.0,189950.2857142857,180801.46666666667
2021-05-23,U,184730,129720,314450,2021,5,6,2021,143,188124.0,137410.0,203880.0,193031.0,180809.4
2021-05-24,W,338290,196524,534814,2021,5,0,2021,144,129720.0,190203.0,149135.0,191932.42857142858,178337.4
2021-05-25,W,345371,205679,551050,2021,5,1,2021,145,196524.0,195305.0,113050.0,192835.42857142858,179917.03333333333
2021-05-26,W,349319,208470,557789,2021,5,2,2021,146,205679.0,198718.0,176283.0,194317.42857142858,183004.66666666666
2021-05-27,W,334991,208682,543673,2021,5,3,2021,147,208470.0,215181.0,193712.0,195710.57142857142,184077.56666666668
2021-05-28,W,313635,217115,530750,2021,5,4,2021,148,208682.0,226276.0,172569.0,194782.14285714287,184576.56666666668
2021-05-29,A,266944,208819,475763,2021,5,5,2021,149,217115.0,188124.0,184416.0,193473.42857142858,186061.43333333332
2021-05-30,U,209937,177745,387682,2021,5,6,2021,150,208819.0,129720.0,207166.0,196429.85714285713,186874.86666666667
2021-05-31,U,194901,147880,342781,2021,5,0,2021,151,177745.0,196524.0,170503.0,203290.57142857142,185894.16666666666
2021-06-01,W,349451,221402,570853,2021,6,1,2021,152,147880.0,205679.0,126355.0,196341.42857142858,185140.06666666668
2021-06-02,W,356620,222827,579447,2021,6,2,2021,153,221402.0,208470.0,174120.0,198587.57142857142,188308.3
2021-06-03,W,382161,231398,613559,2021,6,3,2021,154,222827.0,208682.0,183621.0,200638.57142857142,189931.86666666667
2021-06-04,W,374475,244454,618929,2021,6,4,2021,155,231398.0,217115.0,193605.0,203883.7142857143,191524.43333333332
2021-06-05,A,278036,199123,477159,2021,6,5,2021,156,244454.0,208819.0,187545.0,207789.2857142857,193219.4
2021-06-06,U,204309,148509,352818,2021,6,6,2021,157,199123.0,177745.0,212194.0,206404.14285714287,193605.33333333334
2021-06-07,W,343982,202767,546749,2021,6,0,2021,158,148509.0,147880.0,161702.0,202227.57142857142,191482.5
2021-06-08,W,366854,222841,589695,2021,6,1,2021,159,202767.0,221402.0,108981.0,210068.57142857142,192851.33333333334
2021-06-09,W,367755,231622,599377,2021,6,2,2021,160,222841.0,222827.0,175820.0,210274.14285714287,196646.66666666666
2021-06-10,W,374697,246542,621239,2021,6,3,2021,161,231622.0,231398.0,189589.0,211530.57142857142,198506.73333333334
2021-06-11,W,375533,271425,646958,2021,6,4,2021,162,246542.0,244454.0,193841.0,213694.0,200405.16666666666
2021-06-12,A,265224,224185,489409,2021,6,5,2021,163,271425.0,199123.0,205589.0,217547.0,202991.3
2021-06-13,U,219260,184714,403974,2021,6,6,2021,164,224185.0,148509.0,222830.0,221127.2857142857,203611.16666666666
2021-06-14,W,362267,227377,589644,2021,6,0,2021,165,184714.0,202767.0,166559.0,226299.42857142858,202340.63333333333
2021-06-15,W,372531,238872,611403,2021,6,1,2021,166,227377.0,222841.0,137410.0,229815.14285714287,204367.9
2021-06-16,W,374362,242785,617147,2021,6,2,2021,167,238872.0,231622.0,190203.0,232105.2857142857,207749.96666666667
2021-06-17,W,372186,247900,620086,2021,6,3,2021,168,242785.0,246542.0,195305.0,233700.0,209502.7
2021-06-18,W,362823,272803,635626,2021,6,4,2021,169,247900.0,271425.0,198718.0,233894.0,211255.86666666667
2021-06-19,A,276925,238075,515000,2021,6,5,2021,170,272803.0,224185.0,215181.0,234090.85714285713,213725.36666666667
2021-06-20,U,194025,158875,352900,2021,6,6,2021,171,238075.0,184714.0,226276.0,236075.14285714287,214488.5
2021-06-21,W,349781,237699,587480,2021,6,0,2021,172,158875.0,227377.0,188124.0,232383.85714285713,212241.8
2021-06-22,W,376511,256084,632595,2021,6,1,2021,173,237699.0,238872.0,129720.0,233858.42857142858,213894.3
2021-06-23,W,362682,239858,602540,2021,6,2,2021,174,256084.0,242785.0,196524.0,236317.2857142857,218106.43333333332
2021-06-24,W,345186,240440,585626,2021,6,3,2021,175,239858.0,247900.0,205679.0,235899.14285714287,219550.9
2021-06-25,W,343853,251904,595757,2021,6,4,2021,176,240440.0,272803.0,208470.0,234833.42857142858,220709.6
2021-06-26,A,232678,190791,423469,2021,6,5,2021,177,251904.0,238075.0,208682.0,231847.85714285713,222157.4
2021-06-27,U,219887,176898,396785,2021,6,6,2021,178,190791.0,158875.0,217115.0,225093.0,221561.03333333333
2021-06-28,W,337566,218776,556342,2021,6,0,2021,179,176898.0,237699.0,208819.0,227667.7142857143,220220.46666666667
2021-06-29,W,346254,229881,576135,2021,6,1,2021,180,218776.0,256084.0,177745.0,224964.42857142858,220552.36666666667
2021-06-30,W,356837,237763,594600,2021,6,2,2021,181,229881.0,239858.0,147880.0,221221.14285714287,222290.23333333334
2021-07-01,W,397781,257789,655570,2021,7,3,2021,182,237763.0,240440.0,221402.0,220921.85714285713,225286.33333333334
2021-07-02,W,389185,254956,644141,2021,7,4,2021,183,257789.0,251904.0,222827.0,223400.2857142857,226499.23333333334
2021-07-03,A,292341,215230,507571,2021,7,5,2021,184,254956.0,190791.0,231398.0,223836.2857142857,227570.2
2021-07-04,U,214496,167760,382256,2021,7,6,2021,185,215230.0,176898.0,244454.0,227327.57142857142,227031.26666666666
2021-07-05,U,237811,178415,416226,2021,7,0,2021,186,167760.0,218776.0,199123.0,226022.14285714287,224474.8
2021-07-06,W,378230,255296,633526,2021,7,1,2021,187,178415.0,229881.0,148509.0,220256.2857142857,223784.53333333333
2021-07-07,W,371601,261796,633397,2021,7,2,2021,188,255296.0,237763.0,202767.0,223887.0,227344.1
2021-07-08,W,375578,276819,652397,2021,7,3,2021,189,261796.0,257789.0,222841.0,227320.2857142857,229311.73333333334
2021-07-09,W,389894,302893,692787,2021,7,4,2021,190,276819.0,254956.0,231622.0,230038.85714285713,231111.0
2021-07-10,A,275612,238903,514515,2021,7,5,2021,191,302893.0,215230.0,246542.0,236887.0,233486.7
2021-07-11,U,189913,165360,355273,2021,7,6,2021,192,238903.0,167760.0,271425.0,240268.85714285713,233232.06666666668
2021-07-12,W,363268,237710,600978,2021,7,0,2021,193,165360.0,178415.0,224185.0,239926.0,229696.56666666668
2021-07-13,W,375230,250575,625805,2021,7,1,2021,194,237710.0,255296.0,184714.0,248396.7142857143,230147.4
2021-07-14,W,396163,262113,658276,2021,7,2,2021,195,250575.0,261796.0,227377.0,247722.2857142857,232342.76666666666
2021-07-15,W,374072,261351,635423,2021,7,3,2021,196,262113.0,276819.0,238872.0,247767.57142857142,233500.63333333333
2021-07-16,W,379552,280527,660079,2021,7,4,2021,197,261351.0,302893.0,242785.0,245557.85714285713,234249.93333333332
2021-07-17,A,296714,245066,541780,2021,7,5,2021,198,280527.0,238903.0,247900.0,242362.7142857143,235508.0
2021-07-18,U,226558,191007,417565,2021,7,6,2021,199,245066.0,165360.0,272803.0,243243.14285714287,235413.53333333333
2021-07-19,W,377772,248181,625953,2021,7,0,2021,200,191007.0,237710.0,238075.0,246907.0,232687.0
2021-07-20,W,390578,264471,655049,2021,7,1,2021,201,248181.0,250575.0,158875.0,248402.85714285713,233023.86666666667
2021-07-21,W,392548,274123,666671,2021,7,2,2021,202,264471.0,262113.0,237699.0,250388.0,236543.73333333334
2021-07-22,W,390531,275892,666423,2021,7,3,2021,203,274123.0,261351.0,256084.0,252103.7142857143,237757.86666666667
2021-07-23,W,386289,298869,685158,2021,7,4,2021,204,275892.0,280527.0,239858.0,254181.0,238418.13333333333
2021-07-24,A,280927,250014,530941,2021,7,5,2021,205,298869.0,245066.0,240440.0,256801.2857142857,240385.16666666666
2021-07-25,U,221645,198799,420444,2021,7,6,2021,206,250014.0,191007.0,251904.0,257508.14285714287,240704.3
2021-07-26,W,373206,260296,633502,2021,7,0,2021,207,198799.0,248181.0,190791.0,258621.2857142857,238934.13333333333
2021-07-27,W,387327,279049,666376,2021,7,1,2021,208,260296.0,264471.0,176898.0,260352.0,241250.96666666667
2021-07-28,W,390425,298392,688817,2021,7,2,2021,209,279049.0,274123.0,218776.0,262434.5714285714,244656.0
2021-07-29,W,394751,362106,756857,2021,7,3,2021,210,298392.0,275892.0,229881.0,265901.5714285714,247309.86666666667
2021-07-30,W,402364,362949,765313,2021,7,4,2021,211,362106.0,298869.0,237763.0,278217.85714285716,251717.36666666667
2021-07-31,A,292772,310759,603531,2021,7,5,2021,212,362949.0,250014.0,257789.0,287372.14285714284,255890.23333333334
2021-08-01,U,223161,244404,467565,2021,8,6,2021,213,310759.0,198799.0,254956.0,296050.0,257655.9
2021-08-02,W,374987,259408,634395,2021,8,0,2021,214,244404.0,260296.0,215230.0,302565.0,257304.16666666666
2021-08-03,W,407869,267547,675416,2021,8,1,2021,215,259408.0,279049.0,167760.0,302438.14285714284,258776.76666666666
2021-08-04,W,401665,271469,673134,2021,8,2,2021,216,267547.0,298392.0,178415.0,300795.0,262103.0
2021-08-05,W,401248,283716,684964,2021,8,3,2021,217,271469.0,362106.0,255296.0,296948.85714285716,265204.8
2021-08-06,W,387894,313936,701830,2021,8,4,2021,218,283716.0,362949.0,261796.0,285750.28571428574,266152.13333333336
2021-08-07,A,301542,275050,576592,2021,8,5,2021,219,313936.0,310759.0,276819.0,278748.4285714286,267890.13333333336
2021-08-08,U,223653,187344,410997,2021,8,6,2021,220,275050.0,244404.0,302893.0,273647.14285714284,267831.1666666667
2021-08-09,W,334547,240520,575067,2021,8,0,2021,221,187344.0,259408.0,238903.0,265495.71428571426,263979.5333333333
2021-08-10,W,372961,264354,637315,2021,8,1,2021,222,240520.0,267547.0,165360.0,262797.4285714286,264033.43333333335
2021-08-11,W,364185,258741,622926,2021,8,2,2021,223,264354.0,271469.0,237710.0,262341.28571428574,267333.23333333334
2021-08-12,W,381061,280760,661821,2021,8,3,2021,224,258741.0,283716.0,250575.0,260523.0,268034.26666666666
2021-08-13,W,396567,277082,673649,2021,8,4,2021,225,280760.0,313936.0,262113.0,260100.7142857143,269040.43333333335
2021-08-14,A,294345,252710,547055,2021,8,5,2021,226,277082.0,275050.0,261351.0,254835.85714285713,269539.4
2021-08-15,U,221156,205673,426829,2021,8,6,2021,227,252710.0,187344.0,280527.0,251644.42857142858,269251.36666666664
2021-08-16,W,371748,246824,618572,2021,8,0,2021,228,205673.0,240520.0,245066.0,254262.85714285713,266756.23333333334
2021-08-17,W,385106,259308,644414,2021,8,1,2021,229,246824.0,264354.0,191007.0,255163.42857142858,266814.8333333333
2021-08-18,W,387316,265679,652995,2021,8,2,2021,230,259308.0,258741.0,248181.0,254442.57142857142,269091.5333333333
2021-08-19,W,390171,274749,664920,2021,8,3,2021,231,265679.0,280760.0,264471.0,255433.7142857143,269674.8
2021-08-20,W,399149,298535,697684,2021,8,4,2021,232,274749.0,277082.0,274123.0,254575.0,270017.4
2021-08-21,A,282205,248705,530910,2021,8,5,2021,233,298535.0,252710.0,275892.0,257639.7142857143,270831.13333333336
2021-08-22,U,231270,202393,433663,2021,8,6,2021,234,248705.0,205673.0,298869.0,257067.57142857142,269924.9
2021-08-23,W,389873,263283,653156,2021,8,0,2021,235,202393.0,246824.0,250014.0,256599.0,266709.0333333333
2021-08-24,W,382748,259641,642389,2021,8,1,2021,236,263283.0,259308.0,198799.0,258950.2857142857,267151.3333333333
2021-08-25,W,398464,278830,677294,2021,8,2,2021,237,259641.0,265679.0,260296.0,258997.85714285713,269179.4
2021-08-26,W,417416,287640,705056,2021,8,3,2021,238,278830.0,274749.0,279049.0,260876.57142857142,269797.2
2021-08-27,W,411406,302286,713692,2021,8,4,2021,239,287640.0,298535.0,298392.0,262718.14285714284,270083.56666666665
2021-08-28,A,290939,232278,523217,2021,8,5,2021,240,302286.0,248705.0,362106.0,263254.0,270213.36666666664
2021-08-29,U,215493,180030,395523,2021,8,6,2021,241,232278.0,202393.0,362949.0,260907.2857142857,265885.76666666666
2021-08-30,W,452128,283312,735440,2021,8,0,2021,242,180030.0,263283.0,310759.0,257712.57142857142,259788.46666666667
2021-08-31,W,457408,294988,752396,2021,8,1,2021,243,283312.0,259641.0,244404.0,260573.85714285713,258873.56666666668
2021-09-01,W,483883,302972,786855,2021,9,2,2021,244,294988.0,278830.0,259408.0,265623.4285714286,260559.7
2021-09-02,W,466988,316474,783462,2021,9,3,2021,245,302972.0,287640.0,267547.0,269072.28571428574,262011.83333333334
2021-09-03,W,460822,332962,793784,2021,9,4,2021,246,316474.0,302286.0,271469.0,273191.4285714286,263642.73333333334
2021-09-04,A,288744,249857,538601,2021,9,5,2021,247,332962.0,232278.0,283716.0,277573.71428571426,265692.5
2021-09-05,U,238982,232104,471086,2021,9,6,2021,248,249857.0,180030.0,313936.0,280085.0,264563.86666666664
2021-09-06,U,231171,190360,421531,2021,9,0,2021,249,232104.0,283312.0,275050.0,287524.14285714284,261836.13333333333
2021-09-07,W,445989,291803,737792,2021,9,1,2021,250,190360.0,294988.0,187344.0,274245.28571428574,259013.13333333333
2021-09-08,W,480111,320091,800202,2021,9,2,2021,251,291803.0,302972.0,240520.0,273790.28571428574,262495.1
2021-09-09,W,471953,326271,798224,2021,9,3,2021,252,320091.0,316474.0,264354.0,276235.85714285716,265147.4666666667
2021-09-10,W,469400,355788,825188,2021,9,4,2021,253,326271.0,332962.0,258741.0,277635.4285714286,267211.36666666664
2021-09-11,A,292316,276714,569030,2021,9,5,2021,254,355788.0,249857.0,280760.0,280896.28571428574,270446.26666666666
2021-09-12,U,216327,206582,422909,2021,9,6,2021,255,276714.0,232104.0,277082.0,284733.0,270311.4
2021-09-13,W,450527,296554,747081,2021,9,0,2021,256,206582.0,190360.0,252710.0,281087.0,267961.4
2021-09-14,W,468812,311965,780777,2021,9,1,2021,257,296554.0,291803.0,205673.0,296257.5714285714,269422.86666666664
2021-09-15,W,472623,329295,801918,2021,9,2,2021,258,311965.0,320091.0,246824.0,299137.85714285716,272965.93333333335
2021-09-16,W,467659,365090,832749,2021,9,3,2021,259,329295.0,326271.0,259308.0,300452.71428571426,275714.9666666667
2021-09-17,W,469512,377373,846885,2021,9,4,2021,260,365090.0,355788.0,265679.0,305998.28571428574,279241.0333333333
2021-09-18,A,297188,295961,593149,2021,9,5,2021,261,377373.0,276714.0,274749.0,309081.85714285716,282964.1666666667
2021-09-19,U,221743,220835,442578,2021,9,6,2021,262,295961.0,206582.0,298535.0,311831.4285714286,283671.23333333334
2021-09-20,W,443252,298947,742199,2021,9,0,2021,263,220835.0,296554.0,248705.0,313867.5714285714,281081.23333333334
2021-09-21,W,452211,319330,771541,2021,9,1,2021,264,298947.0,311965.0,202393.0,314209.4285714286,282755.9666666667
2021-09-22,W,450883,322522,773405,2021,9,2,2021,265,319330.0,329295.0,263283.0,315261.5714285714,286653.86666666664
2021-09-23,W,464140,327671,791811,2021,9,3,2021,266,322522.0,365090.0,259641.0,314294.0,288628.5
2021-09-24,W,463710,365392,829102,2021,9,4,2021,267,327671.0,377373.0,278830.0,308948.4285714286,290896.1666666667
2021-09-25,A,300821,296621,597442,2021,9,5,2021,268,365392.0,295961.0,287640.0,307236.85714285716,293781.56666666665
2021-09-26,U,214958,195380,410338,2021,9,6,2021,269,296621.0,220835.0,302286.0,307331.14285714284,294080.93333333335
2021-09-27,W,458134,298532,756666,2021,9,0,2021,270,195380.0,298947.0,232278.0,303694.71428571426,290517.4
2021-09-28,W,474767,315354,790121,2021,9,1,2021,271,298532.0,319330.0,180030.0,303635.4285714286,292725.86666666664
2021-09-29,W,471319,323001,794320,2021,9,2,2021,272,315354.0,322522.0,283312.0,303067.4285714286,297236.6666666667
2021-09-30,W,469820,326450,796270,2021,9,3,2021,273,323001.0,327671.0,294988.0,303135.85714285716,298559.63333333336
2021-10-01,W,486451,343048,829499,2021,10,4,2021,274,326450.0,365392.0,302972.0,302961.4285714286,299608.36666666664
2021-10-02,A,283289,248678,531967,2021,10,5,2021,275,343048.0,296621.0,316474.0,299769.4285714286,300944.23333333334
2021-10-03,U,209009,188875,397884,2021,10,6,2021,276,248678.0,195380.0,332962.0,292920.4285714286,298684.36666666664
2021-10-04,W,453108,297717,750825,2021,10,0,2021,277,188875.0,298532.0,249857.0,291991.14285714284,293881.4666666667
2021-10-05,W,469691,317319,787010,2021,10,1,2021,278,297717.0,315354.0,232104.0,291874.71428571426,295476.8
2021-10-06,W,474666,317494,792160,2021,10,2,2021,279,317319.0,323001.0,190360.0,292155.4285714286,298317.3
2021-10-07,W,447936,323569,771505,2021,10,3,2021,280,317494.0,326450.0,291803.0,291368.71428571426,302555.1
2021-10-08,W,461163,348740,809903,2021,10,4,2021,281,323569.0,343048.0,320091.0,290957.14285714284,303613.9666666667
2021-10-09,A,301635,281790,583425,2021,10,5,2021,282,348740.0,248678.0,326271.0,291770.28571428574,304568.93333333335
2021-10-10,U,194232,312750,506982,2021,10,6,2021,283,281790.0,188875.0,355788.0,296500.5714285714,303086.23333333334
2021-10-11,W,335704,269043,604747,2021,10,0,2021,284,312750.0,297717.0,276714.0,314197.0,301651.63333333336
2021-10-12,W,469702,337547,807249,2021,10,1,2021,285,269043.0,317319.0,206582.0,310100.71428571426,301395.93333333335
2021-10-13,W,456836,323735,780571,2021,10,2,2021,286,337547.0,317494.0,296554.0,312990.4285714286,305761.43333333335
2021-10-14,W,466987,336464,803451,2021,10,3,2021,287,323735.0,323569.0,311965.0,313882.0,306667.4666666667
2021-10-15,W,456194,338278,794472,2021,10,4,2021,288,336464.0,348740.0,329295.0,315724.14285714284,307484.1
2021-10-16,A,301890,266017,567907,2021,10,5,2021,289,338278.0,281790.0,365090.0,314229.5714285714,307783.5333333333
2021-10-17,U,219929,196386,416315,2021,10,6,2021,290,266017.0,312750.0,377373.0,311976.28571428574,304481.1
2021-10-18,W,447658,303246,750904,2021,10,0,2021,291,196386.0,269043.0,295961.0,295352.85714285716,298448.2
2021-10-19,W,467179,323286,790465,2021,10,1,2021,292,303246.0,337547.0,220835.0,300239.0,298691.0333333333
2021-10-20,W,470815,323794,794609,2021,10,2,2021,293,323286.0,323735.0,298947.0,298201.71428571426,302106.06666666665
2021-10-21,W,449160,330258,779418,2021,10,3,2021,294,323794.0,336464.0,319330.0,298210.14285714284,302934.3
2021-10-22,W,446072,328904,774976,2021,10,4,2021,295,330258.0,338278.0,322522.0,297323.5714285714,303298.56666666665
2021-10-23,A,288871,244421,533292,2021,10,5,2021,296,328904.0,266017.0,327671.0,295984.4285714286,303511.3
2021-10-24,U,171424,144992,316416,2021,10,6,2021,297,244421.0,196386.0,365392.0,292899.28571428574,300736.3
2021-10-25,W,384314,270031,654345,2021,10,0,2021,298,144992.0,303246.0,296621.0,285557.28571428574,293389.63333333336
2021-10-26,W,476997,320974,797971,2021,10,1,2021,299,270031.0,323286.0,195380.0,280812.28571428574,292503.3
2021-10-27,W,475784,327121,802905,2021,10,2,2021,300,320974.0,323794.0,298532.0,280482.0,296689.76666666666
2021-10-28,W,447442,328865,776307,2021,10,3,2021,301,327121.0,330258.0,315354.0,280957.28571428574,297642.73333333334
2021-10-29,W,407815,307878,715693,2021,10,4,2021,302,328865.0,328904.0,323001.0,280758.28571428574,298093.1
2021-10-30,A,280283,244786,525069,2021,10,5,2021,303,307878.0,244421.0,326450.0,277754.5714285714,297589.0
2021-10-31,U,203393,183268,386661,2021,10,6,2021,304,244786.0,144992.0,343048.0,277806.71428571426,294866.86666666664
2021-11-01,W,452937,300996,753933,2021,11,0,2021,305,183268.0,270031.0,248678.0,283274.71428571426,289540.86666666664
2021-11-02,W,463908,319122,783030,2021,11,1,2021,306,300996.0,320974.0,188875.0,287698.28571428574,291284.8
2021-11-03,W,481029,327770,808799,2021,11,2,2021,307,319122.0,327121.0,297717.0,287433.71428571426,295626.36666666664
2021-11-04,W,463508,333562,797070,2021,11,3,2021,308,327770.0,328865.0,317319.0,287526.4285714286,296628.13333333336
2021-11-05,W,403870,312819,716689,2021,11,4,2021,309,333562.0,307878.0,317494.0,288197.4285714286,297169.56666666665
2021-11-06,A,279147,235533,514680,2021,11,5,2021,310,312819.0,244786.0,323569.0,288903.28571428574,297013.73333333334
2021-11-07,U,211114,177817,388931,2021,11,6,2021,311,235533.0,183268.0,348740.0,287581.4285714286,294079.2
2021-11-08,W,458387,305403,763790,2021,11,0,2021,312,177817.0,300996.0,281790.0,286802.71428571426,288381.76666666666
2021-11-09,W,465479,324645,790124,2021,11,1,2021,313,305403.0,319122.0,312750.0,287432.28571428574,289168.86666666664
2021-11-10,W,474682,332506,807188,2021,11,2,2021,314,324645.0,327770.0,269043.0,288221.28571428574,289565.36666666664
2021-11-11,W,349696,286823,636519,2021,11,3,2021,315,332506.0,333562.0,337547.0,288897.85714285716,291680.8
2021-11-12,W,381722,302454,684176,2021,11,4,2021,316,286823.0,312819.0,323735.0,282220.85714285716,289990.0
2021-11-13,A,263401,221836,485237,2021,11,5,2021,317,302454.0,235533.0,336464.0,280740.14285714284,289280.63333333336
2021-11-14,U,191694,153282,344976,2021,11,6,2021,318,221836.0,177817.0,338278.0,278783.4285714286,285459.7
2021-11-15,W,427781,292876,720657,2021,11,0,2021,319,153282.0,305403.0,266017.0,275278.4285714286,279293.1666666667
2021-11-16,W,463846,321135,784981,2021,11,1,2021,320,292876.0,324645.0,196386.0,273488.85714285716,280188.4666666667
2021-11-17,W,436216,311717,747933,2021,11,2,2021,321,321135.0,332506.0,303246.0,272987.4285714286,284346.76666666666
2021-11-18,W,413008,315161,728169,2021,11,3,2021,322,311717.0,286823.0,323286.0,270017.5714285714,284629.13333333336
2021-11-19,W,443247,337202,780449,2021,11,4,2021,323,315161.0,302454.0,323794.0,274065.85714285716,284358.3
2021-11-20,A,271655,276136,547791,2021,11,5,2021,324,337202.0,221836.0,330258.0,279029.85714285716,284805.23333333334
2021-11-21,U,214017,179537,393554,2021,11,6,2021,325,276136.0,153282.0,328904.0,286787.0,283001.1666666667
2021-11-22,W,428156,288075,716231,2021,11,0,2021,326,179537.0,292876.0,244421.0,290537.71428571426,278022.26666666666
2021-11-23,W,437577,300261,737838,2021,11,1,2021,327,288075.0,321135.0,144992.0,289851.85714285716,279477.4
2021-11-24,W,359261,257882,617143,2021,11,2,2021,328,300261.0,311717.0,270031.0,286869.85714285716,284653.0333333333
2021-11-25,U,136680,103108,239788,2021,11,3,2021,329,257882.0,315161.0,320974.0,279179.14285714284,284248.06666666665
2021-11-26,W,257700,189694,447394,2021,11,4,2021,330,103108.0,337202.0,327121.0,248885.85714285713,276985.86666666664
2021-11-27,A,237839,187065,424904,2021,11,5,2021,331,189694.0,276136.0,328865.0,227813.2857142857,272404.9666666667
2021-11-28,U,184817,147830,332647,2021,11,6,2021,332,187065.0,179537.0,307878.0,215088.85714285713,267678.3
2021-11-29,W,421322,276090,697412,2021,11,0,2021,333,147830.0,288075.0,244786.0,210559.2857142857,262343.36666666664
2021-11-30,W,450230,302349,752579,2021,11,1,2021,334,276090.0,300261.0,183268.0,208847.14285714287,263386.8333333333
